host_t,ms,pitch,roll,yaw,gx,gy,gz,ax,ay,az,kpa,ldeg,rdeg,ldps,rdps,cmd_l,cmd_r
1790077069.06029,131199.0,56.494,15.191,166.039,0.452,0.668,-2.151,-0.851,0.163,0.528,100.933,-36.228,34.2,0.0,0.0,0.0,0.0
1790077069.070912,131204.0,56.524,15.139,165.989,0.205,0.77,-2.206,-0.85,0.156,0.531,100.933,-36.228,34.188,-0.1,-0.1,0.0,0.0
1790077069.0709991,131209.0,56.539,15.111,165.962,0.095,0.831,-2.168,-0.85,0.152,0.533,100.933,-36.216,34.2,0.1,0.0,0.0,0.0
1790077069.0763881,131215.0,56.539,15.111,165.962,0.095,0.831,-2.168,-0.85,0.152,0.533,100.933,-36.228,34.188,-0.2,-0.1,0.0,0.0
1790077069.088685,131220.0,56.553,15.081,165.935,0.011,0.873,-2.135,-0.851,0.15,0.535,100.933,-36.228,34.2,0.0,0.1,0.0,0.0
1790077069.088778,131226.0,56.584,15.019,165.879,-0.113,1.008,-2.086,-0.853,0.144,0.538,100.933,-36.228,34.188,0.0,0.0,0.0,0.0
1790077069.093785,131232.0,56.599,14.986,165.851,-0.188,1.035,-2.043,-0.854,0.142,0.538,100.933,-36.216,34.2,0.2,0.0,0.0,0.0
1790077069.100672,131238.0,56.615,14.952,165.822,-0.3,1.067,-1.965,-0.855,0.14,0.539,100.933,-36.228,34.2,-0.1,0.1,0.0,0.0
1790077069.105943,131244.0,56.647,14.885,165.766,-0.426,1.171,-1.742,-0.858,0.135,0.539,100.933,-36.216,34.2,0.0,0.1,0.0,0.0
1790077069.111001,131249.0,56.664,14.851,165.739,-0.46,1.185,-1.602,-0.859,0.133,0.54,100.933,-36.228,34.188,0.0,-0.2,0.0,0.0
1790077069.1214468,131255.0,56.68,14.817,165.713,-0.491,1.24,-1.455,-0.86,0.131,0.54,100.933,-36.216,34.2,0.0,0.1,0.0,0.0
1790077069.122356,131261.0,56.696,14.784,165.687,-0.528,1.301,-1.299,-0.861,0.128,0.541,100.933,-36.228,34.188,0.0,-0.2,0.0,0.0
1790077069.127361,131266.0,56.713,14.751,165.663,-0.517,1.377,-1.123,-0.861,0.126,0.541,100.933,-36.228,34.2,-0.1,0.0,0.0,0.0
1790077069.162752,131271.0,56.73,14.719,165.64,-0.481,1.455,-0.92,-0.862,0.124,0.541,100.933,-36.216,34.188,0.0,0.0,0.0,0.0
1790077069.162857,131277.0,56.747,14.689,165.618,-0.471,1.499,-0.705,-0.862,0.122,0.541,100.932,-36.228,34.2,-0.1,0.0,0.0,0.0
1790077069.162892,131283.0,56.763,14.659,165.598,-0.46,1.551,-0.501,-0.862,0.121,0.541,100.932,-36.228,34.2,0.0,0.0,0.0,0.0
1790077069.1629162,131289.0,56.797,14.605,165.563,-0.451,1.677,-0.101,-0.863,0.12,0.541,100.932,-36.228,34.2,-0.1,0.1,0.0,0.0
1790077069.1629372,131295.0,56.814,14.581,165.549,-0.443,1.677,0.11,-0.864,0.12,0.54,100.932,-36.228,34.188,0.0,-0.2,0.0,0.0
1790077069.1629581,131300.0,56.831,14.558,165.537,-0.457,1.663,0.304,-0.865,0.12,0.54,100.932,-36.216,34.2,0.0,0.0,0.0,0.0
1790077069.1675022,131305.0,56.847,14.537,165.526,-0.467,1.651,0.496,-0.867,0.12,0.54,100.932,-36.216,34.2,0.1,0.0,0.0,0.0
1790077069.172396,131311.0,56.864,14.517,165.517,-0.434,1.651,0.666,-0.868,0.12,0.539,100.932,-36.228,34.2,-0.1,0.2,0.0,0.0
1790077069.177943,131316.0,56.88,14.499,165.509,-0.378,1.671,0.802,-0.869,0.12,0.539,100.932,-36.216,34.2,0.1,0.0,0.0,0.0
1790077069.187497,131322.0,56.896,14.482,165.502,-0.338,1.661,0.948,-0.87,0.12,0.539,100.932,-36.228,34.188,-0.2,-0.3,0.0,0.0
1790077069.189446,131328.0,56.912,14.466,165.497,-0.313,1.658,1.096,-0.87,0.121,0.539,100.932,-36.228,34.188,0.0,-0.1,0.0,0.0
1790077069.1957262,131334.0,56.928,14.452,165.494,-0.294,1.661,1.231,-0.871,0.121,0.539,100.932,-36.228,34.2,-0.1,0.4,0.0,0.0
1790077069.2044091,131339.0,56.96,14.427,165.491,-0.243,1.584,1.534,-0.874,0.122,0.539,100.933,-36.228,34.188,-0.1,-0.2,0.0,0.0
1790077069.2070599,131345.0,56.975,14.417,165.491,-0.223,1.536,1.68,-0.876,0.122,0.538,100.933,-36.216,34.2,0.1,0.1,0.0,0.0
1790077069.2114491,131350.0,56.99,14.408,165.493,-0.202,1.477,1.807,-0.878,0.123,0.538,100.933,-36.228,34.2,0.0,0.1,0.0,0.0
1790077069.219123,131356.0,57.005,14.401,165.497,-0.148,1.425,1.937,-0.879,0.123,0.537,100.933,-36.228,34.188,0.0,-0.2,0.0,0.0
1790077069.222445,131361.0,57.019,14.395,165.501,-0.074,1.358,2.068,-0.881,0.123,0.537,100.933,-36.228,34.188,0.1,-0.1,0.0,0.0
1790077069.22869,131367.0,57.034,14.39,165.506,0.002,1.262,2.185,-0.883,0.124,0.536,100.933,-36.228,34.188,0.0,0.0,0.0,0.0
1790077069.2364402,131373.0,57.047,14.387,165.513,0.082,1.159,2.298,-0.884,0.124,0.536,100.933,-36.228,34.2,-0.2,0.0,0.0,0.0
1790077069.239834,131378.0,57.06,14.384,165.52,0.131,1.036,2.438,-0.884,0.123,0.536,100.933,-36.216,34.2,0.2,0.1,0.0,0.0
1790077069.245766,131384.0,57.084,14.381,165.536,0.215,0.896,2.638,-0.884,0.123,0.537,100.933,-36.228,34.2,0.0,0.2,0.0,0.0
1790077069.2578099,131389.0,57.095,14.381,165.545,0.271,0.786,2.715,-0.883,0.123,0.538,100.933,-36.228,34.2,0.0,0.2,0.0,0.0
1790077069.257953,131395.0,57.105,14.381,165.555,0.322,0.707,2.801,-0.882,0.124,0.538,100.932,-36.228,34.188,-0.2,-0.2,0.0,0.0
1790077069.2622468,131401.0,57.115,14.382,165.565,0.345,0.67,2.859,-0.881,0.125,0.538,100.932,-36.228,34.188,-0.3,-0.1,0.0,0.0
1790077069.268107,131406.0,57.124,14.384,165.576,0.365,0.623,2.886,-0.88,0.125,0.538,100.932,-36.216,34.2,0.2,0.1,0.0,0.0
1790077069.2736268,131412.0,57.133,14.386,165.587,0.411,0.555,2.898,-0.878,0.126,0.537,100.932,-36.228,34.2,-0.2,0.2,0.0,0.0
1790077069.278857,131417.0,57.141,14.389,165.597,0.459,0.482,2.911,-0.877,0.126,0.536,100.932,-36.228,34.188,0.0,-0.1,0.0,0.0
1790077069.28571,131423.0,57.149,14.392,165.609,0.548,0.395,2.939,-0.876,0.126,0.534,100.932,-36.228,34.2,0.0,0.0,0.0,0.0
1790077069.2921522,131428.0,57.157,14.396,165.62,0.623,0.316,2.981,-0.876,0.125,0.532,100.932,-36.228,34.2,0.0,0.0,0.0,0.0
1790077069.2953641,131434.0,57.172,14.404,165.643,0.775,0.116,3.066,-0.875,0.124,0.53,100.932,-36.228,34.188,0.0,0.0,0.0,0.0
1790077069.3012831,131440.0,57.178,14.409,165.654,0.863,-0.016,3.107,-0.874,0.123,0.53,100.932,-36.216,34.2,0.3,0.0,0.0,0.0
1790077069.308149,131446.0,57.185,14.413,165.665,0.924,-0.115,3.133,-0.873,0.123,0.529,100.932,-36.228,34.2,-0.2,0.1,0.0,0.0
1790077069.31978,131452.0,57.19,14.418,165.676,0.964,-0.222,3.189,-0.873,0.122,0.528,100.932,-36.228,34.2,0.0,0.0,0.0,0.0
1790077069.319873,131457.0,57.195,14.423,165.687,1.0,-0.337,3.237,-0.872,0.122,0.528,100.932,-36.228,34.2,0.0,0.0,0.0,0.0
1790077069.323978,131462.0,57.199,14.429,165.698,1.032,-0.434,3.263,-0.87,0.122,0.527,100.932,-36.216,34.188,0.2,-0.1,0.0,0.0
1790077069.329419,131468.0,57.203,14.434,165.709,1.073,-0.515,3.297,-0.869,0.121,0.527,100.932,-36.228,34.188,0.0,0.0,0.0,0.0
1790077069.334461,131473.0,57.206,14.439,165.72,1.115,-0.621,3.331,-0.869,0.121,0.526,100.932,-36.228,34.2,0.0,0.0,0.0,0.0
1790077069.340096,131478.0,57.209,14.445,165.731,1.194,-0.723,3.36,-0.868,0.12,0.526,100.932,-36.216,34.188,0.0,0.0,0.0,0.0
1790077069.345579,131484.0,57.213,14.458,165.753,1.331,-0.867,3.463,-0.866,0.12,0.526,100.932,-36.228,34.2,0.0,0.0,0.0,0.0
1790077069.354548,131489.0,57.214,14.465,165.765,1.375,-0.933,3.492,-0.865,0.12,0.526,100.932,-36.216,34.2,0.0,0.0,0.0,0.0
1790077069.3559968,131494.0,57.215,14.473,165.776,1.447,-0.983,3.512,-0.864,0.12,0.527,100.932,-36.228,34.188,0.0,-0.1,0.0,0.0
1790077069.361331,131500.0,57.215,14.48,165.788,1.488,-1.049,3.541,-0.863,0.12,0.527,100.932,-36.228,34.188,-0.2,0.0,0.0,0.0
1790077069.368097,131506.0,57.215,14.488,165.8,1.522,-1.128,3.6,-0.862,0.12,0.526,100.932,-36.228,34.2,-0.2,0.2,0.0,0.0
1790077069.3753679,131512.0,57.215,14.497,165.811,1.606,-1.205,3.666,-0.862,0.119,0.526,100.932,-36.216,34.188,0.2,0.0,0.0,0.0
1790077069.379324,131518.0,57.214,14.506,165.824,1.694,-1.215,3.735,-0.861,0.118,0.526,100.933,-36.228,34.2,-0.1,0.3,0.0,0.0
1790077069.387292,131524.0,57.212,14.525,165.849,1.876,-1.326,3.843,-0.861,0.117,0.525,100.933,-36.216,34.188,0.2,-0.1,0.0,0.0
1790077069.390375,131529.0,57.212,14.525,165.849,1.876,-1.326,3.843,-0.861,0.117,0.525,100.933,-36.228,34.188,0.0,0.0,0.0,0.0
1790077069.396729,131535.0,57.208,14.547,165.875,1.985,-1.525,3.926,-0.862,0.118,0.523,100.933,-36.228,34.2,-0.2,0.0,0.0,0.0
1790077069.402603,131541.0,57.206,14.56,165.889,2.028,-1.679,4.001,-0.863,0.119,0.522,100.933,-36.216,34.2,0.3,0.0,0.0,0.0
1790077069.408109,131546.0,57.203,14.573,165.903,2.051,-1.853,4.041,-0.864,0.121,0.52,100.933,-36.216,34.2,0.0,0.0,0.0,0.0
1790077069.4136992,131552.0,57.2,14.587,165.918,2.039,-2.031,4.059,-0.865,0.123,0.518,100.933,-36.228,34.188,0.0,-0.1,0.0,0.0
1790077069.422195,131557.0,57.196,14.602,165.934,2.032,-2.196,4.095,-0.865,0.125,0.517,100.933,-36.228,34.188,0.0,-0.1,0.0,0.0
1790077069.424911,131563.0,57.191,14.617,165.951,1.994,-2.364,4.102,-0.865,0.128,0.515,100.933,-36.228,34.2,-0.1,0.2,0.0,0.0
1790077069.430562,131569.0,57.179,14.648,165.985,1.893,-2.683,4.086,-0.863,0.131,0.514,100.933,-36.228,34.188,-0.1,-0.2,0.0,0.0
1790077069.435762,131574.0,57.172,14.664,166.001,1.845,-2.851,4.064,-0.862,0.132,0.514,100.933,-36.228,34.2,0.0,0.0,0.0,0.0
1790077069.441637,131580.0,57.164,14.679,166.018,1.77,-3.006,4.043,-0.861,0.134,0.513,100.933,-36.228,34.2,-0.1,0.1,0.0,0.0
1790077069.4554,131586.0,57.155,14.693,166.034,1.654,-3.158,4.024,-0.859,0.135,0.513,100.933,-36.216,34.188,0.1,-0.2,0.0,0.0
1790077069.456225,131592.0,57.145,14.706,166.05,1.507,-3.32,3.975,-0.858,0.135,0.513,100.933,-36.228,34.2,-0.1,0.1,0.0,0.0
1790077069.459239,131597.0,57.135,14.719,166.065,1.373,-3.48,3.928,-0.857,0.137,0.512,100.933,-36.228,34.188,0.0,0.0,0.0,0.0
1790077069.4643111,131603.0,57.124,14.731,166.081,1.254,-3.608,3.891,-0.856,0.139,0.511,100.933,-36.228,34.188,0.0,-0.3,0.0,0.0
1790077069.474642,131608.0,57.113,14.742,166.096,1.131,-3.742,3.801,-0.855,0.141,0.51,100.933,-36.228,34.188,0.0,0.0,0.0,0.0
1790077069.4747121,131613.0,57.1,14.753,166.11,1.014,-3.885,3.688,-0.854,0.143,0.51,100.933,-36.228,34.188,0.0,0.1,0.0,0.0
1790077069.480273,131619.0,57.088,14.763,166.124,0.866,-3.988,3.574,-0.854,0.146,0.51,100.933,-36.228,34.188,0.0,0.0,0.0,0.0
1790077069.4854321,131624.0,57.061,14.78,166.151,0.564,-4.225,3.311,-0.853,0.151,0.51,100.933,-36.228,34.188,0.0,0.0,0.0,0.0
1790077069.490769,131629.0,57.046,14.787,166.163,0.449,-4.371,3.121,-0.853,0.153,0.511,100.933,-36.216,34.2,0.1,0.1,0.0,0.0
1790077069.495828,131634.0,57.032,14.791,166.172,0.333,-4.473,2.898,-0.852,0.154,0.512,100.933,-36.216,34.2,0.0,0.0,0.0,0.0
1790077069.504282,131640.0,57.032,14.791,166.172,0.333,-4.473,2.898,-0.852,0.154,0.512,100.933,-36.228,34.2,-0.1,0.2,0.0,0.0
1790077069.506332,131645.0,57.0,14.793,166.185,0.222,-4.634,2.525,-0.849,0.154,0.514,100.933,-36.228,34.2,0.0,0.1,0.0,0.0
1790077069.511286,131650.0,56.984,14.791,166.189,0.167,-4.682,2.336,-0.847,0.154,0.516,100.933,-36.216,34.2,0.2,0.0,0.0,0.0
1790077069.536097,131656.0,56.968,14.787,166.19,0.124,-4.671,2.139,-0.846,0.153,0.517,100.933,-36.228,34.2,0.0,0.0,0.0,0.0
1790077069.5363011,131661.0,56.952,14.781,166.189,0.086,-4.634,1.956,-0.844,0.152,0.519,100.933,-36.228,34.188,0.0,-0.2,0.0,0.0
1790077069.536339,131667.0,56.935,14.773,166.186,0.065,-4.603,1.768,-0.843,0.151,0.521,100.933,-36.228,34.188,-0.1,0.0,0.0,0.0
1790077069.536361,131673.0,56.919,14.763,166.181,0.088,-4.565,1.569,-0.842,0.15,0.523,100.933,-36.228,34.188,0.0,-0.1,0.0,0.0
1790077069.5423942,131679.0,56.903,14.752,166.174,0.122,-4.554,1.38,-0.841,0.15,0.525,100.933,-36.228,34.2,0.0,0.2,0.0,0.0
1790077069.545418,131684.0,56.87,14.725,166.155,0.19,-4.475,0.994,-0.839,0.15,0.528,100.933,-36.228,34.2,-0.1,0.1,0.0,0.0
1790077069.550998,131689.0,56.854,14.71,166.144,0.251,-4.342,0.821,-0.837,0.15,0.53,100.933,-36.228,34.2,-0.3,0.0,0.0,0.0
1790077069.5565078,131695.0,56.839,14.695,166.131,0.33,-4.186,0.676,-0.836,0.15,0.53,100.933,-36.228,34.2,0.0,0.0,0.0,0.0
1790077069.561548,131700.0,56.839,14.695,166.131,0.33,-4.186,0.676,-0.836,0.15,0.53,100.933,-36.228,34.188,0.0,-0.1,0.0,0.0
1790077069.575305,131706.0,56.811,14.662,166.103,0.434,-3.866,0.316,-0.832,0.15,0.532,100.933,-36.216,34.2,0.2,0.2,0.0,0.0
1790077069.575436,131711.0,56.798,14.645,166.087,0.471,-3.699,0.099,-0.83,0.151,0.532,100.933,-36.228,34.188,-0.1,-0.2,0.0,0.0
1790077069.579167,131718.0,56.785,14.626,166.069,0.507,-3.565,-0.117,-0.828,0.151,0.532,100.933,-36.216,34.2,0.2,0.1,0.0,0.0
1790077069.590573,131723.0,56.774,14.607,166.05,0.557,-3.417,-0.309,-0.827,0.15,0.532,100.933,-36.228,34.188,0.0,0.0,0.0,0.0
1790077069.590773,131729.0,56.755,14.565,166.008,0.742,-3.075,-0.668,-0.827,0.149,0.533,100.933,-36.228,34.2,0.0,0.0,0.0,0.0
1790077069.595346,131734.0,56.755,14.565,166.008,0.742,-3.075,-0.668,-0.827,0.149,0.533,100.933,-36.216,34.188,0.1,0.0,0.0,0.0
1790077069.600988,131739.0,56.738,14.521,165.961,0.885,-2.843,-0.936,-0.828,0.148,0.534,100.933,-36.216,34.2,0.1,0.0,0.0,0.0
1790077069.606421,131745.0,56.731,14.498,165.936,0.961,-2.86,-1.048,-0.829,0.147,0.534,100.933,-36.228,34.2,0.0,0.1,0.0,0.0
1790077069.612136,131750.0,56.723,14.475,165.909,1.063,-2.863,-1.129,-0.83,0.147,0.535,100.933,-36.216,34.188,0.1,-0.1,0.0,0.0
1790077069.620669,131756.0,56.717,14.452,165.883,1.153,-2.741,-1.216,-0.831,0.146,0.535,100.933,-36.228,34.188,0.0,-0.1,0.0,0.0
1790077069.6223109,131761.0,56.711,14.428,165.855,1.238,-2.61,-1.334,-0.832,0.146,0.534,100.932,-36.228,34.188,0.0,0.0,0.0,0.0
1790077069.646215,131766.0,56.706,14.405,165.827,1.333,-2.493,-1.425,-0.833,0.145,0.534,100.932,-36.228,34.188,0.0,0.0,0.0,0.0
1790077069.646292,131772.0,56.702,14.381,165.799,1.414,-2.42,-1.462,-0.835,0.145,0.534,100.932,-36.228,34.2,-0.1,0.0,0.0,0.0
1790077069.6463208,131777.0,56.699,14.359,165.771,1.482,-2.361,-1.477,-0.836,0.145,0.533,100.932,-36.228,34.2,0.0,0.2,0.0,0.0
1790077069.646343,131783.0,56.696,14.336,165.743,1.552,-2.354,-1.488,-0.838,0.144,0.532,100.932,-36.216,34.188,0.2,0.0,0.0,0.0
1790077069.6502259,131788.0,56.693,14.314,165.714,1.594,-2.388,-1.487,-0.839,0.144,0.531,100.932,-36.216,34.188,0.1,0.0,0.0,0.0
1790077069.729986,131794.0,56.689,14.269,165.658,1.692,-2.395,-1.474,-0.842,0.142,0.53,100.932,-36.216,34.2,0.0,0.3,0.0,0.0
1790077069.7327611,131799.0,56.687,14.247,165.629,1.739,-2.404,-1.458,-0.843,0.141,0.529,100.932,-36.228,34.188,-0.3,-0.1,0.0,0.0
1790077069.735338,131805.0,56.685,14.225,165.601,1.786,-2.438,-1.413,-0.844,0.14,0.529,100.932,-36.228,34.188,0.0,-0.1,0.0,0.0
1790077069.737055,131811.0,56.683,14.204,165.573,1.834,-2.481,-1.348,-0.845,0.139,0.529,100.932,-36.228,34.2,0.0,0.3,0.0,0.0
1790077069.737175,131816.0,56.681,14.183,165.545,1.947,-2.554,-1.23,-0.845,0.138,0.528,100.932,-36.228,34.2,-0.1,0.0,0.0,0.0
1790077069.7372081,131821.0,56.678,14.164,165.518,2.061,-2.628,-1.11,-0.846,0.138,0.528,100.932,-36.228,34.188,0.0,-0.3,0.0,0.0
1790077069.7372339,131827.0,56.675,14.145,165.492,2.143,-2.691,-1.017,-0.847,0.137,0.529,100.932,-36.228,34.2,0.1,0.0,0.0,0.0
1790077069.7372549,131833.0,56.672,14.127,165.466,2.223,-2.782,-0.919,-0.847,0.136,0.529,100.932,-36.216,34.2,0.2,0.0,0.0,0.0
1790077069.737275,131839.0,56.663,14.093,165.415,2.339,-2.867,-0.746,-0.848,0.135,0.53,100.932,-36.228,34.188,0.0,-0.1,0.0,0.0
1790077069.7374039,131844.0,56.659,14.077,165.391,2.402,-2.889,-0.648,-0.847,0.135,0.532,100.932,-36.228,34.2,-0.4,0.1,0.0,0.0
1790077069.7374651,131850.0,56.653,14.062,165.367,2.467,-2.937,-0.567,-0.847,0.135,0.533,100.932,-36.216,34.2,0.3,0.2,0.0,0.0
1790077069.737503,131855.0,56.648,14.048,165.344,2.543,-2.961,-0.512,-0.847,0.135,0.535,100.932,-36.216,34.188,0.1,-0.1,0.0,0.0
1790077069.737569,131861.0,56.641,14.035,165.322,2.655,-2.945,-0.442,-0.847,0.135,0.537,100.932,-36.228,34.2,-0.1,0.1,0.0,0.0
1790077069.7376158,131866.0,56.635,14.023,165.3,2.8,-2.891,-0.35,-0.846,0.135,0.538,100.932,-36.228,34.2,0.0,0.0,0.0,0.0
1790077069.737643,131871.0,56.628,14.012,165.279,2.906,-2.83,-0.274,-0.845,0.134,0.54,100.932,-36.228,34.2,-0.2,0.0,0.0,0.0
1790077069.7390919,131877.0,56.622,14.001,165.258,3.02,-2.799,-0.226,-0.844,0.134,0.541,100.932,-36.228,34.2,0.0,0.2,0.0,0.0
1790077069.7737951,131883.0,56.615,13.992,165.237,3.159,-2.73,-0.17,-0.843,0.133,0.542,100.932,-36.228,34.188,-0.1,-0.2,0.0,0.0
1790077069.776609,131888.0,56.608,13.984,165.217,3.283,-2.614,-0.101,-0.843,0.133,0.544,100.932,-36.228,34.2,-0.1,0.1,0.0,0.0
1790077069.7768269,131894.0,56.596,13.969,165.178,3.476,-2.378,0.006,-0.841,0.132,0.545,100.932,-36.228,34.188,0.1,-0.2,0.0,0.0
1790077069.776874,131900.0,56.591,13.964,165.16,3.609,-2.227,0.058,-0.841,0.131,0.545,100.932,-36.228,34.188,0.0,-0.2,0.0,0.0
1790077069.776902,131905.0,56.586,13.96,165.142,3.766,-2.147,0.122,-0.841,0.131,0.545,100.932,-36.228,34.2,0.0,0.3,0.0,0.0
1790077069.776924,131911.0,56.582,13.957,165.125,3.888,-2.045,0.209,-0.841,0.131,0.545,100.932,-36.216,34.188,0.1,0.0,0.0,0.0
1790077069.778534,131916.0,56.578,13.955,165.11,3.997,-1.913,0.3,-0.841,0.131,0.545,100.932,-36.216,34.2,0.1,0.1,0.0,0.0
1790077069.7921169,131921.0,56.574,13.956,165.095,4.081,-1.824,0.365,-0.841,0.131,0.544,100.932,-36.216,34.2,0.0,0.1,0.0,0.0
1790077069.7924259,131927.0,56.571,13.957,165.082,4.146,-1.742,0.437,-0.842,0.132,0.544,100.932,-36.228,34.188,-0.2,-0.1,0.0,0.0
1790077069.795465,131932.0,56.569,13.96,165.069,4.24,-1.648,0.515,-0.843,0.133,0.543,100.932,-36.228,34.188,0.0,0.0,0.0,0.0
1790077069.809387,131938.0,56.567,13.965,165.058,4.36,-1.548,0.586,-0.844,0.134,0.542,100.932,-36.228,34.2,0.0,0.0,0.0,0.0
1790077069.809472,131943.0,56.566,13.971,165.049,4.453,-1.451,0.685,-0.845,0.134,0.542,100.932,-36.216,34.2,0.1,0.0,0.0,0.0
1790077069.811481,131949.0,56.565,13.989,165.034,4.605,-1.307,0.904,-0.847,0.136,0.542,100.932,-36.228,34.2,0.0,0.0,0.0,0.0
1790077069.8202481,131955.0,56.564,13.999,165.027,4.652,-1.309,0.969,-0.848,0.136,0.541,100.932,-36.228,34.2,-0.1,0.2,0.0,0.0
1790077069.822658,131961.0,56.564,14.011,165.022,4.705,-1.279,1.061,-0.849,0.136,0.541,100.932,-36.228,34.188,0.0,-0.3,0.0,0.0
1790077069.828552,131966.0,56.564,14.024,165.018,4.75,-1.208,1.149,-0.85,0.137,0.541,100.932,-36.228,34.188,0.0,0.0,0.0,0.0
1790077069.834352,131972.0,56.564,14.037,165.014,4.789,-1.131,1.233,-0.849,0.136,0.542,100.932,-36.228,34.2,0.0,0.1,0.0,0.0
1790077069.8386261,131977.0,56.565,14.051,165.011,4.842,-1.05,1.321,-0.849,0.136,0.542,100.932,-36.216,34.2,0.1,0.0,0.0,0.0
1790077069.8442838,131983.0,56.565,14.066,165.009,4.883,-0.999,1.394,-0.849,0.135,0.542,100.932,-36.228,34.188,-0.1,-0.1,0.0,0.0
1790077069.887933,131988.0,56.566,14.081,165.007,4.909,-0.974,1.462,-0.848,0.135,0.542,100.932,-36.228,34.188,-0.1,0.0,0.0,0.0
1790077069.888017,131994.0,56.567,14.113,165.005,4.994,-0.852,1.615,-0.847,0.135,0.542,100.932,-36.228,34.188,0.0,-0.2,0.0,0.0
1790077069.888046,131999.0,56.568,14.131,165.005,5.018,-0.832,1.666,-0.847,0.135,0.542,100.932,-36.216,34.2,0.1,0.2,0.0,0.0
1790077069.8880692,132005.0,56.569,14.149,165.006,5.06,-0.808,1.711,-0.846,0.136,0.541,100.932,-36.216,34.2,0.2,0.1,0.0,0.0
1790077069.8880908,132011.0,56.57,14.168,165.007,5.082,-0.733,1.765,-0.845,0.136,0.54,100.932,-36.216,34.2,0.1,0.0,0.0,0.0
1790077069.888211,132017.0,56.572,14.188,165.01,5.045,-0.656,1.82,-0.844,0.137,0.538,100.932,-36.228,34.188,-0.1,0.0,0.0,0.0
1790077069.888355,132023.0,56.574,14.208,165.013,5.037,-0.62,1.858,-0.844,0.137,0.537,100.932,-36.228,34.2,0.0,0.1,0.0,0.0
1790077069.890883,132029.0,56.577,14.251,165.021,5.022,-0.63,1.908,-0.842,0.14,0.535,100.932,-36.228,34.188,-0.1,0.0,0.0,0.0
1790077069.924924,132035.0,56.579,14.273,165.027,4.993,-0.609,1.913,-0.843,0.141,0.534,100.932,-36.216,34.2,0.2,0.0,0.0,0.0
1790077069.9250822,132040.0,56.582,14.296,165.032,4.928,-0.577,1.911,-0.842,0.143,0.533,100.932,-36.228,34.188,0.0,-0.2,0.0,0.0
1790077069.925117,132046.0,56.584,14.319,165.038,4.845,-0.551,1.905,-0.842,0.144,0.533,100.932,-36.216,34.2,0.1,0.2,0.0,0.0
1790077069.925141,132051.0,56.587,14.342,165.045,4.794,-0.536,1.899,-0.842,0.146,0.533,100.932,-36.228,34.188,-0.1,-0.1,0.0,0.0
1790077069.925161,132057.0,56.589,14.365,165.052,4.733,-0.513,1.875,-0.842,0.148,0.533,100.932,-36.228,34.188,0.0,0.0,0.0,0.0
1790077069.9252338,132063.0,56.591,14.388,165.059,4.657,-0.495,1.837,-0.841,0.149,0.534,100.932,-36.228,34.188,0.0,0.0,0.0,0.0
1790077069.930153,132068.0,56.594,14.41,165.065,4.587,-0.464,1.788,-0.84,0.149,0.534,100.933,-36.228,34.2,-0.3,0.1,0.0,0.0
1790077069.93536,132074.0,56.598,14.452,165.077,4.397,-0.412,1.66,-0.839,0.149,0.535,100.933,-36.228,34.188,0.0,-0.1,0.0,0.0
1790077069.9403489,132079.0,56.598,14.452,165.077,4.397,-0.412,1.66,-0.839,0.149,0.535,100.933,-36.228,34.188,0.0,0.0,0.0,0.0
1790077069.946303,132085.0,56.604,14.489,165.086,4.223,-0.336,1.575,-0.837,0.148,0.534,100.933,-36.228,34.188,0.2,-0.1,0.0,0.0
1790077069.9534452,132090.0,56.607,14.506,165.089,4.146,-0.327,1.517,-0.837,0.146,0.534,100.933,-36.228,34.2,-0.1,0.0,0.0,0.0
1790077069.961302,132096.0,56.61,14.521,165.092,4.038,-0.299,1.486,-0.837,0.146,0.533,100.933,-36.228,34.188,0.0,-0.1,0.0,0.0
1790077069.975913,132102.0,56.613,14.536,165.094,3.96,-0.279,1.472,-0.837,0.145,0.533,100.933,-36.228,34.2,0.1,0.2,0.0,0.0
1790077069.976207,132108.0,56.617,14.551,165.096,3.866,-0.29,1.446,-0.837,0.145,0.532,100.933,-36.228,34.2,0.0,0.0,0.0,0.0
1790077069.976251,132114.0,56.625,14.577,165.1,3.654,-0.281,1.394,-0.839,0.146,0.53,100.933,-36.228,34.2,0.0,0.2,0.0,0.0
1790077069.9811368,132119.0,56.625,14.577,165.1,3.654,-0.281,1.394,-0.839,0.146,0.53,100.933,-36.216,34.188,0.2,-0.1,0.0,0.0
1790077069.986356,132125.0,56.634,14.603,165.106,3.395,-0.205,1.365,-0.841,0.148,0.53,100.933,-36.216,34.2,0.3,0.2,0.0,0.0
1790077069.992033,132130.0,56.639,14.615,165.108,3.261,-0.187,1.316,-0.842,0.149,0.529,100.932,-36.228,34.2,0.0,0.0,0.0,0.0
1790077069.997642,132136.0,56.644,14.627,165.11,3.14,-0.213,1.252,-0.842,0.149,0.53,100.932,-36.228,34.188,-0.1,-0.2,0.0,0.0
1790077070.053478,132141.0,56.649,14.637,165.112,3.041,-0.253,1.2,-0.842,0.15,0.53,100.932,-36.228,34.2,0.0,0.0,0.0,0.0
1790077070.053758,132147.0,56.654,14.646,165.113,2.919,-0.261,1.153,-0.842,0.15,0.531,100.932,-36.216,34.188,0.1,0.0,0.0,0.0
1790077070.053805,132153.0,56.658,14.655,165.114,2.791,-0.238,1.105,-0.841,0.15,0.531,100.932,-36.228,34.2,0.0,0.3,0.0,0.0
1790077070.053827,132159.0,56.667,14.667,165.113,2.526,-0.148,1.051,-0.839,0.147,0.533,100.932,-36.228,34.2,0.0,0.0,0.0,0.0
1790077070.053847,132164.0,56.672,14.67,165.112,2.374,-0.112,1.024,-0.839,0.146,0.534,100.932,-36.228,34.188,0.0,-0.1,0.0,0.0
1790077070.053869,132170.0,56.677,14.673,165.11,2.223,-0.043,0.993,-0.838,0.144,0.534,100.932,-36.228,34.188,-0.1,-0.3,0.0,0.0
1790077070.053889,132176.0,56.682,14.674,165.107,2.126,0.043,0.984,-0.838,0.143,0.534,100.932,-36.228,34.2,0.0,0.0,0.0,0.0
1790077070.053909,132181.0,56.688,14.675,165.105,2.049,0.116,0.981,-0.838,0.142,0.534,100.932,-36.228,34.188,0.0,-0.1,0.0,0.0
1790077070.053928,132186.0,56.694,14.675,165.102,1.987,0.173,0.999,-0.838,0.142,0.534,100.932,-36.216,34.188,0.1,0.0,0.0,0.0
1790077070.053997,132191.0,56.7,14.676,165.1,1.893,0.206,1.025,-0.838,0.142,0.534,100.932,-36.216,34.188,0.1,0.0,0.0,0.0
1790077070.057251,132196.0,56.706,14.676,165.099,1.788,0.245,1.027,-0.839,0.142,0.533,100.932,-36.228,34.188,0.0,-0.1,0.0,0.0
1790077070.075402,132202.0,56.713,14.675,165.097,1.692,0.278,1.013,-0.84,0.143,0.533,100.932,-36.228,34.2,-0.1,0.2,2.5420013116672635e-07,0.0
1790077070.075527,132207.0,56.72,14.675,165.095,1.542,0.294,1.0,-0.841,0.143,0.534,100.932,-36.216,34.188,0.1,-0.1,2.5420013116672635e-07,0.0
1790077070.075572,132213.0,56.727,14.673,165.094,1.412,0.315,0.987,-0.842,0.144,0.534,100.932,-36.228,34.2,-0.1,0.1,2.5420013116672635e-07,0.0
1790077070.0802538,132219.0,56.734,14.672,165.093,1.311,0.335,0.99,-0.843,0.144,0.534,100.932,-36.216,34.2,0.1,0.0,2.5420013116672635e-07,0.0
1790077070.085403,132224.0,56.749,14.668,165.091,1.114,0.426,1.032,-0.844,0.144,0.534,100.932,-36.216,34.2,0.0,0.0,2.5420013116672635e-07,0.0
1790077070.0925682,132230.0,56.749,14.668,165.091,1.114,0.426,1.032,-0.844,0.144,0.534,100.932,-36.228,34.188,-0.1,0.0,0.002150487499602605,0.0
1790077070.219318,132236.0,56.764,14.661,165.089,0.939,0.48,1.051,-0.844,0.142,0.534,100.932,-36.216,34.2,0.1,0.3,0.002150487499602605,0.0
1790077070.2194219,132241.0,56.772,14.657,165.088,0.841,0.471,1.084,-0.843,0.141,0.534,100.932,-36.228,34.188,0.0,-0.1,0.002150487499602605,0.0
1790077070.21945,132247.0,56.78,14.652,165.087,0.749,0.461,1.109,-0.843,0.14,0.534,100.932,-36.216,34.2,0.2,0.0,0.002150487499602605,0.0
1790077070.2194712,132253.0,56.787,14.647,165.086,0.676,0.462,1.157,-0.843,0.139,0.533,100.933,-36.228,34.188,0.0,0.0,0.002150487499602605,0.0
1790077070.219491,132259.0,56.803,14.636,165.085,0.489,0.461,1.285,-0.844,0.138,0.532,100.933,-36.228,34.2,-0.2,0.1,0.002150487499602605,0.0
1790077070.219509,132265.0,56.81,14.631,165.086,0.431,0.418,1.349,-0.844,0.139,0.532,100.933,-36.216,34.2,0.1,0.0,0.002150487499602605,0.0
1790077070.219606,132271.0,56.818,14.626,165.087,0.375,0.357,1.397,-0.844,0.139,0.531,100.933,-36.228,34.2,-0.2,0.1,0.002150487499602605,0.0
1790077070.219677,132276.0,56.825,14.622,165.089,0.278,0.301,1.451,-0.845,0.14,0.531,100.933,-36.228,34.188,0.0,-0.1,0.002150487499602605,0.0
1790077070.219738,132282.0,56.831,14.617,165.091,0.16,0.243,1.497,-0.845,0.14,0.53,100.933,-36.216,34.2,0.1,0.0,0.002150487499602605,0.0
1790077070.21984,132288.0,56.838,14.612,165.093,0.099,0.229,1.533,-0.845,0.14,0.53,100.933,-36.228,34.188,0.0,-0.1,0.002150487499602605,0.0
1790077070.219879,132293.0,56.845,14.607,165.096,0.062,0.211,1.574,-0.844,0.14,0.53,100.933,-36.228,34.2,0.0,0.1,0.002150487499602605,0.0
1790077070.219902,132299.0,56.857,14.597,165.102,-0.061,0.142,1.696,-0.844,0.138,0.53,100.933,-36.228,34.2,-0.2,0.0,0.002150487499602605,0.0
1790077070.219924,132304.0,56.863,14.591,165.105,-0.116,0.121,1.755,-0.843,0.136,0.53,100.933,-36.228,34.2,0.0,0.1,0.002150487499602605,0.0
1790077070.219945,132310.0,56.868,14.585,165.108,-0.124,0.079,1.822,-0.843,0.135,0.531,100.933,-36.228,34.188,0.1,-0.3,0.002150487499602605,0.0
1790077070.219968,132315.0,56.868,14.585,165.108,-0.124,0.079,1.822,-0.843,0.135,0.531,100.933,-36.216,34.2,0.1,0.0,0.002150487499602605,0.0
1790077070.21999,132320.0,56.878,14.572,165.115,-0.146,0.003,2.023,-0.844,0.132,0.531,100.932,-36.216,34.2,0.1,0.2,0.002150487499602605,0.0
1790077070.220012,132326.0,56.882,14.567,165.119,-0.121,-0.057,2.129,-0.844,0.131,0.531,100.932,-36.228,34.2,0.0,0.0,0.002150487499602605,0.0
1790077070.220033,132331.0,56.886,14.562,165.124,-0.095,-0.101,2.235,-0.845,0.131,0.531,100.932,-36.228,34.2,-0.1,0.0,0.002150487499602605,0.0
1790077070.220053,132337.0,56.89,14.558,165.129,-0.076,-0.147,2.35,-0.846,0.13,0.531,100.932,-36.228,34.2,-0.1,0.0,0.002150487499602605,0.0
1790077070.2201128,132343.0,56.894,14.554,165.136,-0.053,-0.228,2.461,-0.847,0.13,0.532,100.932,-36.228,34.188,0.0,-0.1,0.002150487499602605,0.0
1790077070.22014,132348.0,56.897,14.551,165.143,-0.014,-0.341,2.557,-0.848,0.13,0.531,100.932,-36.228,34.2,-0.1,0.2,0.002150487499602605,0.0
1790077070.220161,132354.0,56.901,14.55,165.161,0.01,-0.501,2.805,-0.849,0.132,0.53,100.932,-36.216,34.188,0.1,-0.2,0.002150487499602605,0.0
1790077070.2218618,132360.0,56.903,14.55,165.171,-0.026,-0.581,2.902,-0.85,0.133,0.53,100.932,-36.228,34.188,0.0,-0.1,0.002150487499602605,0.0
1790077070.2471879,132366.0,56.905,14.552,165.183,-0.067,-0.655,3.017,-0.851,0.134,0.529,100.932,-36.216,34.188,0.1,-0.1,0.008150487499602604,0.0
1790077070.247272,132373.0,56.906,14.555,165.197,-0.082,-0.741,3.133,-0.852,0.136,0.528,100.932,-36.228,34.2,0.0,0.0,0.008150487499602604,0.0
1790077070.247298,132378.0,56.907,14.559,165.211,-0.083,-0.845,3.22,-0.853,0.137,0.528,100.932,-36.228,34.2,0.0,0.1,0.008150487499602604,0.0
1790077070.247425,132384.0,56.906,14.57,165.242,-0.079,-1.07,3.361,-0.854,0.139,0.527,100.932,-36.216,34.2,0.1,0.1,0.008150487499602604,0.0
1790077070.251466,132390.0,56.905,14.576,165.259,-0.092,-1.201,3.435,-0.855,0.139,0.527,100.932,-36.228,34.188,-0.1,-0.1,0.011150487499602603,0.0
1790077070.256993,132395.0,56.904,14.582,165.275,-0.099,-1.31,3.503,-0.855,0.14,0.527,100.932,-36.228,34.188,0.0,-0.1,0.011150487499602603,0.0
1790077070.295645,132401.0,56.901,14.588,165.292,-0.104,-1.394,3.56,-0.855,0.14,0.528,100.932,-36.228,34.188,0.0,0.0,0.0171504874996026,0.0
1790077070.2957382,132406.0,56.899,14.595,165.309,-0.09,-1.481,3.617,-0.855,0.139,0.528,100.932,-36.216,34.2,0.2,0.2,0.0171504874996026,0.0
1790077070.295766,132412.0,56.895,14.602,165.327,-0.065,-1.574,3.695,-0.855,0.139,0.529,100.932,-36.228,34.188,0.0,0.0,0.0171504874996026,0.0
1790077070.2957911,132418.0,56.891,14.608,165.344,-0.026,-1.658,3.745,-0.855,0.138,0.53,100.932,-36.216,34.188,0.0,0.0,0.0171504874996026,0.0
1790077070.29584,132423.0,56.886,14.615,165.361,0.027,-1.697,3.767,-0.855,0.138,0.531,100.932,-36.228,34.2,0.0,0.1,0.0171504874996026,0.0
1790077070.295867,132428.0,56.882,14.622,165.378,0.092,-1.737,3.8,-0.855,0.137,0.533,100.932,-36.216,34.188,0.1,-0.1,0.0171504874996026,0.0
1790077070.2958899,132434.0,56.871,14.637,165.413,0.231,-1.784,3.887,-0.855,0.137,0.535,100.932,-36.228,34.188,-0.1,-0.1,0.0171504874996026,0.0
1790077070.3012538,132439.0,56.871,14.637,165.413,0.231,-1.784,3.887,-0.855,0.137,0.535,100.932,-36.228,34.188,-0.1,0.0,0.018490087499958462,0.0
1790077070.343882,132445.0,56.865,14.645,165.43,0.276,-1.796,3.908,-0.855,0.137,0.535,100.933,-36.216,34.2,0.1,0.0,0.025818616700416897,0.0
1790077070.3440828,132450.0,56.853,14.663,165.467,0.37,-1.742,3.962,-0.855,0.139,0.538,100.933,-36.228,34.188,-0.1,-0.1,0.025818616700416897,0.0
1790077070.344127,132456.0,56.847,14.674,165.485,0.453,-1.7,3.991,-0.855,0.14,0.539,100.933,-36.228,34.2,0.0,0.1,0.025818616700416897,0.0
1790077070.3441558,132461.0,56.841,14.685,165.504,0.532,-1.618,4.003,-0.855,0.14,0.54,100.933,-36.228,34.188,-0.1,-0.2,0.025818616700416897,0.0
1790077070.344179,132467.0,56.835,14.696,165.524,0.553,-1.548,3.988,-0.855,0.141,0.542,100.933,-36.228,34.188,0.0,0.0,0.025818616700416897,0.0
1790077070.344278,132473.0,56.829,14.707,165.543,0.586,-1.484,3.968,-0.855,0.141,0.543,100.933,-36.228,34.2,0.0,0.0,0.025818616700416897,0.0
1790077070.344307,132479.0,56.818,14.73,165.581,0.714,-1.359,3.96,-0.854,0.141,0.545,100.933,-36.228,34.2,0.0,0.3,0.025818616700416897,0.0
1790077070.347092,132485.0,56.813,14.741,165.599,0.776,-1.293,3.897,-0.853,0.14,0.545,100.933,-36.216,34.188,0.2,-0.3,0.025818616700416897,0.0
1790077070.368004,132490.0,56.808,14.753,165.618,0.852,-1.181,3.86,-0.853,0.14,0.546,100.933,-36.216,34.188,0.2,-0.3,0.02811390419956297,0.0
1790077070.369764,132496.0,56.804,14.764,165.636,0.934,-1.056,3.852,-0.852,0.14,0.546,100.933,-36.228,34.2,-0.2,0.1,0.02811390419956297,0.0
1790077070.369907,132501.0,56.8,14.776,165.654,1.005,-0.962,3.826,-0.852,0.139,0.546,100.933,-36.228,34.2,-0.1,0.0,0.02811390419956297,0.0
1790077070.369944,132506.0,56.796,14.788,165.671,1.095,-0.892,3.788,-0.852,0.139,0.547,100.933,-36.228,34.188,0.0,-0.3,0.02811390419956297,0.0
1790077070.374138,132511.0,56.793,14.801,165.689,1.197,-0.812,3.752,-0.852,0.139,0.547,100.933,-36.228,34.2,-0.1,0.1,0.0309305917005986,0.0
1790077070.3808498,132517.0,56.79,14.813,165.706,1.289,-0.717,3.71,-0.852,0.139,0.547,100.933,-36.216,34.2,0.2,0.1,0.0309305917005986,0.0
1790077070.389199,132522.0,56.788,14.826,165.723,1.365,-0.622,3.688,-0.852,0.139,0.547,100.933,-36.216,34.2,0.1,0.1,0.0309305917005986,0.0
1790077070.389342,132528.0,56.787,14.84,165.74,1.433,-0.517,3.668,-0.852,0.139,0.547,100.933,-36.228,34.188,0.0,-0.2,0.0309305917005986,0.0
1790077070.39476,132533.0,56.786,14.853,165.757,1.497,-0.411,3.613,-0.852,0.139,0.547,100.933,-36.228,34.2,0.0,0.0,0.0309305917005986,0.0
1790077070.400762,132539.0,56.786,14.88,165.79,1.588,-0.179,3.513,-0.852,0.139,0.546,100.933,-36.228,34.188,0.0,-0.2,0.0309305917005986,0.0
1790077070.406208,132545.0,56.787,14.893,165.807,1.652,-0.079,3.472,-0.852,0.139,0.545,100.933,-36.228,34.2,0.0,0.0,0.0332077458006097,0.0
1790077070.4122949,132551.0,56.789,14.907,165.823,1.683,0.005,3.428,-0.852,0.139,0.544,100.933,-36.228,34.2,0.0,0.2,0.0332077458006097,0.0
1790077070.419706,132556.0,56.791,14.921,165.839,1.716,0.042,3.391,-0.853,0.139,0.543,100.933,-36.216,34.2,0.1,0.0,0.0332077458006097,0.0
1790077070.425317,132562.0,56.793,14.935,165.855,1.77,0.054,3.361,-0.853,0.139,0.542,100.933,-36.216,34.188,0.0,0.0,0.03573978750064271,0.0
1790077070.429908,132568.0,56.796,14.95,165.872,1.79,0.094,3.334,-0.853,0.14,0.541,100.932,-36.228,34.2,-0.1,0.0,0.03573978750064271,0.0
1790077070.4343228,132573.0,56.8,14.964,165.888,1.793,0.14,3.321,-0.854,0.14,0.539,100.932,-36.228,34.188,-0.1,0.0,0.03573978750064271,0.0
1790077070.4455192,132578.0,56.804,14.979,165.904,1.802,0.159,3.295,-0.854,0.14,0.538,100.932,-36.228,34.2,0.0,0.1,0.03573978750064271,0.0
1790077070.445583,132584.0,56.812,15.008,165.936,1.833,0.106,3.251,-0.855,0.14,0.536,100.932,-36.228,34.188,-0.1,-0.1,0.03573978750064271,0.0
1790077070.4525912,132589.0,56.812,15.008,165.936,1.833,0.106,3.251,-0.855,0.14,0.536,100.932,-36.228,34.2,0.1,0.3,0.03864802919997601,0.0
1790077070.455563,132594.0,56.816,15.021,165.951,1.822,0.091,3.203,-0.855,0.14,0.535,100.932,-36.216,34.188,0.2,-0.2,0.03864802919997601,0.0
1790077070.461281,132600.0,56.827,15.049,165.982,1.796,0.319,3.19,-0.855,0.139,0.534,100.932,-36.216,34.188,0.3,0.0,0.03864802919997601,0.0
1790077070.466678,132605.0,56.832,15.062,165.997,1.776,0.27,3.172,-0.854,0.139,0.534,100.932,-36.228,34.188,-0.1,0.0,0.03864802919997601,0.0
1790077070.4767098,132611.0,56.837,15.075,166.012,1.729,0.207,3.168,-0.855,0.139,0.533,100.932,-36.228,34.2,-0.1,0.0,0.03864802919997601,0.0
1790077070.4799948,132617.0,56.841,15.087,166.026,1.682,0.086,3.164,-0.855,0.139,0.533,100.932,-36.228,34.2,0.0,0.3,0.03864802919997601,0.0
1790077070.489722,132622.0,56.845,15.099,166.04,1.646,-0.056,3.147,-0.854,0.139,0.533,100.932,-36.228,34.2,0.0,0.0,0.03864802919997601,0.0
1790077070.489772,132628.0,56.849,15.111,166.054,1.607,-0.126,3.129,-0.854,0.14,0.532,100.932,-36.228,34.2,0.0,0.2,0.03864802919997601,0.0
1790077070.495287,132633.0,56.852,15.123,166.068,1.578,-0.17,3.098,-0.854,0.14,0.531,100.932,-36.228,34.188,0.0,-0.1,0.04179674580082065,0.0
1790077070.5005949,132639.0,56.859,15.144,166.095,1.429,-0.321,3.061,-0.853,0.14,0.528,100.932,-36.228,34.2,0.0,0.0,0.04179674580082065,0.0
1790077070.5063412,132645.0,56.862,15.154,166.108,1.369,-0.425,3.054,-0.852,0.14,0.527,100.932,-36.228,34.2,0.0,0.0,0.04179674580082065,0.0
1790077070.512226,132651.0,56.865,15.163,166.121,1.3,-0.533,3.058,-0.852,0.14,0.526,100.932,-36.228,34.188,0.0,-0.1,0.04179674580082065,0.0
1790077070.517408,132656.0,56.867,15.171,166.133,1.215,-0.611,3.043,-0.852,0.139,0.525,100.932,-36.216,34.188,0.1,-0.1,0.04179674580082065,0.0
1790077070.523832,132662.0,56.869,15.179,166.146,1.154,-0.686,3.045,-0.852,0.139,0.524,100.932,-36.216,34.2,0.1,0.0,0.04179674580082065,0.0
1790077070.529409,132668.0,56.871,15.187,166.158,1.109,-0.781,3.096,-0.852,0.138,0.524,100.932,-36.228,34.188,0.0,-0.1,0.04179674580082065,0.0
1790077070.536321,132675.0,56.872,15.201,166.181,1.0,-1.01,3.11,-0.852,0.138,0.525,100.932,-36.216,34.2,0.0,0.1,0.04179674580082065,0.0
1790077070.544372,132680.0,56.872,15.207,166.193,0.949,-1.097,3.126,-0.853,0.138,0.526,100.932,-36.216,34.2,0.0,0.0,0.04179674580082065,0.0
1790077070.551182,132686.0,56.872,15.213,166.204,0.891,-1.155,3.128,-0.853,0.139,0.526,100.932,-36.228,34.2,0.0,0.1,0.04179674580082065,0.0
1790077070.553673,132692.0,56.871,15.218,166.215,0.824,-1.217,3.099,-0.854,0.14,0.527,100.932,-36.228,34.2,0.0,0.1,0.04179674580082065,0.0
1790077070.559229,132698.0,56.87,15.224,166.226,0.789,-1.295,3.044,-0.854,0.141,0.528,100.932,-36.216,34.2,0.0,0.1,0.04179674580082065,0.0
1790077070.566509,132703.0,56.868,15.229,166.237,0.76,-1.375,2.998,-0.855,0.143,0.528,100.932,-36.228,34.188,-0.1,-0.2,0.04179674580082065,0.0
1790077070.5715652,132709.0,56.866,15.234,166.248,0.722,-1.419,2.944,-0.854,0.144,0.529,100.932,-36.228,34.2,0.0,0.0,0.04179674580082065,0.0
1790077070.577538,132714.0,56.863,15.238,166.258,0.712,-1.448,2.862,-0.854,0.145,0.529,100.932,-36.216,34.188,0.1,-0.1,0.04179674580082065,0.0
1790077070.5828962,132720.0,56.858,15.246,166.277,0.596,-1.522,2.708,-0.852,0.147,0.529,100.932,-36.228,34.188,-0.3,0.0,0.04479674580082065,0.0
1790077070.58691,132725.0,56.856,15.248,166.285,0.528,-1.568,2.64,-0.851,0.147,0.528,100.932,-36.216,34.188,0.1,-0.1,0.04479674580082065,0.0
1790077070.5966132,132731.0,56.853,15.25,166.293,0.49,-1.616,2.554,-0.85,0.147,0.527,100.932,-36.228,34.2,0.0,0.2,0.04479674580082065,0.0
1790077070.597891,132736.0,56.85,15.251,166.3,0.446,-1.681,2.494,-0.849,0.147,0.526,100.932,-36.228,34.2,0.0,0.0,0.047796745800820654,0.0
1790077070.6039522,132742.0,56.847,15.251,166.307,0.366,-1.758,2.451,-0.848,0.147,0.525,100.932,-36.216,34.2,0.1,0.0,0.05079674580082066,0.0
1790077070.608614,132747.0,56.844,15.25,166.312,0.285,-1.81,2.372,-0.848,0.146,0.525,100.932,-36.228,34.188,-0.1,0.0,0.05079674580082066,0.0
1790077070.613776,132752.0,56.84,15.247,166.317,0.236,-1.829,2.294,-0.847,0.146,0.525,100.932,-36.228,34.188,0.0,0.0,0.05379674580082066,0.0
1790077070.620141,132758.0,56.837,15.244,166.321,0.172,-1.842,2.225,-0.847,0.146,0.525,100.932,-36.216,34.2,0.1,0.0,0.05379674580082066,0.0
1790077070.6248589,132763.0,56.834,15.24,166.324,0.085,-1.865,2.152,-0.847,0.146,0.525,100.932,-36.228,34.2,-0.1,0.3,0.0547324708008091,0.0
1790077070.630642,132769.0,56.827,15.229,166.329,-0.089,-1.906,2.01,-0.847,0.146,0.525,100.932,-36.228,34.2,0.0,0.0,0.0547324708008091,0.0
1790077070.637439,132775.0,56.824,15.222,166.331,-0.18,-1.913,1.907,-0.847,0.147,0.526,100.932,-36.216,34.2,0.2,0.0,0.05692927920026705,0.0
1790077070.642882,132781.0,56.821,15.214,166.331,-0.263,-1.931,1.793,-0.847,0.148,0.526,100.932,-36.216,34.188,0.0,0.0,0.05692927920026705,0.0
1790077070.6522932,132787.0,56.817,15.206,166.331,-0.312,-1.976,1.708,-0.847,0.148,0.526,100.932,-36.228,34.2,-0.3,0.2,0.059332037500280425,0.0
1790077070.6595469,132792.0,56.814,15.196,166.33,-0.347,-2.007,1.614,-0.847,0.149,0.526,100.932,-36.216,34.2,0.1,0.0,0.059332037500280425,0.0
1790077070.659629,132797.0,56.81,15.186,166.329,-0.4,-2.0,1.502,-0.847,0.15,0.526,100.932,-36.228,34.2,0.0,0.0,0.059332037500280425,0.0
1790077070.664085,132803.0,56.807,15.175,166.327,-0.46,-1.993,1.41,-0.846,0.15,0.526,100.932,-36.216,34.188,0.0,-0.1,0.059332037500280425,0.0
1790077070.674806,132808.0,56.804,15.164,166.324,-0.483,-1.983,1.327,-0.845,0.15,0.526,100.932,-36.216,34.2,0.1,0.0,0.059332037500280425,0.0
1790077070.6760802,132814.0,56.797,15.137,166.315,-0.579,-1.97,1.075,-0.844,0.149,0.526,100.932,-36.216,34.188,0.1,-0.1,0.059332037500280425,0.0
1790077070.681748,132820.0,56.794,15.121,166.308,-0.626,-1.976,0.941,-0.844,0.148,0.526,100.932,-36.228,34.188,-0.2,0.0,0.06180291250057053,0.0
1790077070.688447,132826.0,56.792,15.105,166.301,-0.647,-1.829,0.859,-0.844,0.147,0.526,100.932,-36.228,34.2,-0.1,0.0,0.06180291250057053,0.0
1790077070.693665,132832.0,56.791,15.087,166.293,-0.676,-1.702,0.811,-0.844,0.146,0.526,100.932,-36.228,34.188,0.0,0.0,0.06180291250057053,0.0
1790077070.699559,132837.0,56.79,15.069,166.284,-0.687,-1.738,0.748,-0.844,0.145,0.526,100.932,-36.228,34.2,0.0,0.1,0.06180291250057053,0.0
1790077070.706059,132843.0,56.789,15.051,166.275,-0.667,-1.757,0.703,-0.844,0.144,0.527,100.932,-36.228,34.2,0.0,0.0,0.06180291250057053,0.0
1790077070.7106571,132849.0,56.786,15.012,166.255,-0.651,-1.78,0.672,-0.845,0.142,0.527,100.932,-36.216,34.188,0.3,0.0,0.06180291250057053,0.0
1790077070.7155368,132854.0,56.785,14.993,166.244,-0.653,-1.799,0.626,-0.845,0.142,0.528,100.932,-36.228,34.2,0.0,0.0,0.06180291250057053,0.0
1790077070.721365,132860.0,56.783,14.972,166.233,-0.656,-1.802,0.576,-0.845,0.142,0.528,100.932,-36.216,34.2,0.0,0.1,0.06180291250057053,0.0
1790077070.72732,132866.0,56.782,14.952,166.221,-0.669,-1.801,0.534,-0.846,0.142,0.529,100.932,-36.228,34.2,0.0,0.0,0.06180291250057053,0.0
1790077070.7325802,132871.0,56.78,14.931,166.21,-0.67,-1.818,0.507,-0.846,0.142,0.529,100.932,-36.216,34.188,0.2,-0.2,0.06180291250057053,0.0
1790077070.737275,132876.0,56.779,14.911,166.198,-0.654,-1.804,0.483,-0.847,0.143,0.529,100.932,-36.216,34.188,0.0,-0.1,0.06180291250057053,0.0
1790077070.743716,132882.0,56.778,14.89,166.186,-0.629,-1.795,0.413,-0.847,0.143,0.53,100.932,-36.228,34.2,-0.1,0.4,0.06180291250057053,0.0
1790077070.752245,132887.0,56.777,14.869,166.173,-0.618,-1.766,0.346,-0.847,0.143,0.53,100.932,-36.216,34.188,0.0,-0.1,0.06180291250057053,0.0
1790077070.75612,132893.0,56.776,14.847,166.16,-0.6,-1.749,0.32,-0.847,0.143,0.531,100.932,-36.216,34.188,0.2,-0.2,0.06180291250057053,0.0
1790077070.759361,132898.0,56.774,14.826,166.147,-0.586,-1.742,0.291,-0.847,0.143,0.532,100.932,-36.228,34.2,-0.2,0.3,0.06180291250057053,0.0
1790077070.764304,132903.0,56.773,14.804,166.133,-0.586,-1.708,0.261,-0.847,0.142,0.532,100.932,-36.216,34.2,0.0,0.0,0.06180291250057053,0.0
1790077070.7710772,132909.0,56.772,14.759,166.105,-0.505,-1.612,0.242,-0.847,0.14,0.534,100.932,-36.228,34.2,-0.1,0.0,0.06780291250057054,0.0
1790077070.7783391,132915.0,56.771,14.737,166.09,-0.445,-1.553,0.271,-0.848,0.138,0.535,100.932,-36.228,34.2,0.0,0.0,0.06780291250057054,0.0
1790077070.788147,132921.0,56.771,14.715,166.076,-0.363,-1.523,0.286,-0.848,0.137,0.536,100.932,-36.216,34.2,0.0,0.0,0.07080291250057054,0.0
1790077070.7896519,132927.0,56.771,14.692,166.061,-0.306,-1.496,0.321,-0.849,0.136,0.536,100.932,-36.228,34.188,0.0,-0.2,0.07106954170012614,0.0
1790077070.7940228,132932.0,56.771,14.692,166.061,-0.306,-1.496,0.321,-0.849,0.136,0.536,100.932,-36.216,34.188,0.0,-0.1,0.07106954170012614,0.0
1790077070.814903,132938.0,56.771,14.649,166.032,-0.19,-1.428,0.403,-0.851,0.134,0.536,100.933,-36.216,34.188,0.0,0.0,0.0735738625007798,0.0
1790077070.8250618,132944.0,56.772,14.629,166.019,-0.118,-1.406,0.461,-0.853,0.134,0.536,100.933,-36.228,34.2,-0.2,0.0,0.0735738625007798,0.0
1790077070.825124,132950.0,56.774,14.592,165.994,-0.033,-1.414,0.549,-0.856,0.135,0.534,100.933,-36.216,34.188,0.2,-0.2,0.0735738625007798,0.0
1790077070.825346,132956.0,56.775,14.574,165.983,-0.049,-1.422,0.631,-0.857,0.136,0.533,100.933,-36.228,34.188,-0.2,-0.2,0.0735738625007798,0.0
1790077070.8254452,132961.0,56.776,14.557,165.973,-0.054,-1.434,0.691,-0.857,0.137,0.533,100.933,-36.216,34.2,0.1,0.3,0.0735738625007798,0.0
1790077070.8278,132966.0,56.777,14.542,165.964,-0.046,-1.441,0.746,-0.857,0.137,0.532,100.933,-36.216,34.188,0.1,0.0,0.0735738625007798,0.0
1790077070.908258,132972.0,56.778,14.527,165.955,-0.016,-1.457,0.809,-0.857,0.138,0.532,100.933,-36.228,34.2,0.0,0.1,0.0815362000008463,0.0
1790077070.908374,132977.0,56.779,14.513,165.947,-0.006,-1.495,0.855,-0.857,0.139,0.532,100.933,-36.216,34.188,0.0,-0.2,0.0815362000008463,0.0
1790077070.908405,132983.0,56.779,14.499,165.94,0.001,-1.547,0.922,-0.857,0.139,0.531,100.933,-36.228,34.2,0.0,0.2,0.0815362000008463,0.0
1790077070.908427,132989.0,56.779,14.473,165.927,-0.013,-1.596,1.076,-0.856,0.139,0.532,100.933,-36.228,34.188,-0.1,-0.1,0.0815362000008463,0.0
1790077070.908451,132995.0,56.779,14.473,165.927,-0.013,-1.596,1.076,-0.856,0.139,0.532,100.933,-36.228,34.2,0.0,0.2,0.0815362000008463,0.0
1790077070.908472,133001.0,56.777,14.449,165.917,-0.036,-1.594,1.236,-0.855,0.138,0.533,100.932,-36.216,34.188,0.4,-0.1,0.0815362000008463,0.0
1790077070.908492,133006.0,56.776,14.438,165.913,-0.022,-1.581,1.333,-0.854,0.137,0.534,100.932,-36.216,34.188,0.0,-0.1,0.0815362000008463,0.0
1790077070.908513,133011.0,56.775,14.427,165.909,-0.009,-1.541,1.443,-0.854,0.136,0.534,100.932,-36.216,34.188,0.0,0.0,0.0815362000008463,0.0
1790077070.908535,133016.0,56.774,14.417,165.907,0.0,-1.539,1.556,-0.854,0.136,0.535,100.932,-36.228,34.2,-0.3,0.2,0.0815362000008463,0.0
1790077070.908669,133021.0,56.772,14.407,165.905,0.037,-1.53,1.658,-0.853,0.135,0.536,100.932,-36.228,34.2,0.0,0.2,0.0815362000008463,0.0
1790077070.908854,133027.0,56.771,14.399,165.903,0.058,-1.472,1.766,-0.853,0.135,0.538,100.932,-36.228,34.188,-0.1,-0.2,0.0815362000008463,0.0
1790077070.908895,133032.0,56.769,14.391,165.903,0.087,-1.455,1.869,-0.853,0.134,0.539,100.932,-36.228,34.2,0.0,0.0,0.0815362000008463,0.0
1790077070.908919,133037.0,56.767,14.383,165.903,0.123,-1.415,1.969,-0.853,0.134,0.539,100.932,-36.228,34.188,0.0,0.0,0.0815362000008463,0.0
1790077070.90894,133043.0,56.765,14.377,165.905,0.147,-1.325,2.072,-0.853,0.134,0.54,100.932,-36.228,34.2,0.0,0.0,0.0815362000008463,0.0
1790077070.909285,133048.0,56.763,14.372,165.907,0.181,-1.254,2.173,-0.853,0.134,0.54,100.932,-36.216,34.2,0.1,0.0,0.0815362000008463,0.0
1790077070.916687,133053.0,56.762,14.368,165.911,0.221,-1.16,2.26,-0.853,0.135,0.54,100.932,-36.228,34.2,-0.1,0.3,0.0845362000008463,0.0
1790077070.920149,133058.0,56.761,14.366,165.916,0.246,-1.049,2.338,-0.852,0.135,0.54,100.931,-36.216,34.2,0.0,0.0,0.0845362000008463,0.0
1790077070.9242911,133063.0,56.761,14.364,165.923,0.273,-0.958,2.422,-0.852,0.136,0.539,100.931,-36.216,34.2,0.0,0.0,0.0854998249997152,0.0
1790077070.932256,133069.0,56.761,14.366,165.939,0.333,-0.767,2.557,-0.852,0.139,0.537,100.931,-36.216,34.2,0.1,0.2,0.0854998249997152,0.0
1790077070.936705,133075.0,56.762,14.369,165.949,0.355,-0.703,2.622,-0.852,0.14,0.536,100.931,-36.216,34.2,0.0,0.0,0.0854998249997152,0.0
1790077070.944575,133081.0,56.763,14.373,165.96,0.382,-0.628,2.671,-0.852,0.141,0.536,100.931,-36.228,34.188,0.0,-0.3,0.0854998249997152,0.0
1790077070.94818,133086.0,56.765,14.378,165.972,0.419,-0.529,2.721,-0.851,0.141,0.535,100.931,-36.228,34.2,0.0,0.2,0.08814000419952209,0.0
1790077070.9543629,133092.0,56.767,14.384,165.985,0.414,-0.451,2.786,-0.85,0.141,0.535,100.931,-36.216,34.188,0.1,-0.2,0.08814000419952209,0.0
1790077070.958812,133097.0,56.769,14.39,165.998,0.409,-0.393,2.832,-0.85,0.141,0.535,100.931,-36.228,34.188,-0.1,-0.1,0.08814000419952209,0.0
1790077070.9642618,133103.0,56.771,14.396,166.012,0.427,-0.312,2.868,-0.85,0.141,0.536,100.931,-36.228,34.188,0.0,0.0,0.08814000419952209,0.0
1790077070.970656,133109.0,56.776,14.409,166.041,0.446,-0.138,2.959,-0.85,0.14,0.537,100.931,-36.228,34.188,-0.2,-0.2,0.08814000419952209,0.0
1790077070.978063,133115.0,56.779,14.417,166.055,0.482,-0.047,3.002,-0.85,0.14,0.538,100.932,-36.216,34.2,0.1,0.1,0.09060460420005256,0.0
1790077070.98189,133120.0,56.782,14.425,166.071,0.484,0.065,3.074,-0.85,0.139,0.538,100.932,-36.216,34.188,0.0,-0.1,0.09060460420005256,0.0
1790077070.9881852,133126.0,56.786,14.433,166.087,0.498,0.164,3.139,-0.85,0.139,0.538,100.932,-36.216,34.188,0.0,0.0,0.09060460420005256,0.0
1790077070.993682,133132.0,56.79,14.442,166.104,0.498,0.231,3.192,-0.85,0.139,0.538,100.932,-36.216,34.2,0.0,0.0,0.09060460420005256,0.0
1790077071.003812,133137.0,56.795,14.452,166.121,0.527,0.309,3.24,-0.851,0.139,0.538,100.932,-36.216,34.2,0.0,0.2,0.09275022079964401,0.0
1790077071.00508,133143.0,56.799,14.462,166.139,0.587,0.359,3.291,-0.851,0.139,0.537,100.932,-36.228,34.188,-0.2,-0.1,0.09275022079964401,0.0
1790077071.025751,133148.0,56.804,14.474,166.158,0.624,0.402,3.343,-0.852,0.139,0.537,100.932,-36.216,34.188,0.0,-0.1,0.09275022079964401,0.0
1790077071.0258281,133154.0,56.815,14.497,166.196,0.663,0.476,3.464,-0.852,0.138,0.536,100.932,-36.216,34.2,0.0,0.2,0.09275022079964401,0.0
1790077071.025867,133160.0,56.82,14.51,166.217,0.693,0.524,3.546,-0.852,0.137,0.536,100.932,-36.228,34.188,-0.2,0.0,0.09275022079964401,0.0
1790077071.02701,133165.0,56.826,14.523,166.237,0.722,0.546,3.62,-0.852,0.137,0.535,100.932,-36.216,34.188,0.0,0.0,0.09275022079964401,0.0
1790077071.0323148,133171.0,56.832,14.536,166.258,0.754,0.57,3.688,-0.852,0.136,0.535,100.932,-36.216,34.2,0.1,0.1,0.09275022079964401,0.0
1790077071.0378938,133176.0,56.838,14.55,166.28,0.827,0.615,3.776,-0.852,0.136,0.535,100.932,-36.216,34.2,0.1,0.1,0.09575022079964401,0.0
1790077071.043814,133182.0,56.844,14.566,166.302,0.87,0.629,3.87,-0.853,0.136,0.535,100.932,-36.216,34.2,0.0,0.0,0.09575022079964401,0.0
1790077071.052851,133188.0,56.849,14.582,166.325,0.886,0.601,3.928,-0.853,0.136,0.534,100.932,-36.216,34.188,0.0,0.0,0.09647782920073951,0.0
1790077071.055326,133194.0,56.861,14.615,166.374,0.879,0.579,4.041,-0.853,0.137,0.533,100.932,-36.216,34.2,0.1,0.4,0.09939312920032535,0.0
1790077071.0607932,133199.0,56.866,14.633,166.399,0.874,0.552,4.091,-0.853,0.138,0.533,100.932,-36.216,34.188,0.2,-0.1,0.09939312920032535,0.0
1790077071.0967522,133205.0,56.872,14.651,166.425,0.878,0.542,4.136,-0.853,0.139,0.532,100.932,-36.228,34.188,-0.3,-0.3,0.10190653750032652,0.0
1790077071.096837,133211.0,56.877,14.67,166.451,0.851,0.511,4.185,-0.853,0.14,0.532,100.932,-36.228,34.2,-0.2,0.1,0.10190653750032652,0.0
1790077071.09687,133218.0,56.882,14.689,166.478,0.817,0.463,4.244,-0.853,0.14,0.532,100.932,-36.228,34.2,0.0,0.1,0.10190653750032652,0.0
1790077071.096894,133223.0,56.886,14.709,166.505,0.804,0.422,4.319,-0.853,0.14,0.532,100.932,-36.228,34.2,0.0,0.2,0.10190653750032652,0.0
1790077071.096916,133229.0,56.895,14.748,166.561,0.779,0.397,4.45,-0.852,0.14,0.531,100.932,-36.216,34.2,0.2,0.0,0.10190653750032652,0.0
1790077071.096951,133234.0,56.899,14.768,166.59,0.758,0.383,4.509,-0.852,0.14,0.531,100.932,-36.216,34.188,0.0,-0.2,0.10190653750032652,0.0
1790077071.10125,133240.0,56.899,14.768,166.59,0.758,0.383,4.509,-0.852,0.14,0.531,100.932,-36.216,34.2,0.0,0.0,0.10190653750032652,0.0
1790077071.106357,133245.0,56.903,14.789,166.619,0.742,0.317,4.564,-0.852,0.14,0.531,100.932,-36.216,34.2,0.0,0.0,0.10190653750032652,0.0
1790077071.111837,133250.0,56.909,14.83,166.677,0.721,0.234,4.623,-0.852,0.14,0.53,100.932,-36.216,34.2,0.1,0.1,0.10439062920049764,0.0
1790077071.144846,133256.0,56.913,14.851,166.707,0.715,0.201,4.632,-0.852,0.14,0.529,100.932,-36.216,34.188,0.2,0.0,0.10672312499955297,0.0
1790077071.1450171,133261.0,56.916,14.872,166.737,0.71,0.169,4.653,-0.852,0.141,0.529,100.932,-36.216,34.2,-0.1,0.2,0.10672312499955297,0.0
1790077071.145056,133267.0,56.919,14.893,166.767,0.699,0.135,4.703,-0.852,0.141,0.529,100.932,-36.216,34.2,0.2,0.0,0.10672312499955297,0.0
1790077071.145084,133272.0,56.921,14.915,166.797,0.69,0.068,4.71,-0.852,0.142,0.528,100.932,-36.216,34.2,0.0,0.0,0.10672312499955297,0.0
1790077071.1451058,133278.0,56.924,14.936,166.828,0.671,0.016,4.701,-0.852,0.142,0.528,100.932,-36.216,34.188,0.1,-0.1,0.10672312499955297,0.0
1790077071.145128,133283.0,56.926,14.957,166.858,0.619,-0.023,4.721,-0.852,0.143,0.528,100.932,-36.216,34.188,0.0,0.0,0.10672312499955297,0.0
1790077071.159864,133289.0,56.927,14.979,166.889,0.571,-0.068,4.745,-0.852,0.144,0.528,100.932,-36.216,34.188,0.0,0.0,0.10672312499955297,0.0
1790077071.159948,133295.0,56.93,15.022,166.951,0.493,-0.224,4.766,-0.852,0.145,0.528,100.932,-36.216,34.188,-0.1,0.0,0.10672312499955297,0.0
1790077071.161333,133300.0,56.93,15.043,166.982,0.449,-0.294,4.753,-0.852,0.146,0.528,100.932,-36.216,34.2,0.0,0.0,0.10908660419954685,0.0
1790077071.174745,133305.0,56.93,15.043,166.982,0.449,-0.294,4.753,-0.852,0.146,0.528,100.932,-36.216,34.188,-0.1,-0.1,0.10908660419954685,0.0
1790077071.1753201,133311.0,56.931,15.084,167.042,0.44,-0.319,4.651,-0.852,0.147,0.529,100.932,-36.216,34.2,0.1,0.1,0.10908660419954685,0.0
1790077071.177305,133316.0,56.931,15.103,167.072,0.47,-0.324,4.59,-0.851,0.147,0.529,100.932,-36.216,34.2,0.0,0.0,0.11159792499965988,0.0
1790077071.1851578,133322.0,56.931,15.122,167.1,0.485,-0.336,4.513,-0.852,0.146,0.529,100.932,-36.216,34.188,0.0,0.0,0.11159792499965988,0.0
1790077071.188854,133327.0,56.932,15.141,167.127,0.509,-0.341,4.451,-0.852,0.146,0.529,100.932,-36.216,34.188,0.2,-0.1,0.11159792499965988,0.0
1790077071.195192,133332.0,56.932,15.158,167.154,0.552,-0.326,4.379,-0.852,0.145,0.53,100.932,-36.216,34.188,-0.1,0.0,0.11159792499965988,0.0
1790077071.2117188,133338.0,56.933,15.175,167.18,0.559,-0.313,4.302,-0.852,0.145,0.53,100.932,-36.216,34.188,0.0,0.0,0.11374269579973771,0.0
1790077071.211803,133343.0,56.934,15.192,167.205,0.549,-0.334,4.249,-0.852,0.145,0.531,100.932,-36.216,34.188,-0.1,0.0,0.11374269579973771,0.0
1790077071.211835,133348.0,56.934,15.209,167.231,0.56,-0.331,4.225,-0.852,0.146,0.531,100.932,-36.216,34.2,0.1,0.1,0.11374269579973771,0.0
1790077071.221369,133353.0,56.934,15.225,167.256,0.58,-0.322,4.191,-0.852,0.147,0.532,100.932,-36.216,34.2,0.0,0.0,0.11374269579973771,0.0
1790077071.221514,133359.0,56.935,15.257,167.304,0.562,-0.284,4.07,-0.851,0.148,0.533,100.932,-36.216,34.188,0.1,-0.1,0.11374269579973771,0.0
1790077071.226028,133364.0,56.935,15.257,167.304,0.562,-0.284,4.07,-0.851,0.148,0.533,100.932,-36.216,34.2,-0.1,0.1,0.11630331670021406,0.0
1790077071.232738,133370.0,56.936,15.287,167.35,0.597,-0.186,3.886,-0.85,0.148,0.534,100.933,-36.216,34.2,0.1,0.0,0.11630331670021406,0.0
1790077071.237338,133376.0,56.937,15.301,167.372,0.599,-0.169,3.777,-0.85,0.148,0.535,100.933,-36.216,34.2,0.0,0.0,0.11630331670021406,0.0
1790077071.242363,133381.0,56.938,15.314,167.393,0.623,-0.179,3.676,-0.85,0.148,0.535,100.933,-36.216,34.2,0.0,0.1,0.11630331670021406,0.0
1790077071.248537,133387.0,56.938,15.326,167.412,0.636,-0.202,3.571,-0.85,0.148,0.535,100.933,-36.216,34.188,0.0,-0.1,0.11630331670021406,0.0
1790077071.254024,133392.0,56.939,15.337,167.431,0.678,-0.186,3.456,-0.85,0.147,0.535,100.933,-36.228,34.2,-0.3,0.0,0.11630331670021406,0.0
1790077071.258604,133397.0,56.941,15.348,167.448,0.745,-0.125,3.357,-0.85,0.147,0.535,100.933,-36.216,34.188,0.0,-0.1,0.11878604579978856,0.0
1790077071.264472,133403.0,56.943,15.358,167.465,0.805,-0.117,3.277,-0.85,0.146,0.534,100.933,-36.216,34.2,0.1,0.0,0.11878604579978856,0.0
1790077071.26993,133408.0,56.944,15.368,167.48,0.88,-0.139,3.191,-0.85,0.146,0.534,100.933,-36.216,34.188,0.1,0.0,0.11878604579978856,0.0
1790077071.276217,133414.0,56.949,15.387,167.51,1.001,-0.186,3.087,-0.851,0.146,0.533,100.933,-36.216,34.2,0.0,0.0,0.12119235419959296,0.0
1790077071.28053,133419.0,56.951,15.396,167.524,1.024,-0.215,3.022,-0.852,0.146,0.533,100.933,-36.216,34.188,0.0,-0.1,0.12119235419959296,0.0
1790077071.286865,133425.0,56.953,15.405,167.538,1.054,-0.19,2.973,-0.852,0.146,0.532,100.933,-36.216,34.188,-0.2,-0.1,0.12119235419959296,0.0
1790077071.29298,133431.0,56.956,15.414,167.551,1.076,-0.159,2.923,-0.852,0.146,0.532,100.933,-36.216,34.2,0.2,0.2,0.12119235419959296,0.0
1790077071.297334,133436.0,56.959,15.423,167.564,1.082,-0.175,2.869,-0.852,0.146,0.531,100.933,-36.216,34.2,0.0,-0.1,0.12342489169968758,0.0
1790077071.306684,133442.0,56.962,15.431,167.576,1.106,-0.232,2.814,-0.852,0.146,0.53,100.933,-36.216,34.188,-0.2,-0.2,0.12342489169968758,0.0
1790077071.308831,133447.0,56.964,15.439,167.588,1.098,-0.29,2.767,-0.852,0.146,0.529,100.933,-36.216,34.2,0.1,0.0,0.12342489169968758,0.0
1790077071.3203342,133453.0,56.967,15.446,167.6,1.089,-0.359,2.714,-0.852,0.146,0.527,100.933,-36.216,34.2,-0.1,0.1,0.12342489169968758,0.0
1790077071.320819,133459.0,56.972,15.46,167.62,1.127,-0.555,2.606,-0.853,0.147,0.525,100.933,-36.228,34.188,-0.2,-0.2,0.12342489169968758,0.0
1790077071.327304,133465.0,56.974,15.466,167.63,1.11,-0.688,2.563,-0.853,0.147,0.524,100.933,-36.216,34.2,0.1,0.1,0.1261901707999641,0.0
1790077071.3423738,133471.0,56.976,15.472,167.639,1.096,-0.833,2.548,-0.854,0.147,0.524,100.933,-36.216,34.188,0.0,0.0,0.1261901707999641,0.0
1790077071.344117,133477.0,56.977,15.477,167.648,1.104,-0.954,2.54,-0.854,0.147,0.524,100.933,-36.216,34.188,0.3,0.0,0.1261901707999641,0.0
1790077071.344403,133483.0,56.977,15.482,167.656,1.114,-1.032,2.513,-0.855,0.146,0.525,100.933,-36.216,34.2,-0.1,0.0,0.1261901707999641,0.0
1790077071.38543,133488.0,56.977,15.486,167.663,1.096,-1.094,2.475,-0.855,0.146,0.526,100.933,-36.216,34.188,0.0,-0.1,0.13070732500054874,0.0
1790077071.385519,133494.0,56.977,15.489,167.669,1.096,-1.152,2.428,-0.855,0.145,0.527,100.933,-36.216,34.2,0.0,-0.1,0.13070732500054874,0.0
1790077071.385658,133499.0,56.977,15.491,167.674,1.117,-1.213,2.387,-0.855,0.144,0.528,100.933,-36.216,34.188,0.0,0.0,0.13070732500054874,0.0
1790077071.3857,133504.0,56.974,15.493,167.683,1.144,-1.309,2.326,-0.854,0.143,0.53,100.933,-36.216,34.2,0.2,0.1,0.13070732500054874,0.0
1790077071.385727,133510.0,56.973,15.493,167.686,1.131,-1.335,2.316,-0.853,0.142,0.531,100.933,-36.216,34.2,0.0,0.1,0.13070732500054874,0.0
1790077071.385751,133516.0,56.971,15.493,167.689,1.132,-1.362,2.314,-0.852,0.141,0.531,100.933,-36.216,34.188,0.0,0.0,0.13070732500054874,0.0
1790077071.385773,133521.0,56.969,15.493,167.692,1.145,-1.371,2.298,-0.852,0.141,0.531,100.933,-36.216,34.2,0.0,0.2,0.13070732500054874,0.0
1790077071.3900428,133527.0,56.967,15.493,167.695,1.169,-1.385,2.28,-0.851,0.141,0.531,100.933,-36.216,34.2,0.0,0.0,0.13070732500054874,0.0
1790077071.402157,133533.0,56.965,15.493,167.698,1.195,-1.425,2.285,-0.85,0.141,0.53,100.933,-36.216,34.188,0.0,-0.1,0.13070732500054874,0.0
1790077071.40224,133538.0,56.962,15.492,167.7,1.2,-1.487,2.29,-0.849,0.141,0.53,100.933,-36.216,34.2,0.0,0.0,0.13070732500054874,0.0
1790077071.40449,133543.0,56.959,15.492,167.702,1.205,-1.539,2.289,-0.849,0.141,0.529,100.933,-36.228,34.2,-0.2,0.1,0.13370732500054874,0.0
1790077071.4114282,133549.0,56.956,15.492,167.705,1.199,-1.585,2.293,-0.848,0.141,0.529,100.933,-36.216,34.188,0.1,-0.1,0.13434011250064942,0.0
1790077071.416229,133555.0,56.95,15.491,167.709,1.169,-1.66,2.313,-0.848,0.141,0.528,100.932,-36.216,34.2,0.0,0.0,0.13434011250064942,0.0
1790077071.421491,133560.0,56.947,15.49,167.712,1.164,-1.713,2.337,-0.848,0.141,0.528,100.932,-36.216,34.2,-0.1,0.1,0.13434011250064942,0.0
1790077071.430517,133566.0,56.943,15.49,167.715,1.151,-1.746,2.346,-0.849,0.141,0.528,100.932,-36.216,34.2,0.0,0.0,0.1365248333007912,0.0
1790077071.4443252,133571.0,56.94,15.49,167.717,1.12,-1.768,2.312,-0.849,0.142,0.528,100.932,-36.216,34.2,0.0,-0.1,0.1365248333007912,0.0
1790077071.444407,133577.0,56.936,15.489,167.72,1.1,-1.797,2.273,-0.849,0.143,0.528,100.932,-36.216,34.2,0.0,0.3,0.1365248333007912,0.0
1790077071.444486,133583.0,56.932,15.489,167.722,1.071,-1.827,2.252,-0.849,0.144,0.527,100.932,-36.216,34.188,0.0,-0.2,0.1365248333007912,0.0
1790077071.469877,133588.0,56.928,15.488,167.725,1.008,-1.876,2.221,-0.849,0.145,0.527,100.932,-36.216,34.2,0.1,0.0,0.1365248333007912,0.0
1790077071.469992,133594.0,56.92,15.487,167.731,0.889,-1.973,2.198,-0.849,0.147,0.526,100.932,-36.216,34.2,-0.2,0.0,0.1365248333007912,0.0
1790077071.470028,133599.0,56.916,15.487,167.734,0.805,-2.033,2.187,-0.85,0.148,0.525,100.932,-36.216,34.2,0.0,0.1,0.1365248333007912,0.0
1790077071.4701319,133605.0,56.912,15.486,167.737,0.744,-2.096,2.178,-0.85,0.149,0.524,100.932,-36.216,34.2,0.0,0.0,0.1365248333007912,0.0
1790077071.472299,133611.0,56.907,15.485,167.741,0.672,-2.158,2.143,-0.85,0.15,0.523,100.932,-36.216,34.2,0.0,0.0,0.14045818750018954,0.0
1790077071.477251,133616.0,56.907,15.485,167.741,0.672,-2.158,2.143,-0.85,0.15,0.523,100.932,-36.216,34.188,0.1,-0.2,0.14045818750018954,0.0
1790077071.485097,133622.0,56.898,15.481,167.746,0.472,-2.229,2.055,-0.851,0.151,0.522,100.932,-36.216,34.2,-0.1,0.0,0.14045818750018954,0.0
1790077071.492119,133628.0,56.894,15.478,167.748,0.413,-2.278,2.025,-0.851,0.15,0.522,100.932,-36.216,34.188,0.0,-0.1,0.14045818750018954,0.0
1790077071.494844,133633.0,56.889,15.474,167.75,0.34,-2.367,2.001,-0.852,0.15,0.522,100.932,-36.216,34.2,0.0,0.1,0.14295977919973665,0.0
1790077071.5036328,133638.0,56.884,15.469,167.751,0.275,-2.45,1.997,-0.852,0.15,0.522,100.932,-36.216,34.188,0.0,0.0,0.14295977919973665,0.0
1790077071.5128162,133644.0,56.878,15.464,167.752,0.214,-2.488,1.952,-0.852,0.149,0.522,100.932,-36.216,34.2,-0.1,0.0,0.14295977919973665,0.0
1790077071.5128992,133649.0,56.867,15.449,167.75,0.085,-2.575,1.885,-0.852,0.147,0.524,100.932,-36.216,34.2,0.0,0.2,0.14295977919973665,0.0
1790077071.5156631,133654.0,56.861,15.44,167.749,0.03,-2.627,1.9,-0.851,0.146,0.524,100.932,-36.216,34.188,-0.1,-0.2,0.14295977919973665,0.0
1790077071.5213141,133660.0,56.855,15.431,167.747,-0.025,-2.64,1.898,-0.851,0.145,0.525,100.932,-36.216,34.2,0.0,0.2,0.14295977919973665,0.0
1790077071.5274901,133666.0,56.848,15.421,167.745,-0.074,-2.622,1.884,-0.85,0.144,0.526,100.932,-36.216,34.2,0.0,0.3,0.145440079200489,0.0
1790077071.547029,133671.0,56.842,15.411,167.743,-0.099,-2.627,1.87,-0.85,0.144,0.526,100.932,-36.216,34.188,0.3,-0.2,0.1477341792007792,0.0
1790077071.54718,133677.0,56.835,15.401,167.74,-0.072,-2.658,1.894,-0.85,0.143,0.527,100.932,-36.216,34.2,0.0,0.0,0.1477341792007792,0.0
1790077071.547214,133683.0,56.828,15.39,167.738,-0.045,-2.697,1.938,-0.849,0.143,0.528,100.931,-36.216,34.2,0.0,0.0,0.1477341792007792,0.0
1790077071.550287,133688.0,56.821,15.38,167.736,-0.023,-2.685,1.96,-0.849,0.142,0.528,100.931,-36.216,34.188,-0.1,-0.1,0.1477341792007792,0.0
1790077071.5558789,133694.0,56.807,15.36,167.731,-0.021,-2.602,2.02,-0.848,0.141,0.528,100.931,-36.216,34.188,0.1,0.0,0.1477341792007792,0.0
1790077071.56074,133699.0,56.801,15.35,167.73,-0.007,-2.616,2.047,-0.848,0.141,0.528,100.931,-36.216,34.2,0.2,0.0,0.1477341792007792,0.0
1790077071.570857,133705.0,56.793,15.341,167.728,0.008,-2.658,2.07,-0.847,0.141,0.528,100.931,-36.216,34.2,0.0,0.3,0.1501501582999481,0.0
1790077071.5723038,133711.0,56.786,15.332,167.727,0.022,-2.676,2.102,-0.847,0.141,0.528,100.931,-36.216,34.188,-0.1,-0.1,0.1501501582999481,0.0
1790077071.577367,133716.0,56.779,15.323,167.726,0.052,-2.666,2.132,-0.846,0.141,0.528,100.931,-36.216,34.188,-0.2,-0.1,0.1501501582999481,0.0
1790077071.582328,133721.0,56.772,15.315,167.725,0.092,-2.638,2.126,-0.846,0.142,0.528,100.931,-36.216,34.188,0.0,-0.1,0.1501501582999481,0.0
1790077071.5884569,133727.0,56.765,15.307,167.724,0.116,-2.611,2.122,-0.846,0.142,0.528,100.931,-36.216,34.2,0.0,0.1,0.1501501582999481,0.0
1790077071.594194,133732.0,56.758,15.3,167.724,0.138,-2.574,2.116,-0.846,0.142,0.528,100.931,-36.216,34.2,0.0,0.1,0.1525886500006891,0.0
1790077071.599305,133738.0,56.751,15.292,167.724,0.172,-2.541,2.093,-0.846,0.143,0.528,100.931,-36.216,34.188,0.2,-0.2,0.1525886500006891,0.0
1790077071.604373,133743.0,56.745,15.286,167.724,0.209,-2.511,2.086,-0.847,0.143,0.529,100.932,-36.216,34.188,-0.1,0.0,0.1525886500006891,0.0
1790077071.610006,133748.0,56.738,15.279,167.724,0.239,-2.468,2.09,-0.847,0.144,0.529,100.932,-36.216,34.188,0.0,0.0,0.1525886500006891,0.0
1790077071.615802,133754.0,56.726,15.267,167.724,0.322,-2.349,2.099,-0.848,0.144,0.53,100.932,-36.216,34.188,-0.1,0.0,0.1525886500006891,0.0
1790077071.6211,133759.0,56.721,15.262,167.725,0.327,-2.287,2.085,-0.848,0.144,0.531,100.932,-36.216,34.2,0.0,0.1,0.15512764580053046,0.0
1790077071.6264162,133765.0,56.715,15.256,167.726,0.328,-2.242,2.074,-0.848,0.145,0.531,100.932,-36.216,34.188,0.0,-0.1,0.15512764580053046,0.0
1790077071.6318772,133770.0,56.71,15.251,167.726,0.366,-2.233,2.043,-0.848,0.145,0.531,100.932,-36.216,34.2,0.2,0.1,0.15512764580053046,0.0
1790077071.63726,133776.0,56.705,15.246,167.727,0.414,-2.209,2.028,-0.848,0.145,0.531,100.932,-36.216,34.188,0.0,-0.1,0.15512764580053046,0.0
1790077071.642097,133781.0,56.7,15.241,167.728,0.413,-2.165,2.033,-0.849,0.146,0.531,100.932,-36.216,34.188,0.3,0.0,0.15732092920079596,0.0
1790077071.649718,133787.0,56.695,15.237,167.729,0.408,-2.126,2.055,-0.849,0.146,0.531,100.932,-36.216,34.2,0.0,0.0,0.15732092920079596,0.0
1790077071.662205,133793.0,56.691,15.233,167.731,0.415,-2.088,2.056,-0.85,0.147,0.53,100.932,-36.216,34.2,-0.1,0.1,0.15732092920079596,0.0
1790077071.662346,133799.0,56.682,15.227,167.736,0.4,-2.101,2.027,-0.851,0.149,0.529,100.932,-36.216,34.188,0.0,-0.1,0.15732092920079596,0.0
1790077071.690318,133804.0,56.682,15.227,167.736,0.4,-2.101,2.027,-0.851,0.149,0.529,100.932,-36.216,34.2,0.2,0.1,0.16041223750071368,0.0
1790077071.690568,133810.0,56.674,15.222,167.742,0.404,-2.136,2.08,-0.852,0.15,0.529,100.932,-36.216,34.188,-0.3,0.0,0.16041223750071368,0.0
1790077071.690625,133816.0,56.67,15.22,167.745,0.397,-2.114,2.088,-0.853,0.15,0.529,100.932,-36.216,34.2,0.3,0.3,0.16041223750071368,0.0
1790077071.6906629,133821.0,56.666,15.218,167.748,0.385,-2.09,2.079,-0.854,0.151,0.529,100.932,-36.216,34.188,-0.1,-0.1,0.16041223750071368,0.0
1790077071.690686,133826.0,56.663,15.215,167.752,0.353,-2.046,2.062,-0.854,0.15,0.53,100.932,-36.216,34.188,-0.1,-0.1,0.16041223750071368,0.0
1790077071.693305,133831.0,56.659,15.212,167.755,0.303,-2.022,2.05,-0.854,0.15,0.53,100.932,-36.216,34.2,0.4,0.0,0.16041223750071368,0.0
1790077071.6989608,133837.0,56.655,15.209,167.758,0.285,-2.022,2.061,-0.854,0.15,0.531,100.932,-36.216,34.188,-0.2,-0.1,0.16041223750071368,0.0
1790077071.7052019,133843.0,56.652,15.206,167.761,0.277,-2.002,2.063,-0.853,0.15,0.532,100.932,-36.216,34.188,0.3,-0.1,0.1631657624995569,0.0
1790077071.7103958,133849.0,56.644,15.199,167.766,0.265,-1.925,2.059,-0.852,0.148,0.533,100.932,-36.216,34.2,-0.2,0.2,0.1631657624995569,0.0
1790077071.7198389,133854.0,56.644,15.199,167.766,0.265,-1.925,2.059,-0.852,0.148,0.533,100.932,-36.216,34.188,0.0,-0.1,0.1631657624995569,0.0
1790077071.721646,133860.0,56.638,15.192,167.772,0.365,-1.766,2.087,-0.85,0.147,0.534,100.932,-36.216,34.2,0.0,0.0,0.1631657624995569,0.0
1790077071.7279968,133866.0,56.634,15.189,167.775,0.387,-1.692,2.1,-0.849,0.147,0.534,100.932,-36.216,34.188,0.0,-0.1,0.16614676669996697,0.0
1790077071.733679,133872.0,56.632,15.186,167.778,0.377,-1.618,2.099,-0.849,0.147,0.534,100.932,-36.216,34.188,0.2,0.0,0.16614676669996697,0.0
1790077071.739757,133878.0,56.629,15.184,167.781,0.377,-1.553,2.097,-0.848,0.147,0.535,100.932,-36.216,34.188,0.2,0.0,0.16614676669996697,0.0
1790077071.7448,133883.0,56.627,15.181,167.785,0.394,-1.502,2.113,-0.847,0.147,0.535,100.932,-36.216,34.2,0.0,0.3,0.16614676669996697,0.0
1790077071.763475,133889.0,56.623,15.178,167.793,0.457,-1.35,2.082,-0.847,0.148,0.534,100.932,-36.216,34.188,0.0,-0.1,0.16614676669996697,0.0
1790077071.763658,133894.0,56.621,15.177,167.797,0.505,-1.297,2.083,-0.846,0.148,0.534,100.932,-36.216,34.2,0.0,0.2,0.16614676669996697,0.0
1790077071.7637289,133899.0,56.62,15.176,167.802,0.55,-1.236,2.073,-0.846,0.148,0.534,100.932,-36.216,34.2,0.0,0.1,0.16614676669996697,0.0
1790077071.76717,133906.0,56.62,15.175,167.806,0.558,-1.147,2.057,-0.846,0.147,0.533,100.932,-36.216,34.188,-0.2,-0.2,0.16865327080013232,0.0
1790077071.7738051,133912.0,56.619,15.174,167.81,0.581,-1.075,2.053,-0.846,0.147,0.533,100.932,-36.216,34.2,0.0,0.0,0.16865327080013232,0.0
1790077071.7971468,133918.0,56.62,15.173,167.814,0.602,-1.008,2.083,-0.846,0.146,0.534,100.932,-36.216,34.2,0.0,0.0,0.1738073542001075,0.0
1790077071.812145,133924.0,56.621,15.171,167.823,0.61,-0.873,2.171,-0.847,0.144,0.533,100.932,-36.216,34.2,0.0,0.1,0.1738073542001075,0.0
1790077071.8220391,133931.0,56.622,15.17,167.828,0.653,-0.779,2.196,-0.847,0.142,0.534,100.933,-36.216,34.2,0.0,0.0,0.1738073542001075,0.0
1790077071.824699,133937.0,56.624,15.17,167.833,0.688,-0.729,2.236,-0.847,0.142,0.534,100.933,-36.216,34.188,-0.2,-0.2,0.1738073542001075,0.0
1790077071.824766,133943.0,56.625,15.17,167.838,0.708,-0.673,2.295,-0.847,0.142,0.534,100.933,-36.216,34.2,0.1,0.0,0.1738073542001075,0.0
1790077071.824796,133949.0,56.63,15.172,167.851,0.784,-0.469,2.361,-0.847,0.141,0.534,100.933,-36.216,34.2,0.2,0.1,0.1738073542001075,0.0
1790077071.824818,133954.0,56.633,15.173,167.858,0.827,-0.367,2.395,-0.847,0.141,0.534,100.933,-36.216,34.188,0.0,-0.1,0.1738073542001075,0.0
1790077071.8248389,133960.0,56.636,15.176,167.865,0.86,-0.287,2.427,-0.847,0.141,0.533,100.933,-36.216,34.2,-0.1,0.1,0.1738073542001075,0.0
1790077071.826699,133965.0,56.64,15.179,167.873,0.918,-0.227,2.443,-0.847,0.141,0.533,100.933,-36.216,34.188,0.1,0.0,0.17664182080043248,0.0
1790077071.8315809,133970.0,56.64,15.179,167.873,0.918,-0.227,2.443,-0.847,0.141,0.533,100.933,-36.216,34.2,0.0,0.2,0.17664182080043248,0.0
1790077071.8469188,133976.0,56.648,15.187,167.89,0.975,-0.182,2.433,-0.848,0.143,0.531,100.933,-36.216,34.188,-0.2,-0.3,0.17664182080043248,0.0
1790077071.847044,133982.0,56.653,15.192,167.899,0.966,-0.147,2.447,-0.848,0.144,0.53,100.933,-36.216,34.2,0.1,0.0,0.17664182080043248,0.0
1790077071.8550248,133988.0,56.658,15.198,167.909,0.954,-0.095,2.464,-0.848,0.145,0.529,100.933,-36.216,34.2,0.0,0.3,0.17664182080043248,0.0
1790077071.855573,133994.0,56.663,15.203,167.919,0.912,-0.088,2.475,-0.849,0.145,0.528,100.931,-36.216,34.188,0.3,-0.1,0.17664182080043248,0.0
1790077071.862002,134000.0,56.674,15.214,167.939,0.899,-0.151,2.495,-0.85,0.144,0.526,100.931,-36.216,34.188,0.1,-0.2,0.17964182080043248,0.0
1790077071.871891,134006.0,56.679,15.22,167.949,0.878,-0.204,2.534,-0.85,0.144,0.526,100.931,-36.216,34.188,0.0,-0.1,0.17964182080043248,0.0
1790077071.873635,134012.0,56.684,15.225,167.96,0.845,-0.228,2.595,-0.851,0.144,0.525,100.931,-36.216,34.2,-0.1,0.0,0.17967823329963722,0.0
1790077071.8795462,134018.0,56.689,15.231,167.971,0.795,-0.267,2.632,-0.852,0.144,0.525,100.931,-36.216,34.188,0.0,-0.1,0.18190964579989669,0.0
1790077071.890975,134024.0,56.698,15.242,167.993,0.762,-0.357,2.68,-0.852,0.144,0.525,100.931,-36.216,34.188,-0.1,0.0,0.18190964579989669,0.0
1790077071.891063,134029.0,56.702,15.248,168.005,0.729,-0.408,2.713,-0.852,0.145,0.525,100.931,-36.216,34.188,-0.2,0.0,0.18190964579989669,0.0
1790077071.895286,134034.0,56.702,15.248,168.005,0.729,-0.408,2.713,-0.852,0.145,0.525,100.931,-36.216,34.188,0.2,0.0,0.18190964579989669,0.0
1790077071.9013991,134040.0,56.71,15.26,168.029,0.637,-0.456,2.794,-0.852,0.146,0.525,100.931,-36.216,34.2,0.0,0.0,0.18190964579989669,0.0
1790077071.9064372,134045.0,56.713,15.267,168.042,0.6,-0.484,2.826,-0.852,0.147,0.525,100.931,-36.216,34.188,0.2,0.0,0.18190964579989669,0.0
1790077071.911581,134050.0,56.716,15.274,168.055,0.576,-0.548,2.841,-0.852,0.148,0.525,100.931,-36.216,34.2,0.2,0.1,0.18441595000040253,0.0
1790077071.9211361,134056.0,56.719,15.281,168.069,0.562,-0.601,2.845,-0.852,0.149,0.526,100.932,-36.216,34.188,0.0,-0.1,0.18441595000040253,0.0
1790077071.9241421,134063.0,56.721,15.288,168.082,0.526,-0.644,2.841,-0.852,0.149,0.526,100.932,-36.216,34.188,0.0,0.0,0.18441595000040253,0.0
1790077071.930948,134070.0,56.725,15.3,168.108,0.497,-0.671,2.802,-0.851,0.149,0.527,100.932,-36.216,34.2,0.0,0.0,0.18687235830002466,0.0
1790077071.940085,134075.0,56.727,15.306,168.12,0.5,-0.672,2.803,-0.85,0.148,0.527,100.932,-36.216,34.2,0.0,0.3,0.18687235830002466,0.0
1790077071.942061,134080.0,56.729,15.311,168.132,0.512,-0.667,2.803,-0.85,0.147,0.528,100.932,-36.216,34.188,-0.1,-0.2,0.18687235830002466,0.0
1790077071.947377,134086.0,56.731,15.315,168.143,0.512,-0.667,2.795,-0.85,0.146,0.529,100.932,-36.216,34.2,0.1,0.3,0.18687235830002466,0.0
1790077071.952188,134091.0,56.732,15.319,168.154,0.519,-0.666,2.809,-0.85,0.144,0.53,100.932,-36.216,34.2,0.0,0.0,0.18687235830002466,0.0
1790077071.9587111,134097.0,56.733,15.323,168.165,0.538,-0.655,2.859,-0.849,0.143,0.532,100.932,-36.216,34.188,0.0,-0.2,0.18909485830081396,0.0
1790077071.964332,134103.0,56.734,15.327,168.175,0.565,-0.602,2.899,-0.849,0.143,0.534,100.932,-36.216,34.188,0.0,-0.1,0.18909485830081396,0.0
1790077071.974611,134109.0,56.736,15.335,168.198,0.65,-0.433,2.955,-0.849,0.142,0.536,100.932,-36.216,34.2,0.0,0.1,0.18909485830081396,0.0
1790077071.977359,134116.0,56.738,15.34,168.209,0.694,-0.337,2.994,-0.85,0.142,0.537,100.931,-36.216,34.188,0.0,-0.1,0.18909485830081396,0.0
1790077071.9836931,134122.0,56.74,15.346,168.221,0.737,-0.281,3.02,-0.85,0.142,0.538,100.931,-36.216,34.2,0.1,0.1,0.19159124580037315,0.0
1790077071.989422,134128.0,56.742,15.352,168.234,0.785,-0.244,3.034,-0.851,0.142,0.538,100.931,-36.216,34.188,0.0,-0.1,0.19159124580037315,0.0
1790077071.994302,134133.0,56.744,15.359,168.247,0.826,-0.17,3.068,-0.851,0.143,0.538,100.931,-36.216,34.2,0.0,0.1,0.19159124580037315,0.0
1790077072.0072331,134138.0,56.747,15.366,168.261,0.861,-0.071,3.104,-0.852,0.143,0.537,100.931,-36.216,34.188,0.0,-0.2,0.19159124580037315,0.0
1790077072.007403,134144.0,56.754,15.384,168.291,0.9,0.078,3.185,-0.851,0.145,0.536,100.931,-36.216,34.2,0.1,0.1,0.19159124580037315,0.0
1790077072.011114,134150.0,56.758,15.394,168.306,0.892,0.138,3.205,-0.851,0.145,0.535,100.931,-36.216,34.188,0.1,0.0,0.19483856669976377,0.0
1790077072.0168362,134155.0,56.762,15.404,168.323,0.89,0.213,3.203,-0.851,0.145,0.534,100.931,-36.216,34.188,0.0,-0.1,0.19483856669976377,0.0
1790077072.022495,134161.0,56.767,15.415,168.339,0.912,0.274,3.217,-0.851,0.145,0.533,100.931,-36.216,34.188,0.1,0.0,0.19483856669976377,0.0
1790077072.027863,134166.0,56.772,15.426,168.356,0.928,0.324,3.243,-0.851,0.145,0.533,100.931,-36.204,34.188,0.2,0.0,0.19483856669976377,0.0
1790077072.040402,134172.0,56.778,15.437,168.373,0.94,0.36,3.246,-0.852,0.145,0.532,100.931,-36.204,34.188,0.1,0.0,0.19483856669976377,0.0
1790077072.0404632,134177.0,56.783,15.448,168.39,0.936,0.381,3.272,-0.852,0.145,0.532,100.931,-36.216,34.2,-0.1,0.2,0.19483856669976377,0.0
1790077072.0446138,134183.0,56.789,15.46,168.408,0.923,0.409,3.309,-0.853,0.145,0.533,100.931,-36.216,34.188,-0.1,0.0,0.19483856669976377,0.0
1790077072.050297,134189.0,56.8,15.482,168.442,0.935,0.366,3.301,-0.854,0.145,0.533,100.931,-36.216,34.188,0.0,0.0,0.19483856669976377,0.0
1790077072.056256,134195.0,56.805,15.493,168.46,0.962,0.369,3.302,-0.854,0.145,0.533,100.931,-36.216,34.188,-0.1,0.0,0.19783856669976377,0.0
1790077072.061746,134200.0,56.811,15.504,168.477,0.976,0.392,3.302,-0.854,0.144,0.533,100.931,-36.216,34.188,0.0,-0.1,0.19783856669976377,0.0
1790077072.068256,134205.0,56.816,15.515,168.494,0.922,0.442,3.318,-0.854,0.144,0.534,100.931,-36.216,34.2,0.0,0.1,0.19819212080037688,0.0
1790077072.072475,134211.0,56.822,15.526,168.511,0.891,0.471,3.316,-0.854,0.144,0.534,100.931,-36.216,34.188,-0.1,0.0,0.2005799708000268,0.0
1790077072.078652,134217.0,56.828,15.537,168.528,0.909,0.476,3.294,-0.854,0.144,0.533,100.931,-36.216,34.2,0.1,0.0,0.2005799708000268,0.0
1790077072.085103,134223.0,56.834,15.548,168.545,0.899,0.484,3.266,-0.853,0.145,0.533,100.931,-36.216,34.188,0.0,0.0,0.2005799708000268,0.0
1790077072.090456,134229.0,56.845,15.569,168.579,0.829,0.496,3.244,-0.852,0.146,0.531,100.931,-36.216,34.2,0.0,0.0,0.2005799708000268,0.0
1790077072.095933,134234.0,56.851,15.58,168.596,0.81,0.507,3.269,-0.851,0.146,0.53,100.931,-36.216,34.188,0.0,0.0,0.202856283300207,0.0
1790077072.101533,134240.0,56.851,15.58,168.596,0.81,0.507,3.269,-0.851,0.146,0.53,100.931,-36.216,34.2,0.1,0.3,0.202856283300207,0.0
1790077072.107272,134245.0,56.858,15.59,168.614,0.778,0.506,3.248,-0.851,0.146,0.53,100.933,-36.216,34.188,-0.3,-0.1,0.202856283300207,0.0
1790077072.1126,134251.0,56.869,15.611,168.648,0.788,0.43,3.262,-0.85,0.145,0.529,100.933,-36.216,34.188,0.2,-0.1,0.20488607500010403,0.0
1790077072.118279,134256.0,56.875,15.621,168.665,0.749,0.386,3.312,-0.851,0.144,0.528,100.933,-36.216,34.188,0.1,0.0,0.20488607500010403,0.0
1790077072.12372,134262.0,56.88,15.631,168.682,0.728,0.329,3.331,-0.851,0.144,0.528,100.933,-36.216,34.2,0.0,0.0,0.20488607500010403,0.0
1790077072.129493,134268.0,56.886,15.64,168.699,0.69,0.278,3.334,-0.852,0.144,0.528,100.933,-36.216,34.188,0.0,-0.1,0.20488607500010403,0.0
1790077072.1355362,134274.0,56.891,15.649,168.716,0.65,0.219,3.36,-0.853,0.144,0.529,100.933,-36.204,34.2,0.1,0.2,0.20488607500010403,0.0
1790077072.1412868,134280.0,56.9,15.668,168.75,0.604,0.134,3.356,-0.854,0.145,0.528,100.933,-36.216,34.188,-0.2,-0.1,0.20488607500010403,0.0
1790077072.146313,134285.0,56.905,15.677,168.767,0.595,0.119,3.349,-0.854,0.146,0.528,100.933,-36.216,34.188,0.0,0.0,0.207339916699857,0.0
1790077072.152225,134291.0,56.909,15.687,168.784,0.612,0.086,3.351,-0.855,0.147,0.528,100.933,-36.204,34.2,0.1,0.0,0.207339916699857,0.0
1790077072.157291,134296.0,56.913,15.697,168.801,0.607,0.021,3.337,-0.856,0.148,0.528,100.933,-36.216,34.188,-0.1,-0.1,0.207339916699857,0.0
1790077072.163614,134302.0,56.917,15.707,168.819,0.583,-0.054,3.329,-0.856,0.148,0.527,100.933,-36.216,34.188,0.0,-0.1,0.20942584580043333,0.0
1790077072.176695,134308.0,56.921,15.716,168.836,0.554,-0.152,3.303,-0.856,0.149,0.527,100.933,-36.216,34.188,-0.1,-0.1,0.20942584580043333,0.0
1790077072.177081,134313.0,56.924,15.725,168.853,0.5,-0.228,3.256,-0.856,0.149,0.527,100.933,-36.216,34.2,0.0,0.1,0.20942584580043333,0.0
1790077072.1804612,134319.0,56.927,15.734,168.869,0.44,-0.306,3.199,-0.856,0.149,0.527,100.933,-36.216,34.188,0.0,-0.3,0.20942584580043333,0.0
1790077072.187278,134324.0,56.93,15.741,168.884,0.403,-0.349,3.155,-0.855,0.149,0.527,100.933,-36.216,34.188,0.0,0.0,0.21186342080036413,0.0
1790077072.191388,134330.0,56.935,15.753,168.913,0.336,-0.384,3.081,-0.852,0.148,0.527,100.933,-36.204,34.188,0.2,0.0,0.21186342080036413,0.0
1790077072.197699,134335.0,56.937,15.758,168.926,0.313,-0.413,3.052,-0.851,0.147,0.527,100.933,-36.204,34.188,0.1,0.0,0.21186342080036413,0.0
1790077072.2049012,134341.0,56.938,15.763,168.939,0.312,-0.478,3.034,-0.85,0.146,0.528,100.933,-36.216,34.2,0.0,0.1,0.21186342080036413,0.0
1790077072.208499,134346.0,56.94,15.767,168.952,0.311,-0.518,3.038,-0.85,0.146,0.528,100.933,-36.216,34.188,-0.1,-0.1,0.2146156875009183,0.0
1790077072.213676,134352.0,56.941,15.77,168.964,0.289,-0.517,3.03,-0.849,0.145,0.529,100.933,-36.216,34.188,0.0,-0.2,0.2146156875009183,0.0
1790077072.2199948,134358.0,56.942,15.773,168.975,0.27,-0.527,2.995,-0.849,0.144,0.53,100.933,-36.204,34.2,0.5,0.1,0.2146156875009183,0.0
1790077072.226322,134364.0,56.943,15.776,168.996,0.299,-0.533,2.931,-0.849,0.143,0.532,100.933,-36.204,34.2,0.1,0.0,0.2146156875009183,0.0
1790077072.239866,134370.0,56.944,15.778,169.006,0.316,-0.532,2.889,-0.85,0.143,0.532,100.933,-36.216,34.2,0.0,0.0,0.21675589170044987,0.0
1790077072.239954,134376.0,56.945,15.779,169.015,0.339,-0.544,2.851,-0.85,0.143,0.533,100.933,-36.204,34.188,0.0,0.0,0.21675589170044987,0.0
1790077072.2420962,134381.0,56.946,15.78,169.024,0.381,-0.572,2.777,-0.851,0.144,0.532,100.933,-36.216,34.188,0.0,-0.1,0.21675589170044987,0.0
1790077072.25436,134387.0,56.947,15.781,169.033,0.42,-0.592,2.734,-0.852,0.145,0.532,100.933,-36.216,34.188,0.0,-0.2,0.21948449170013193,0.0
1790077072.2544608,134393.0,56.948,15.783,169.042,0.456,-0.588,2.705,-0.852,0.146,0.531,100.933,-36.216,34.2,0.0,0.3,0.21948449170013193,0.0
1790077072.260727,134399.0,56.951,15.786,169.06,0.379,-0.674,2.565,-0.853,0.148,0.528,100.933,-36.204,34.188,0.4,0.0,0.21948449170013193,0.0
1790077072.279124,134405.0,56.952,15.787,169.068,0.313,-0.718,2.482,-0.853,0.15,0.526,100.933,-36.204,34.188,0.0,-0.1,0.21948449170013193,0.0
1790077072.2791848,134410.0,56.954,15.788,169.076,0.241,-0.79,2.424,-0.853,0.15,0.525,100.933,-36.204,34.188,0.0,0.0,0.21948449170013193,0.0
1790077072.279213,134416.0,56.955,15.788,169.084,0.168,-0.869,2.377,-0.852,0.151,0.524,100.933,-36.204,34.2,0.0,0.1,0.21948449170013193,0.0
1790077072.287127,134422.0,56.956,15.787,169.091,0.119,-0.922,2.314,-0.852,0.151,0.523,100.933,-36.204,34.188,0.0,0.0,0.22149647080077559,0.0
1790077072.289993,134428.0,56.957,15.786,169.098,0.096,-1.01,2.257,-0.851,0.151,0.523,100.933,-36.204,34.2,0.0,0.1,0.22149647080077559,0.0
1790077072.295365,134434.0,56.957,15.783,169.103,0.057,-1.101,2.206,-0.85,0.15,0.523,100.932,-36.216,34.188,-0.2,-0.1,0.22149647080077559,0.0
1790077072.3006709,134439.0,56.957,15.775,169.112,-0.032,-1.223,2.126,-0.849,0.148,0.523,100.932,-36.216,34.188,-0.4,-0.1,0.22149647080077559,0.0
1790077072.306419,134444.0,56.957,15.775,169.112,-0.032,-1.223,2.126,-0.849,0.148,0.523,100.932,-36.204,34.188,0.5,0.0,0.22149647080077559,0.0
1790077072.311442,134450.0,56.956,15.764,169.117,-0.033,-1.355,2.031,-0.849,0.147,0.525,100.932,-36.204,34.2,0.1,0.1,0.22149647080077559,0.0
1790077072.319593,134455.0,56.954,15.757,169.119,-0.001,-1.417,1.974,-0.849,0.147,0.526,100.932,-36.204,34.188,0.2,0.0,0.22149647080077559,0.0
1790077072.3224452,134461.0,56.952,15.75,169.119,0.034,-1.448,1.926,-0.849,0.147,0.527,100.932,-36.216,34.188,-0.2,0.0,0.2244964708007756,0.0
1790077072.327122,134466.0,56.951,15.742,169.119,0.019,-1.479,1.869,-0.849,0.147,0.528,100.932,-36.216,34.2,-0.3,0.0,0.2244964708007756,0.0
1790077072.336488,134472.0,56.948,15.734,169.119,-0.02,-1.538,1.793,-0.849,0.147,0.528,100.932,-36.216,34.188,0.0,0.0,0.225501045800047,0.0
1790077072.338722,134477.0,56.946,15.724,169.117,-0.014,-1.561,1.712,-0.849,0.147,0.528,100.932,-36.204,34.2,0.0,0.0,0.225501045800047,0.0
1790077072.345433,134483.0,56.944,15.715,169.115,0.002,-1.604,1.65,-0.849,0.147,0.528,100.932,-36.204,34.2,0.1,0.0,0.2278115708002588,0.0
1790077072.3561332,134488.0,56.942,15.705,169.113,-0.003,-1.646,1.588,-0.849,0.148,0.527,100.932,-36.204,34.2,0.0,0.1,0.2278115708002588,0.0
1790077072.3562791,134494.0,56.938,15.686,169.108,0.056,-1.662,1.452,-0.848,0.149,0.527,100.932,-36.216,34.188,-0.1,-0.2,0.2278115708002588,0.0
1790077072.3614268,134500.0,56.935,15.676,169.104,0.046,-1.68,1.384,-0.848,0.15,0.527,100.932,-36.216,34.2,-0.1,0.1,0.23025983330007876,0.0
1790077072.367272,134506.0,56.933,15.666,169.1,0.041,-1.707,1.324,-0.847,0.15,0.527,100.932,-36.204,34.188,0.2,0.0,0.23025983330007876,0.0
1790077072.3737721,134512.0,56.931,15.655,169.096,0.04,-1.748,1.266,-0.847,0.15,0.526,100.932,-36.204,34.2,0.0,0.0,0.23025983330007876,0.0
1790077072.378923,134517.0,56.928,15.643,169.091,0.033,-1.792,1.231,-0.847,0.15,0.526,100.932,-36.204,34.188,0.1,-0.2,0.23025983330007876,0.0
1790077072.387976,134523.0,56.925,15.631,169.086,0.004,-1.833,1.215,-0.846,0.149,0.527,100.932,-36.216,34.2,-0.1,0.1,0.23025983330007876,0.0
1790077072.3910651,134530.0,56.919,15.606,169.074,0.046,-1.849,1.211,-0.846,0.147,0.528,100.932,-36.216,34.2,0.0,0.0,0.23302329169964653,0.0
1790077072.396255,134535.0,56.919,15.606,169.074,0.046,-1.849,1.211,-0.846,0.147,0.528,100.932,-36.216,34.188,0.0,0.0,0.23302329169964653,0.0
1790077072.407304,134541.0,56.913,15.58,169.06,0.153,-1.887,1.165,-0.847,0.146,0.53,100.932,-36.204,34.2,0.3,0.1,0.23302329169964653,0.0
1790077072.407424,134546.0,56.909,15.567,169.053,0.151,-1.881,1.152,-0.847,0.146,0.53,100.932,-36.216,34.188,-0.3,-0.1,0.23302329169964653,0.0
1790077072.412373,134551.0,56.909,15.567,169.053,0.151,-1.881,1.152,-0.847,0.146,0.53,100.932,-36.204,34.188,0.1,0.0,0.23302329169964653,0.0
1790077072.418581,134557.0,56.903,15.541,169.038,0.215,-1.93,1.135,-0.848,0.146,0.53,100.932,-36.204,34.2,0.0,0.1,0.23302329169964653,0.0
1790077072.424692,134563.0,56.9,15.529,169.031,0.294,-1.917,1.103,-0.849,0.147,0.53,100.932,-36.216,34.2,-0.2,0.0,0.23546450830035612,0.0
1790077072.429487,134568.0,56.897,15.517,169.024,0.341,-1.907,1.076,-0.849,0.147,0.53,100.932,-36.204,34.2,0.1,0.0,0.23546450830035612,0.0
1790077072.43636,134574.0,56.894,15.505,169.016,0.39,-1.94,1.056,-0.849,0.148,0.529,100.932,-36.204,34.2,0.0,0.1,0.23546450830035612,0.0
1790077072.4414668,134580.0,56.888,15.482,169.002,0.481,-2.013,1.059,-0.849,0.148,0.527,100.932,-36.216,34.188,-0.1,-0.1,0.23546450830035612,0.0
1790077072.446659,134585.0,56.885,15.472,168.995,0.5,-2.031,1.071,-0.849,0.148,0.527,100.932,-36.204,34.2,0.1,0.1,0.23787989170086804,0.0
1790077072.4522638,134591.0,56.881,15.461,168.988,0.529,-2.075,1.054,-0.849,0.148,0.526,100.932,-36.216,34.2,-0.1,0.0,0.23787989170086804,0.0
1790077072.457432,134596.0,56.878,15.45,168.981,0.516,-2.143,1.02,-0.849,0.148,0.525,100.932,-36.216,34.188,-0.1,-0.1,0.23787989170086804,0.0
1790077072.463697,134602.0,56.875,15.439,168.973,0.485,-2.22,1.016,-0.849,0.147,0.525,100.932,-36.204,34.2,0.3,0.0,0.24001065000047675,0.0
1790077072.4706361,134608.0,56.871,15.427,168.965,0.518,-2.268,1.05,-0.848,0.147,0.524,100.932,-36.204,34.2,0.1,0.2,0.24001065000047675,0.0
1790077072.476373,134614.0,56.867,15.416,168.958,0.524,-2.332,1.096,-0.848,0.146,0.524,100.932,-36.204,34.188,0.0,-0.2,0.24001065000047675,0.0
1790077072.4876978,134620.0,56.858,15.393,168.942,0.57,-2.469,1.187,-0.847,0.144,0.524,100.932,-36.204,34.188,0.1,-0.2,0.24001065000047675,0.0
1790077072.487782,134625.0,56.853,15.382,168.935,0.595,-2.496,1.231,-0.847,0.144,0.525,100.932,-36.204,34.188,0.0,-0.1,0.24001065000047675,0.0
1790077072.491145,134630.0,56.847,15.371,168.927,0.63,-2.542,1.269,-0.847,0.144,0.525,100.932,-36.204,34.2,0.0,0.2,0.24293163330003154,0.0
1790077072.496703,134635.0,56.842,15.361,168.92,0.648,-2.564,1.303,-0.847,0.144,0.525,100.932,-36.204,34.188,0.1,0.0,0.24293163330003154,0.0
1790077072.511463,134641.0,56.836,15.351,168.914,0.669,-2.582,1.33,-0.847,0.145,0.525,100.932,-36.204,34.188,0.0,0.0,0.24293163330003154,0.0
1790077072.511542,134646.0,56.83,15.342,168.908,0.695,-2.594,1.359,-0.847,0.145,0.525,100.932,-36.204,34.2,0.1,0.1,0.24293163330003154,0.0
1790077072.513706,134652.0,56.825,15.334,168.902,0.732,-2.613,1.403,-0.847,0.145,0.526,100.932,-36.216,34.2,-0.2,0.1,0.24526406250079164,0.0
1790077072.519694,134658.0,56.818,15.326,168.897,0.776,-2.629,1.449,-0.848,0.146,0.526,100.932,-36.216,34.2,-0.1,0.0,0.24526406250079164,0.0
1790077072.525475,134664.0,56.806,15.31,168.888,0.722,-2.629,1.526,-0.848,0.146,0.527,100.932,-36.204,34.2,0.1,0.0,0.24526406250079164,0.0
1790077072.530614,134669.0,56.799,15.303,168.883,0.695,-2.655,1.587,-0.847,0.146,0.527,100.932,-36.204,34.188,0.1,-0.1,0.24526406250079164,0.0
1790077072.542442,134674.0,56.799,15.303,168.883,0.695,-2.655,1.587,-0.847,0.146,0.527,100.932,-36.216,34.2,-0.2,0.0,0.24526406250079164,0.0
1790077072.5425248,134680.0,56.786,15.288,168.876,0.62,-2.667,1.631,-0.848,0.146,0.527,100.931,-36.204,34.2,0.1,0.0,0.24526406250079164,0.0
1790077072.546607,134685.0,56.78,15.281,168.873,0.598,-2.641,1.648,-0.848,0.146,0.527,100.931,-36.204,34.188,0.1,0.0,0.24526406250079164,0.0
1790077072.554035,134691.0,56.773,15.274,168.87,0.611,-2.645,1.7,-0.848,0.146,0.527,100.931,-36.204,34.2,-0.1,0.1,0.24526406250079164,0.0
1790077072.558132,134696.0,56.767,15.268,168.868,0.633,-2.654,1.746,-0.848,0.147,0.527,100.931,-36.204,34.2,0.0,0.0,0.24826406250079164,0.0
1790077072.563599,134702.0,56.76,15.262,168.866,0.639,-2.631,1.778,-0.848,0.147,0.527,100.931,-36.216,34.2,-0.2,0.0,0.24826406250079164,0.0
1790077072.571369,134707.0,56.754,15.258,168.865,0.663,-2.618,1.801,-0.848,0.148,0.527,100.931,-36.204,34.2,0.0,0.0,0.24836420420033392,0.0
1790077072.574332,134713.0,56.748,15.253,168.864,0.675,-2.588,1.825,-0.849,0.149,0.528,100.931,-36.204,34.2,0.0,0.0,0.2505507249996299,0.0
1790077072.5812101,134719.0,56.735,15.246,168.864,0.621,-2.57,1.864,-0.849,0.15,0.528,100.931,-36.216,34.188,-0.2,-0.1,0.2505507249996299,0.0
1790077072.591722,134725.0,56.728,15.242,168.864,0.62,-2.558,1.858,-0.848,0.15,0.529,100.931,-36.204,34.2,0.2,0.3,0.2505507249996299,0.0
1790077072.592236,134731.0,56.722,15.238,168.865,0.624,-2.511,1.88,-0.848,0.15,0.529,100.931,-36.204,34.188,0.0,-0.3,0.2505507249996299,0.0
1790077072.603355,134736.0,56.715,15.235,168.866,0.614,-2.439,1.931,-0.847,0.149,0.53,100.931,-36.204,34.2,0.0,0.0,0.25329315420094645,0.0
1790077072.603884,134742.0,56.709,15.232,168.866,0.64,-2.367,1.958,-0.847,0.148,0.531,100.931,-36.204,34.2,0.1,0.2,0.25329315420094645,0.0
1790077072.608787,134747.0,56.703,15.228,168.867,0.668,-2.29,1.975,-0.846,0.147,0.532,100.931,-36.204,34.2,0.0,0.0,0.25329315420094645,0.0
1790077072.6202838,134753.0,56.697,15.225,168.868,0.681,-2.182,2.001,-0.846,0.146,0.533,100.931,-36.204,34.188,0.2,-0.1,0.25329315420094645,0.0
1790077072.6203468,134758.0,56.692,15.221,168.868,0.708,-2.049,2.026,-0.845,0.146,0.535,100.931,-36.204,34.188,0.0,-0.1,0.25329315420094645,0.0
1790077072.6265962,134765.0,56.682,15.215,168.871,0.727,-1.79,2.104,-0.845,0.144,0.537,100.931,-36.216,34.2,-0.3,0.0,0.25613470829994184,0.0
1790077072.6381571,134771.0,56.678,15.212,168.873,0.743,-1.691,2.155,-0.846,0.143,0.538,100.931,-36.204,34.2,0.0,0.0,0.25613470829994184,0.0
1790077072.6383302,134776.0,56.675,15.21,168.875,0.799,-1.572,2.217,-0.846,0.142,0.538,100.931,-36.204,34.188,0.0,0.0,0.25613470829994184,0.0
1790077072.642401,134781.0,56.671,15.208,168.878,0.869,-1.436,2.283,-0.847,0.142,0.539,100.931,-36.204,34.2,0.0,0.0,0.25613470829994184,0.0
1790077072.647115,134786.0,56.669,15.208,168.882,0.896,-1.325,2.309,-0.847,0.142,0.539,100.931,-36.216,34.2,-0.1,0.0,0.25613470829994184,0.0
1790077072.652372,134791.0,56.667,15.207,168.886,0.92,-1.191,2.341,-0.849,0.142,0.54,100.931,-36.204,34.2,0.1,0.0,0.25613470829994184,0.0
1790077072.658392,134796.0,56.666,15.208,168.891,0.951,-1.008,2.372,-0.85,0.142,0.54,100.932,-36.204,34.2,0.1,0.0,0.25845780829986326,0.0
1790077072.6639218,134802.0,56.666,15.209,168.896,0.993,-0.871,2.407,-0.851,0.142,0.54,100.932,-36.204,34.2,0.1,0.2,0.25845780829986326,0.0
1790077072.66883,134807.0,56.666,15.211,168.902,1.046,-0.766,2.451,-0.852,0.142,0.54,100.932,-36.204,34.2,0.1,0.2,0.25845780829986326,0.0
1790077072.673821,134812.0,56.667,15.214,168.909,1.083,-0.675,2.514,-0.853,0.142,0.539,100.932,-36.204,34.188,0.0,-0.2,0.25845780829986326,0.0
1790077072.6788359,134817.0,56.668,15.218,168.917,1.099,-0.618,2.598,-0.854,0.142,0.539,100.932,-36.204,34.2,0.1,0.2,0.26065999580023347,0.0
1790077072.684503,134823.0,56.67,15.223,168.926,1.101,-0.541,2.681,-0.855,0.142,0.538,100.932,-36.204,34.2,-0.3,0.0,0.26065999580023347,0.0
1790077072.690597,134829.0,56.675,15.235,168.947,1.027,-0.329,2.846,-0.856,0.143,0.537,100.932,-36.204,34.2,0.0,0.0,0.26065999580023347,0.0
1790077072.6960251,134835.0,56.679,15.243,168.96,1.026,-0.251,2.938,-0.856,0.143,0.536,100.932,-36.204,34.188,0.2,-0.1,0.2631648042006418,0.0
1790077072.701462,134840.0,56.682,15.252,168.973,1.036,-0.198,3.045,-0.857,0.144,0.536,100.932,-36.204,34.2,-0.2,0.1,0.2631648042006418,0.0
1790077072.708255,134846.0,56.686,15.261,168.988,1.03,-0.159,3.142,-0.857,0.144,0.535,100.932,-36.216,34.188,-0.2,-0.1,0.2631648042006418,0.0
1790077072.713564,134852.0,56.689,15.271,169.003,0.999,-0.106,3.228,-0.857,0.144,0.535,100.932,-36.204,34.2,0.0,0.2,0.2631648042006418,0.0
1790077072.720039,134858.0,56.694,15.281,169.019,0.98,-0.043,3.307,-0.857,0.144,0.534,100.932,-36.204,34.188,0.0,-0.1,0.2631648042006418,0.0
1790077072.726062,134864.0,56.702,15.304,169.054,0.915,0.019,3.458,-0.858,0.144,0.534,100.932,-36.204,34.2,-0.2,0.1,0.26558115829975576,0.0
1790077072.7312598,134870.0,56.707,15.316,169.072,0.893,0.082,3.531,-0.858,0.144,0.534,100.932,-36.204,34.188,0.2,-0.1,0.26558115829975576,0.0
1790077072.738297,134876.0,56.711,15.329,169.092,0.881,0.147,3.592,-0.858,0.144,0.534,100.932,-36.204,34.2,-0.1,0.2,0.26558115829975576,0.0
1790077072.743691,134882.0,56.716,15.342,169.112,0.855,0.205,3.667,-0.858,0.144,0.535,100.932,-36.204,34.188,0.1,-0.2,0.2677748917005374,0.0
1790077072.749723,134887.0,56.721,15.355,169.132,0.84,0.255,3.721,-0.858,0.144,0.535,100.932,-36.204,34.188,0.1,-0.2,0.2677748917005374,0.0
1790077072.754546,134893.0,56.726,15.369,169.153,0.848,0.311,3.754,-0.858,0.144,0.535,100.932,-36.204,34.188,-0.1,-0.1,0.2677748917005374,0.0
1790077072.759416,134898.0,56.731,15.384,169.175,0.843,0.357,3.781,-0.857,0.145,0.535,100.932,-36.204,34.2,0.0,0.0,0.2677748917005374,0.0
1790077072.765485,134904.0,56.736,15.398,169.197,0.843,0.407,3.804,-0.857,0.145,0.535,100.932,-36.204,34.2,0.0,0.1,0.2703499916999135,0.0
1790077072.770447,134909.0,56.747,15.429,169.242,0.836,0.583,3.905,-0.856,0.145,0.535,100.932,-36.204,34.188,0.0,-0.2,0.2703499916999135,0.0
1790077072.778604,134915.0,56.753,15.445,169.266,0.868,0.629,3.938,-0.856,0.145,0.535,100.932,-36.204,34.188,0.0,-0.1,0.2703499916999135,0.0
1790077072.785077,134920.0,56.753,15.445,169.266,0.868,0.629,3.938,-0.856,0.145,0.535,100.932,-36.216,34.188,-0.2,-0.1,0.2703499916999135,0.0
1790077072.788339,134926.0,56.765,15.478,169.313,0.92,0.756,3.997,-0.855,0.144,0.536,100.932,-36.204,34.2,0.1,0.3,0.2703499916999135,0.0
1790077072.7938612,134932.0,56.771,15.494,169.337,0.887,0.837,4.015,-0.854,0.144,0.536,100.932,-36.204,34.188,0.1,-0.1,0.27285484580061165,0.0
1790077072.7992861,134938.0,56.778,15.511,169.361,0.866,0.926,4.037,-0.853,0.144,0.536,100.932,-36.204,34.2,0.2,0.2,0.27285484580061165,0.0
1790077072.8042932,134943.0,56.785,15.527,169.386,0.875,0.99,4.071,-0.852,0.144,0.536,100.932,-36.204,34.188,0.1,-0.2,0.27285484580061165,0.0
1790077072.810442,134949.0,56.792,15.545,169.411,0.881,1.044,4.131,-0.852,0.144,0.536,100.932,-36.204,34.188,-0.1,-0.1,0.27285484580061165,0.0
1790077072.819459,134954.0,56.806,15.58,169.463,0.869,1.221,4.147,-0.851,0.144,0.537,100.932,-36.204,34.2,0.2,0.0,0.27488378330017443,0.0
1790077072.82056,134959.0,56.814,15.597,169.488,0.892,1.34,4.13,-0.85,0.144,0.537,100.932,-36.204,34.2,0.0,0.0,0.27488378330017443,0.0
1790077072.826862,134965.0,56.822,15.616,169.515,0.924,1.445,4.135,-0.849,0.144,0.537,100.932,-36.204,34.188,0.0,0.0,0.27488378330017443,0.0
1790077072.835188,134971.0,56.83,15.634,169.541,0.905,1.543,4.127,-0.848,0.144,0.536,100.932,-36.204,34.188,-0.1,-0.1,0.27761497080064146,0.0
1790077072.838331,134976.0,56.839,15.652,169.567,0.868,1.623,4.083,-0.847,0.145,0.535,100.932,-36.204,34.188,0.1,0.0,0.27761497080064146,0.0
1790077072.843562,134982.0,56.849,15.671,169.594,0.858,1.685,4.042,-0.847,0.145,0.534,100.933,-36.204,34.2,0.0,0.0,0.27761497080064146,0.0
1790077072.8486452,134987.0,56.859,15.689,169.621,0.81,1.739,4.016,-0.847,0.146,0.532,100.933,-36.204,34.2,0.0,0.0,0.27761497080064146,0.0
1790077072.855138,134993.0,56.869,15.708,169.648,0.76,1.79,4.006,-0.847,0.146,0.531,100.933,-36.204,34.2,-0.1,0.1,0.27761497080064146,0.0
1790077072.860502,134999.0,56.891,15.744,169.701,0.653,1.777,3.92,-0.848,0.147,0.529,100.933,-36.204,34.188,0.0,-0.3,0.27761497080064146,0.0
1790077072.86597,135005.0,56.901,15.761,169.727,0.62,1.743,3.875,-0.848,0.147,0.529,100.933,-36.204,34.188,0.4,0.0,0.28012061670015104,0.0
1790077072.871534,135010.0,56.912,15.778,169.753,0.573,1.737,3.839,-0.849,0.148,0.528,100.933,-36.204,34.2,0.0,0.3,0.28012061670015104,0.0
1790077072.878211,135016.0,56.923,15.794,169.779,0.521,1.747,3.794,-0.85,0.148,0.527,100.933,-36.204,34.2,-0.2,0.0,0.28012061670015104,0.0
1790077072.8834848,135022.0,56.935,15.81,169.804,0.472,1.715,3.769,-0.85,0.148,0.527,100.933,-36.204,34.2,0.2,0.0,0.28012061670015104,0.0
1790077072.8894541,135028.0,56.946,15.824,169.828,0.407,1.68,3.643,-0.851,0.148,0.527,100.933,-36.204,34.188,0.0,-0.1,0.28012061670015104,0.0
1790077072.8955798,135034.0,56.968,15.85,169.874,0.259,1.555,3.549,-0.852,0.148,0.526,100.933,-36.204,34.188,-0.3,-0.1,0.28257300420082176,0.0
1790077072.901479,135040.0,56.979,15.862,169.897,0.2,1.494,3.531,-0.853,0.149,0.525,100.933,-36.204,34.188,0.0,0.0,0.28257300420082176,0.0
1790077072.908065,135046.0,56.989,15.875,169.92,0.149,1.443,3.524,-0.853,0.149,0.525,100.932,-36.204,34.188,0.1,-0.1,0.28257300420082176,0.0
1790077072.913536,135052.0,56.999,15.886,169.942,0.099,1.362,3.528,-0.853,0.149,0.524,100.932,-36.204,34.188,0.1,0.0,0.28257300420082176,0.0
1790077072.918753,135057.0,57.009,15.898,169.965,0.025,1.273,3.525,-0.853,0.149,0.524,100.932,-36.204,34.188,0.0,0.0,0.2849649916999624,0.0
1790077072.924451,135063.0,57.019,15.908,169.987,-0.046,1.189,3.533,-0.852,0.149,0.524,100.932,-36.204,34.2,-0.1,0.0,0.2849649916999624,0.0
1790077072.9292889,135068.0,57.028,15.918,170.009,-0.132,1.084,3.532,-0.852,0.148,0.523,100.932,-36.204,34.2,0.0,0.0,0.2849649916999624,0.0
1790077072.934462,135073.0,57.036,15.927,170.03,-0.234,0.981,3.509,-0.851,0.148,0.523,100.932,-36.204,34.188,0.0,-0.1,0.28711239170079356,0.0
1790077072.940531,135079.0,57.052,15.942,170.071,-0.389,0.859,3.455,-0.85,0.147,0.521,100.932,-36.204,34.2,0.0,0.1,0.28711239170079356,0.0
1790077072.9454641,135084.0,57.06,15.949,170.091,-0.461,0.784,3.42,-0.85,0.147,0.521,100.932,-36.204,34.2,0.1,0.0,0.28711239170079356,0.0
1790077072.951295,135089.0,57.067,15.955,170.11,-0.52,0.671,3.38,-0.851,0.148,0.52,100.932,-36.204,34.2,0.0,0.0,0.28711239170079356,0.0
1790077072.9564018,135095.0,57.074,15.961,170.129,-0.566,0.552,3.361,-0.851,0.148,0.52,100.932,-36.204,34.2,0.1,0.0,0.28711239170079356,0.0
1790077072.962241,135101.0,57.081,15.966,170.148,-0.617,0.42,3.349,-0.851,0.149,0.519,100.932,-36.204,34.188,0.0,-0.1,0.28711239170079356,0.0
1790077072.969055,135106.0,57.086,15.97,170.167,-0.697,0.266,3.324,-0.852,0.149,0.519,100.932,-36.204,34.2,0.0,0.1,0.28962254170037344,0.0
1790077072.9738271,135112.0,57.091,15.974,170.184,-0.788,0.104,3.278,-0.852,0.15,0.519,100.932,-36.204,34.2,-0.1,0.2,0.28962254170037344,0.0
1790077072.9785979,135117.0,57.096,15.976,170.201,-0.874,-0.072,3.214,-0.853,0.15,0.52,100.932,-36.204,34.188,0.0,-0.2,0.28962254170037344,0.0
1790077072.9845471,135122.0,57.099,15.978,170.218,-0.985,-0.212,3.166,-0.853,0.151,0.52,100.932,-36.204,34.2,0.1,0.0,0.28962254170037344,0.0
1790077072.9891992,135128.0,57.102,15.978,170.234,-1.091,-0.3,3.117,-0.854,0.152,0.52,100.932,-36.192,34.2,0.1,0.1,0.29183914169989295,0.0
1790077072.994296,135133.0,57.105,15.978,170.249,-1.132,-0.393,3.066,-0.853,0.152,0.521,100.932,-36.204,34.2,-0.1,0.0,0.29183914169989295,0.0
1790077073.0047371,135138.0,57.107,15.977,170.263,-1.181,-0.502,3.0,-0.853,0.152,0.521,100.932,-36.204,34.2,0.0,0.1,0.29183914169989295,0.0
1790077073.005555,135144.0,57.109,15.97,170.288,-1.295,-0.727,2.793,-0.852,0.152,0.522,100.932,-36.204,34.188,-0.2,-0.4,0.29183914169989295,0.0
1790077073.010558,135149.0,57.11,15.965,170.299,-1.305,-0.815,2.691,-0.851,0.152,0.523,100.932,-36.204,34.2,0.0,0.0,0.29183914169989295,0.0
1790077073.020423,135155.0,57.11,15.959,170.308,-1.313,-0.881,2.6,-0.851,0.152,0.523,100.932,-36.204,34.2,0.0,0.4,0.29460758750064997,0.0
1790077073.0227818,135161.0,57.11,15.952,170.317,-1.342,-0.962,2.511,-0.85,0.152,0.523,100.932,-36.204,34.188,0.0,-0.3,0.29460758750064997,0.0
1790077073.0272481,135166.0,57.11,15.952,170.317,-1.342,-0.962,2.511,-0.85,0.152,0.523,100.932,-36.204,34.188,0.1,0.0,0.29460758750064997,0.0
1790077073.037645,135172.0,57.108,15.935,170.33,-1.433,-1.139,2.341,-0.849,0.152,0.524,100.932,-36.204,34.188,0.0,-0.1,0.29460758750064997,0.0
1790077073.042759,135178.0,57.106,15.925,170.336,-1.419,-1.214,2.276,-0.849,0.152,0.524,100.932,-36.204,34.2,-0.2,0.0,0.29674853750038893,0.0
1790077073.044298,135183.0,57.105,15.915,170.341,-1.385,-1.267,2.186,-0.849,0.152,0.524,100.932,-36.204,34.2,0.0,0.2,0.29674853750038893,0.0
1790077073.0505102,135189.0,57.102,15.893,170.348,-1.349,-1.337,2.006,-0.85,0.152,0.525,100.932,-36.204,34.2,0.0,0.0,0.29674853750038893,0.0
1790077073.0559418,135194.0,57.1,15.881,170.351,-1.34,-1.383,1.913,-0.851,0.152,0.526,100.932,-36.192,34.188,0.2,-0.3,0.29902627499977824,0.0
1790077073.061444,135200.0,57.098,15.868,170.352,-1.305,-1.45,1.797,-0.852,0.152,0.526,100.932,-36.204,34.188,-0.1,0.0,0.29902627499977824,0.0
1790077073.0684109,135206.0,57.096,15.854,170.352,-1.275,-1.52,1.671,-0.852,0.152,0.526,100.932,-36.204,34.2,0.0,0.1,0.29902627499977824,0.0
1790077073.074136,135212.0,57.094,15.84,170.351,-1.261,-1.582,1.573,-0.853,0.152,0.526,100.932,-36.204,34.2,-0.1,0.2,0.3011211042001378,0.0
1790077073.0793002,135218.0,57.092,15.824,170.349,-1.234,-1.622,1.478,-0.853,0.152,0.526,100.932,-36.204,34.188,-0.3,0.0,0.3011211042001378,0.0
1790077073.086314,135224.0,57.09,15.808,170.346,-1.231,-1.638,1.361,-0.853,0.152,0.527,100.932,-36.192,34.2,0.4,0.1,0.3011211042001378,0.0
1790077073.0914931,135230.0,57.085,15.773,170.336,-1.16,-1.853,1.135,-0.853,0.152,0.527,100.931,-36.204,34.188,-0.1,-0.1,0.3011211042001378,0.0
1790077073.096836,135235.0,57.081,15.755,170.328,-1.09,-2.039,1.047,-0.852,0.151,0.527,100.931,-36.204,34.2,-0.1,0.0,0.3011211042001378,0.0
1790077073.1024792,135241.0,57.078,15.735,170.32,-1.019,-2.059,0.962,-0.851,0.15,0.527,100.931,-36.192,34.188,0.2,-0.2,0.3011211042001378,0.0
1790077073.1083121,135246.0,57.074,15.715,170.311,-0.95,-2.032,0.875,-0.85,0.149,0.528,100.931,-36.192,34.188,0.1,0.0,0.30352179580077066,0.0
1790077073.1136231,135252.0,57.07,15.694,170.301,-0.887,-1.997,0.814,-0.848,0.148,0.528,100.931,-36.204,34.188,-0.3,0.0,0.30352179580077066,0.0
1790077073.120237,135258.0,57.067,15.673,170.29,-0.843,-1.974,0.763,-0.847,0.147,0.529,100.931,-36.204,34.2,0.1,0.1,0.30352179580077066,0.0
1790077073.125652,135264.0,57.059,15.63,170.266,-0.705,-1.934,0.625,-0.846,0.146,0.53,100.931,-36.204,34.2,-0.1,0.1,0.3060273666997091,0.0
1790077073.130523,135269.0,57.056,15.608,170.253,-0.623,-1.906,0.534,-0.845,0.145,0.53,100.931,-36.204,34.2,0.1,0.0,0.3060273666997091,0.0
1790077073.136978,135275.0,57.053,15.586,170.24,-0.536,-1.873,0.459,-0.845,0.145,0.53,100.931,-36.204,34.188,-0.2,0.0,0.3060273666997091,0.0
1790077073.1423218,135281.0,57.05,15.564,170.225,-0.407,-1.864,0.416,-0.845,0.145,0.531,100.931,-36.204,34.2,0.1,0.1,0.3060273666997091,0.0
1790077073.147259,135286.0,57.047,15.542,170.211,-0.298,-1.847,0.37,-0.845,0.145,0.531,100.931,-36.204,34.188,0.0,-0.1,0.3083897250005976,0.0
1790077073.153671,135292.0,57.044,15.521,170.196,-0.233,-1.826,0.299,-0.845,0.146,0.531,100.931,-36.192,34.2,0.1,0.0,0.3083897250005976,0.0
1790077073.158574,135297.0,57.041,15.499,170.181,-0.156,-1.776,0.249,-0.845,0.146,0.531,100.931,-36.204,34.2,0.0,0.2,0.3083897250005976,0.0
1790077073.164997,135303.0,57.039,15.478,170.166,-0.079,-1.737,0.221,-0.845,0.146,0.531,100.931,-36.192,34.2,0.1,0.0,0.3105192208007793,0.0
1790077073.170783,135309.0,57.035,15.437,170.136,0.016,-1.741,0.175,-0.844,0.146,0.53,100.931,-36.204,34.2,-0.1,0.0,0.3105192208007793,0.0
1790077073.177195,135315.0,57.033,15.417,170.12,0.066,-1.719,0.126,-0.844,0.146,0.529,100.931,-36.192,34.188,0.5,-0.3,0.3105192208007793,0.0
1790077073.181626,135320.0,57.032,15.397,170.105,0.104,-1.695,0.101,-0.845,0.146,0.528,100.931,-36.192,34.188,0.0,-0.2,0.3105192208007793,0.0
1790077073.187243,135326.0,57.03,15.377,170.09,0.127,-1.687,0.082,-0.845,0.147,0.528,100.931,-36.204,34.2,-0.3,0.4,0.3105192208007793,0.0
1790077073.1939,135332.0,57.029,15.358,170.075,0.132,-1.679,0.047,-0.845,0.147,0.527,100.931,-36.204,34.2,0.0,0.1,0.3105192208007793,0.0
1790077073.198604,135337.0,57.028,15.338,170.06,0.164,-1.681,0.018,-0.846,0.148,0.527,100.931,-36.204,34.2,0.0,0.0,0.3127371124995989,0.0
1790077073.2043478,135343.0,57.027,15.319,170.044,0.192,-1.704,0.025,-0.846,0.148,0.527,100.931,-36.204,34.188,-0.1,-0.2,0.3127371124995989,0.0
1790077073.209934,135348.0,57.026,15.3,170.029,0.191,-1.725,0.033,-0.847,0.147,0.526,100.931,-36.192,34.188,0.2,-0.1,0.3127371124995989,0.0
1790077073.215677,135354.0,57.024,15.262,169.999,0.137,-1.781,0.062,-0.847,0.147,0.526,100.931,-36.204,34.2,-0.2,0.0,0.3149013292000746,0.0
1790077073.220683,135359.0,57.023,15.243,169.985,0.098,-1.792,0.152,-0.848,0.146,0.526,100.931,-36.192,34.2,0.3,0.0,0.3149013292000746,0.0
1790077073.226951,135365.0,57.021,15.225,169.971,0.08,-1.801,0.247,-0.849,0.146,0.526,100.931,-36.192,34.2,0.2,0.2,0.3149013292000746,0.0
1790077073.2322361,135371.0,57.02,15.206,169.958,0.061,-1.828,0.297,-0.85,0.145,0.527,100.931,-36.192,34.188,0.2,-0.2,0.3149013292000746,0.0
1790077073.237333,135376.0,57.018,15.188,169.944,0.056,-1.981,0.341,-0.851,0.145,0.527,100.931,-36.204,34.2,-0.2,0.1,0.3172972166998079,0.0
1790077073.2436569,135382.0,57.015,15.169,169.931,0.078,-2.152,0.397,-0.852,0.145,0.528,100.931,-36.204,34.2,-0.2,0.0,0.3172972166998079,0.0
1790077073.253412,135387.0,57.012,15.151,169.918,0.098,-2.17,0.454,-0.853,0.145,0.529,100.931,-36.192,34.188,0.2,-0.2,0.3172972166998079,0.0
1790077073.255071,135393.0,57.009,15.134,169.906,0.115,-2.169,0.539,-0.854,0.145,0.529,100.931,-36.204,34.2,-0.1,0.0,0.31956002500082836,0.0
1790077073.260569,135399.0,57.002,15.102,169.884,0.194,-2.187,0.697,-0.856,0.145,0.529,100.931,-36.192,34.2,0.2,0.0,0.31956002500082836,0.0
1790077073.271316,135406.0,56.999,15.088,169.874,0.241,-2.187,0.788,-0.856,0.145,0.529,100.931,-36.204,34.2,-0.1,0.0,0.31956002500082836,0.0
1790077073.27812,135412.0,56.995,15.074,169.865,0.233,-2.201,0.861,-0.856,0.145,0.529,100.931,-36.204,34.2,0.0,0.0,0.31956002500082836,0.0
1790077073.278789,135417.0,56.991,15.061,169.856,0.244,-2.214,0.936,-0.856,0.145,0.529,100.931,-36.204,34.2,0.0,0.1,0.31956002500082836,0.0
1790077073.284846,135422.0,56.988,15.049,169.849,0.255,-2.22,1.038,-0.855,0.145,0.529,100.931,-36.192,34.188,0.3,-0.3,0.3220450542008621,0.0
1790077073.290674,135428.0,56.984,15.037,169.843,0.243,-2.242,1.153,-0.855,0.145,0.528,100.931,-36.192,34.2,0.1,0.2,0.3220450542008621,0.0
1790077073.2943769,135433.0,56.979,15.027,169.837,0.253,-2.27,1.273,-0.854,0.145,0.528,100.931,-36.192,34.2,0.0,0.3,0.3220450542008621,0.0
1790077073.300299,135439.0,56.975,15.017,169.833,0.28,-2.262,1.375,-0.854,0.145,0.528,100.931,-36.204,34.2,-0.1,-0.1,0.3220450542008621,0.0
1790077073.3053892,135444.0,56.966,15.001,169.827,0.268,-2.311,1.567,-0.854,0.145,0.528,100.931,-36.192,34.188,0.0,-0.3,0.3220450542008621,0.0
1790077073.310545,135449.0,56.96,14.993,169.825,0.239,-2.332,1.658,-0.853,0.146,0.528,100.931,-36.204,34.188,-0.3,-0.1,0.3220450542008621,0.0
1790077073.3163981,135455.0,56.955,14.987,169.825,0.238,-2.335,1.756,-0.853,0.146,0.528,100.931,-36.192,34.188,0.4,0.0,0.3245452917006333,0.0
1790077073.322921,135461.0,56.949,14.981,169.825,0.211,-2.359,1.861,-0.853,0.146,0.528,100.931,-36.192,34.2,0.0,0.0,0.3245452917006333,0.0
1790077073.328585,135466.0,56.943,14.975,169.826,0.17,-2.368,1.959,-0.852,0.146,0.529,100.932,-36.192,34.188,0.0,-0.2,0.3245452917006333,0.0
1790077073.337584,135472.0,56.937,14.97,169.828,0.136,-2.364,2.056,-0.853,0.145,0.529,100.932,-36.192,34.188,0.2,0.0,0.3245452917006333,0.0
1790077073.338648,135477.0,56.931,14.965,169.83,0.104,-2.336,2.147,-0.853,0.145,0.529,100.932,-36.192,34.188,0.0,0.0,0.3268181916995673,0.0
1790077073.3445141,135483.0,56.925,14.961,169.833,0.101,-2.302,2.255,-0.853,0.144,0.529,100.932,-36.204,34.2,-0.1,0.0,0.3268181916995673,0.0
1790077073.4353049,135489.0,56.914,14.956,169.843,0.08,-2.225,2.487,-0.853,0.144,0.53,100.932,-36.204,34.188,0.0,0.0,0.3350788791998639,0.0
1790077073.435564,135494.0,56.908,14.954,169.849,0.064,-2.206,2.607,-0.853,0.143,0.53,100.932,-36.204,34.188,0.0,-0.1,0.3350788791998639,0.0
1790077073.435606,135499.0,56.902,14.952,169.856,0.05,-2.199,2.721,-0.853,0.143,0.531,100.932,-36.204,34.2,0.0,0.3,0.3350788791998639,0.0
1790077073.435979,135505.0,56.896,14.952,169.864,0.036,-2.183,2.814,-0.853,0.143,0.531,100.932,-36.192,34.2,0.0,0.1,0.3350788791998639,0.0
1790077073.436036,135511.0,56.889,14.952,169.874,0.022,-2.146,2.918,-0.852,0.143,0.531,100.932,-36.192,34.2,0.0,0.0,0.3350788791998639,0.0
1790077073.436059,135516.0,56.883,14.953,169.884,0.022,-2.077,3.02,-0.852,0.143,0.531,100.932,-36.192,34.188,0.4,-0.1,0.3350788791998639,0.0
1790077073.436081,135521.0,56.878,14.955,169.895,0.0,-1.994,3.097,-0.852,0.143,0.531,100.932,-36.204,34.2,-0.2,0.0,0.3350788791998639,0.0
1790077073.436123,135526.0,56.872,14.957,169.907,-0.025,-1.906,3.174,-0.852,0.144,0.532,100.931,-36.192,34.2,0.3,0.0,0.3350788791998639,0.0
1790077073.436148,135531.0,56.867,14.961,169.92,-0.035,-1.843,3.258,-0.852,0.144,0.532,100.931,-36.192,34.188,0.0,-0.2,0.3350788791998639,0.0
1790077073.436351,135537.0,56.862,14.964,169.933,-0.07,-1.782,3.324,-0.851,0.144,0.532,100.931,-36.192,34.2,-0.1,0.0,0.3350788791998639,0.0
1790077073.4363809,135543.0,56.857,14.969,169.948,-0.095,-1.728,3.389,-0.851,0.144,0.532,100.931,-36.192,34.188,0.2,-0.2,0.3350788791998639,0.0
1790077073.436424,135548.0,56.852,14.973,169.963,-0.097,-1.666,3.479,-0.851,0.144,0.532,100.931,-36.192,34.188,0.2,-0.2,0.3350788791998639,0.0
1790077073.436447,135554.0,56.847,14.979,169.979,-0.137,-1.581,3.548,-0.85,0.144,0.533,100.931,-36.192,34.2,0.1,0.0,0.3350788791998639,0.0
1790077073.436468,135559.0,56.839,14.99,170.012,-0.178,-1.41,3.62,-0.85,0.144,0.534,100.931,-36.204,34.188,-0.1,-0.1,0.3350788791998639,0.0
1790077073.43649,135564.0,56.835,14.996,170.03,-0.182,-1.3,3.654,-0.85,0.144,0.535,100.931,-36.192,34.188,0.0,-0.1,0.3350788791998639,0.0
1790077073.4365098,135570.0,56.831,15.003,170.048,-0.177,-1.185,3.692,-0.85,0.145,0.536,100.931,-36.192,34.188,0.1,0.0,0.3350788791998639,0.0
1790077073.437258,135576.0,56.828,15.01,170.067,-0.172,-1.095,3.738,-0.849,0.145,0.536,100.931,-36.192,34.2,0.0,0.1,0.3350788791998639,0.0
1790077073.4423769,135581.0,56.825,15.019,170.086,-0.184,-1.005,3.794,-0.849,0.146,0.537,100.931,-36.192,34.2,0.0,0.0,0.337217000000237,0.0
1790077073.4486248,135586.0,56.825,15.019,170.086,-0.184,-1.005,3.794,-0.849,0.146,0.537,100.931,-36.204,34.2,-0.2,0.0,0.337217000000237,0.0
1790077073.454164,135593.0,56.819,15.036,170.128,-0.271,-0.782,3.861,-0.848,0.147,0.537,100.932,-36.204,34.2,-0.2,0.0,0.337217000000237,0.0
1790077073.459449,135598.0,56.818,15.046,170.15,-0.302,-0.644,3.92,-0.848,0.148,0.537,100.932,-36.204,34.2,0.0,0.0,0.337217000000237,0.0
1790077073.465315,135604.0,56.816,15.056,170.173,-0.322,-0.508,3.935,-0.847,0.148,0.537,100.932,-36.192,34.2,0.1,0.0,0.3396928832997219,0.0
1790077073.4707232,135609.0,56.816,15.078,170.22,-0.328,-0.267,3.967,-0.847,0.148,0.536,100.932,-36.192,34.2,0.0,0.2,0.3396928832997219,0.0
1790077073.4767108,135615.0,56.817,15.089,170.244,-0.32,-0.15,3.966,-0.847,0.148,0.535,100.932,-36.204,34.2,-0.2,-0.1,0.3396928832997219,0.0
1790077073.4833422,135621.0,56.818,15.101,170.268,-0.312,-0.048,3.966,-0.846,0.148,0.535,100.932,-36.204,34.2,0.0,0.0,0.3396928832997219,0.0
1790077073.488725,135627.0,56.819,15.113,170.292,-0.309,0.068,3.975,-0.846,0.148,0.534,100.932,-36.192,34.188,0.1,-0.1,0.3396928832997219,0.0
1790077073.493782,135632.0,56.822,15.125,170.317,-0.323,0.181,3.981,-0.846,0.148,0.534,100.932,-36.192,34.2,0.3,0.0,0.3421970124996733,0.0
1790077073.499428,135638.0,56.824,15.137,170.342,-0.358,0.272,3.981,-0.846,0.148,0.534,100.932,-36.192,34.2,0.1,0.0,0.3421970124996733,0.0
1790077073.506075,135644.0,56.828,15.148,170.367,-0.41,0.355,3.982,-0.847,0.148,0.534,100.932,-36.204,34.2,-0.3,0.0,0.3421970124996733,0.0
1790077073.511245,135650.0,56.836,15.171,170.418,-0.544,0.499,3.959,-0.849,0.147,0.533,100.932,-36.204,34.188,-0.1,-0.2,0.3447341457998846,0.0
1790077073.578947,135655.0,56.841,15.182,170.443,-0.549,0.612,3.944,-0.85,0.147,0.534,100.932,-36.192,34.2,0.0,0.1,0.3447341457998846,0.0
1790077073.5790248,135661.0,56.846,15.193,170.469,-0.572,0.693,3.987,-0.851,0.147,0.534,100.932,-36.192,34.188,0.3,0.0,0.3447341457998846,0.0
1790077073.579201,135667.0,56.852,15.205,170.495,-0.591,0.734,4.033,-0.852,0.147,0.534,100.932,-36.192,34.2,0.0,0.0,0.3447341457998846,0.0
1790077073.579251,135672.0,56.857,15.216,170.521,-0.608,0.807,4.06,-0.852,0.147,0.534,100.932,-36.192,34.2,0.2,0.1,0.3447341457998846,0.0
1790077073.579318,135678.0,56.864,15.228,170.548,-0.639,0.881,4.092,-0.852,0.146,0.534,100.932,-36.192,34.2,0.0,0.1,0.3447341457998846,0.0
1790077073.579346,135684.0,56.877,15.251,170.601,-0.684,0.973,4.126,-0.851,0.145,0.533,100.932,-36.192,34.188,0.2,0.0,0.3447341457998846,0.0
1790077073.579494,135690.0,56.883,15.263,170.629,-0.71,1.015,4.151,-0.851,0.145,0.532,100.932,-36.192,34.188,0.0,-0.2,0.3447341457998846,0.0
1790077073.579533,135696.0,56.891,15.275,170.656,-0.723,1.049,4.164,-0.85,0.145,0.531,100.932,-36.192,34.2,0.0,0.1,0.3447341457998846,0.0
1790077073.5795588,135701.0,56.898,15.287,170.684,-0.768,1.106,4.204,-0.85,0.145,0.53,100.932,-36.204,34.2,-0.3,0.1,0.3447341457998846,0.0
1790077073.579697,135706.0,56.906,15.299,170.713,-0.819,1.158,4.243,-0.849,0.145,0.53,100.932,-36.192,34.2,0.1,0.0,0.3447341457998846,0.0
1790077073.579733,135711.0,56.913,15.311,170.741,-0.845,1.214,4.281,-0.849,0.145,0.529,100.932,-36.192,34.188,-0.1,-0.1,0.3447341457998846,0.0
1790077073.57976,135717.0,56.922,15.324,170.771,-0.831,1.245,4.317,-0.849,0.144,0.528,100.932,-36.192,34.2,0.0,0.2,0.3447341457998846,0.0
1790077073.5876732,135723.0,56.93,15.337,170.8,-0.824,1.246,4.342,-0.849,0.144,0.528,100.932,-36.192,34.188,0.3,-0.2,0.3447341457998846,0.0
1790077073.5964491,135728.0,56.938,15.349,170.829,-0.857,1.263,4.367,-0.85,0.143,0.527,100.932,-36.192,34.2,0.0,0.3,0.3447341457998846,0.0
1790077073.596541,135733.0,56.947,15.361,170.858,-0.918,1.273,4.396,-0.85,0.142,0.527,100.932,-36.192,34.2,0.4,0.0,0.3447341457998846,0.0
1790077073.608587,135738.0,56.955,15.372,170.887,-0.977,1.245,4.405,-0.851,0.141,0.527,100.932,-36.192,34.2,0.4,0.0,0.3477341457998846,0.0
1790077073.608675,135744.0,56.972,15.394,170.944,-1.043,1.2,4.502,-0.853,0.14,0.526,100.932,-36.192,34.188,0.2,-0.2,0.3477341457998846,0.0
1790077073.612396,135750.0,56.981,15.405,170.974,-1.05,1.156,4.591,-0.854,0.14,0.526,100.932,-36.192,34.2,0.0,0.2,0.3537341457998846,0.0
1790077073.643015,135756.0,56.989,15.418,171.005,-1.082,1.132,4.689,-0.854,0.14,0.526,100.932,-36.192,34.188,-0.2,-0.2,0.3537341457998846,0.0
1790077073.643121,135762.0,56.997,15.431,171.037,-1.139,1.11,4.764,-0.855,0.141,0.526,100.932,-36.204,34.2,-0.4,0.1,0.3537341457998846,0.0
1790077073.643156,135767.0,57.004,15.444,171.069,-1.161,1.08,4.801,-0.855,0.142,0.526,100.932,-36.192,34.2,0.5,0.1,0.3537341457998846,0.0
1790077073.663279,135772.0,57.012,15.458,171.102,-1.176,1.046,4.838,-0.855,0.143,0.525,100.932,-36.192,34.188,-0.2,-0.3,0.3537341457998846,0.0
1790077073.693279,135778.0,57.019,15.472,171.135,-1.214,1.025,4.89,-0.855,0.143,0.525,100.932,-36.192,34.2,0.1,0.0,0.3537341457998846,0.0
1790077073.693465,135784.0,57.033,15.5,171.203,-1.209,0.987,5.018,-0.855,0.142,0.524,100.932,-36.192,34.2,0.0,0.1,0.3537341457998846,0.0
1790077073.693501,135789.0,57.04,15.514,171.236,-1.183,0.986,5.037,-0.854,0.141,0.524,100.932,-36.192,34.188,-0.2,-0.2,0.3537341457998846,0.0
1790077073.693525,135795.0,57.047,15.528,171.27,-1.168,0.974,5.038,-0.854,0.14,0.524,100.932,-36.192,34.188,0.3,-0.2,0.3537341457998846,0.0
1790077073.693547,135801.0,57.053,15.542,171.303,-1.171,0.933,5.047,-0.853,0.14,0.524,100.932,-36.192,34.2,0.1,0.3,0.3537341457998846,0.0
1790077073.693582,135806.0,57.06,15.556,171.336,-1.192,0.94,5.085,-0.852,0.139,0.525,100.932,-36.192,34.188,0.0,0.0,0.3537341457998846,0.0
1790077073.6936069,135811.0,57.066,15.569,171.37,-1.197,0.955,5.132,-0.852,0.139,0.525,100.932,-36.18,34.2,0.3,0.0,0.3537341457998846,0.0
1790077073.693662,135816.0,57.072,15.583,171.403,-1.153,0.92,5.152,-0.852,0.139,0.525,100.932,-36.192,34.2,0.0,0.1,0.3537341457998846,0.0
1790077073.693687,135822.0,57.078,15.598,171.437,-1.097,0.893,5.154,-0.852,0.139,0.525,100.932,-36.192,34.2,-0.3,0.0,0.3537341457998846,0.0
1790077073.693708,135828.0,57.084,15.613,171.471,-1.074,0.927,5.159,-0.852,0.14,0.525,100.932,-36.192,34.188,0.0,-0.2,0.3537341457998846,0.0
1790077073.6971872,135834.0,57.095,15.645,171.541,-1.069,0.854,5.197,-0.853,0.143,0.524,100.933,-36.192,34.2,0.0,0.0,0.3597341457998846,0.0
1790077073.708323,135840.0,57.095,15.645,171.541,-1.069,0.854,5.197,-0.853,0.143,0.524,100.933,-36.192,34.2,0.1,0.0,0.3597341457998846,0.0
1790077073.708904,135845.0,57.106,15.678,171.612,-1.054,0.777,5.192,-0.854,0.145,0.523,100.933,-36.192,34.2,-0.3,0.1,0.3597341457998846,0.0
1790077073.726754,135851.0,57.111,15.695,171.648,-1.068,0.692,5.134,-0.855,0.146,0.523,100.933,-36.192,34.188,0.3,-0.2,0.3627341457998846,0.0
1790077073.7268999,135856.0,57.116,15.712,171.682,-1.076,0.62,5.064,-0.855,0.147,0.522,100.933,-36.192,34.2,0.0,0.3,0.3627341457998846,0.0
1790077073.726938,135862.0,57.121,15.728,171.717,-1.058,0.539,4.993,-0.855,0.148,0.522,100.933,-36.192,34.188,0.2,-0.3,0.3627341457998846,0.0
1790077073.73002,135868.0,57.125,15.743,171.75,-1.044,0.43,4.965,-0.856,0.148,0.522,100.933,-36.192,34.2,-0.3,0.0,0.363517383299768,0.0
1790077073.74241,135874.0,57.132,15.773,171.816,-1.067,0.256,4.899,-0.855,0.148,0.523,100.933,-36.192,34.2,0.0,0.0,0.363517383299768,0.0
1790077073.742583,135880.0,57.135,15.786,171.847,-1.059,0.213,4.845,-0.855,0.147,0.524,100.933,-36.192,34.188,0.0,-0.3,0.363517383299768,0.0
1790077073.7596538,135886.0,57.137,15.798,171.878,-1.035,0.153,4.794,-0.855,0.146,0.524,100.933,-36.192,34.2,0.0,0.1,0.366517383299768,0.0
1790077073.759726,135892.0,57.139,15.81,171.907,-1.014,0.069,4.733,-0.854,0.145,0.525,100.933,-36.192,34.2,0.0,0.2,0.366517383299768,0.0
1790077073.759756,135898.0,57.141,15.82,171.935,-0.984,0.008,4.669,-0.853,0.144,0.526,100.933,-36.192,34.188,0.1,-0.2,0.366517383299768,0.0
1790077073.773775,135904.0,57.144,15.84,171.988,-0.873,-0.062,4.575,-0.853,0.143,0.526,100.933,-36.18,34.188,0.2,0.0,0.3703925374997198,0.0
1790077073.7738938,135910.0,57.145,15.849,172.014,-0.813,-0.21,4.553,-0.852,0.142,0.526,100.933,-36.192,34.2,0.0,0.0,0.3703925374997198,0.0
1790077073.7777128,135916.0,57.145,15.856,172.038,-0.778,-0.355,4.376,-0.852,0.142,0.525,100.933,-36.192,34.188,0.0,0.0,0.3703925374997198,0.0
1790077073.788647,135921.0,57.146,15.863,172.06,-0.747,-0.353,4.203,-0.852,0.143,0.525,100.933,-36.192,34.2,0.0,0.1,0.3703925374997198,0.0
1790077073.7901828,135926.0,57.146,15.87,172.082,-0.672,-0.355,4.18,-0.851,0.144,0.524,100.933,-36.192,34.2,-0.1,0.0,0.3703925374997198,0.0
1790077073.794006,135932.0,57.147,15.878,172.105,-0.621,-0.407,4.144,-0.851,0.145,0.523,100.933,-36.18,34.2,0.3,0.0,0.3703925374997198,0.0
1790077073.804824,135937.0,57.147,15.886,172.127,-0.594,-0.473,4.103,-0.851,0.146,0.522,100.933,-36.192,34.2,-0.1,0.0,0.3703925374997198,0.0
1790077073.808008,135943.0,57.148,15.894,172.149,-0.564,-0.53,4.058,-0.851,0.146,0.521,100.933,-36.192,34.2,-0.1,0.0,0.3703925374997198,0.0
1790077073.810264,135948.0,57.148,15.902,172.171,-0.552,-0.583,4.016,-0.851,0.147,0.52,100.933,-36.18,34.2,0.5,0.0,0.3733925374997198,0.0
1790077073.85663,135953.0,57.148,15.909,172.193,-0.534,-0.635,3.969,-0.851,0.147,0.519,100.932,-36.192,34.2,-0.1,0.0,0.37361022080003753,0.0
1790077073.856713,135959.0,57.148,15.924,172.234,-0.449,-0.797,3.862,-0.851,0.147,0.519,100.932,-36.192,34.2,0.0,0.0,0.37361022080003753,0.0
1790077073.8567429,135964.0,57.147,15.93,172.253,-0.393,-0.872,3.801,-0.851,0.147,0.519,100.932,-36.192,34.188,0.0,-0.3,0.37361022080003753,0.0
1790077073.856766,135970.0,57.146,15.936,172.271,-0.366,-0.943,3.747,-0.852,0.147,0.52,100.932,-36.192,34.2,0.0,0.0,0.37361022080003753,0.0
1790077073.8567932,135975.0,57.145,15.941,172.289,-0.367,-1.017,3.682,-0.853,0.146,0.521,100.932,-36.18,34.188,0.2,-0.1,0.37361022080003753,0.0
1790077073.8568141,135981.0,57.144,15.944,172.305,-0.361,-1.098,3.597,-0.853,0.146,0.522,100.932,-36.192,34.2,-0.2,0.1,0.37361022080003753,0.0
1790077073.857122,135986.0,57.142,15.947,172.32,-0.339,-1.131,3.529,-0.854,0.145,0.523,100.932,-36.192,34.188,-0.1,-0.1,0.37361022080003753,0.0
1790077073.857195,135992.0,57.14,15.95,172.334,-0.3,-1.137,3.48,-0.854,0.145,0.524,100.932,-36.18,34.2,0.2,0.0,0.37361022080003753,0.0
1790077073.859807,135997.0,57.138,15.952,172.348,-0.228,-1.153,3.409,-0.854,0.145,0.525,100.932,-36.18,34.188,0.4,-0.1,0.37961022080003753,0.0
1790077073.872698,136003.0,57.136,15.953,172.36,-0.149,-1.178,3.322,-0.854,0.144,0.526,100.932,-36.192,34.2,-0.1,0.0,0.37961022080003753,0.0
1790077073.872767,136009.0,57.134,15.954,172.372,-0.109,-1.237,3.225,-0.854,0.144,0.526,100.932,-36.18,34.2,0.3,0.0,0.37961022080003753,0.0
1790077073.8795571,136014.0,57.131,15.954,172.382,-0.079,-1.32,3.138,-0.854,0.145,0.526,100.932,-36.192,34.2,0.0,0.1,0.37987723330006706,0.0
1790077073.886107,136020.0,57.125,15.953,172.401,0.033,-1.502,3.011,-0.854,0.145,0.526,100.932,-36.192,34.188,0.0,-0.1,0.37987723330006706,0.0
1790077073.887341,136026.0,57.121,15.953,172.41,0.098,-1.509,2.946,-0.854,0.146,0.526,100.932,-36.192,34.2,-0.2,0.2,0.37987723330006706,0.0
1790077073.893165,136031.0,57.118,15.953,172.418,0.138,-1.556,2.903,-0.854,0.147,0.526,100.932,-36.18,34.2,0.2,0.0,0.38273518329951917,0.0
1790077073.905321,136037.0,57.114,15.953,172.427,0.18,-1.652,2.868,-0.854,0.147,0.525,100.932,-36.18,34.2,0.1,0.4,0.38273518329951917,0.0
1790077073.905409,136043.0,57.111,15.952,172.435,0.218,-1.689,2.82,-0.855,0.147,0.525,100.932,-36.18,34.2,0.1,-0.1,0.38273518329951917,0.0
1790077073.910314,136048.0,57.107,15.952,172.442,0.232,-1.712,2.758,-0.855,0.148,0.525,100.932,-36.18,34.2,0.0,0.0,0.3848076541995397,0.0
1790077073.9152892,136054.0,57.103,15.95,172.448,0.268,-1.769,2.671,-0.856,0.148,0.525,100.932,-36.18,34.2,0.1,0.0,0.3848076541995397,0.0
1790077073.9233332,136059.0,57.096,15.947,172.459,0.314,-1.865,2.56,-0.856,0.148,0.525,100.932,-36.18,34.188,0.0,-0.1,0.3848076541995397,0.0
1790077073.926087,136064.0,57.096,15.947,172.459,0.314,-1.865,2.56,-0.856,0.148,0.525,100.932,-36.18,34.2,0.0,0.0,0.3848076541995397,0.0
1790077073.9350772,136070.0,57.087,15.942,172.468,0.374,-1.92,2.429,-0.857,0.148,0.526,100.932,-36.18,34.2,0.0,0.1,0.3848076541995397,0.0
1790077073.938449,136076.0,57.083,15.939,172.471,0.396,-1.954,2.389,-0.858,0.148,0.526,100.932,-36.18,34.188,0.2,-0.3,0.3848076541995397,0.0
1790077073.943285,136081.0,57.079,15.936,172.475,0.413,-2.003,2.359,-0.858,0.149,0.527,100.932,-36.192,34.2,-0.3,0.1,0.38766100000066217,0.0
1790077073.955394,136087.0,57.075,15.933,172.477,0.453,-2.02,2.296,-0.858,0.149,0.527,100.932,-36.18,34.2,0.1,0.1,0.38766100000066217,0.0
1790077073.955473,136092.0,57.07,15.929,172.479,0.474,-2.052,2.235,-0.858,0.149,0.528,100.932,-36.18,34.188,0.2,-0.2,0.38766100000066217,0.0
1790077073.9598222,136098.0,57.065,15.925,172.481,0.481,-2.079,2.17,-0.858,0.149,0.528,100.932,-36.18,34.2,0.1,0.0,0.38766100000066217,0.0
1790077073.9710798,136103.0,57.06,15.92,172.482,0.525,-2.09,2.095,-0.858,0.15,0.529,100.932,-36.18,34.188,-0.1,-0.1,0.38766100000066217,0.0
1790077073.9712179,136109.0,57.051,15.91,172.481,0.617,-2.079,1.911,-0.857,0.15,0.53,100.932,-36.18,34.2,0.0,0.0,0.38766100000066217,0.0
1790077073.976703,136115.0,57.046,15.904,172.48,0.635,-2.085,1.84,-0.856,0.149,0.531,100.932,-36.18,34.2,0.0,0.0,0.3902542124997126,0.0
1790077074.014483,136121.0,57.041,15.898,172.477,0.685,-2.086,1.771,-0.856,0.149,0.531,100.932,-36.18,34.2,0.2,0.3,0.3932542124997126,0.0
1790077074.014612,136126.0,57.036,15.89,172.474,0.733,-2.08,1.692,-0.855,0.148,0.532,100.932,-36.192,34.188,-0.2,-0.2,0.3932542124997126,0.0
1790077074.014652,136132.0,57.031,15.883,172.47,0.754,-2.045,1.64,-0.854,0.148,0.533,100.933,-36.18,34.2,0.0,0.0,0.3932542124997126,0.0
1790077074.015125,136138.0,57.026,15.875,172.465,0.818,-1.986,1.576,-0.854,0.147,0.533,100.933,-36.18,34.188,0.1,-0.1,0.3932542124997126,0.0
1790077074.016974,136144.0,57.018,15.858,172.454,0.959,-1.874,1.468,-0.853,0.146,0.533,100.933,-36.18,34.2,-0.1,0.1,0.3932542124997126,0.0
1790077074.0170398,136149.0,57.015,15.85,172.448,1.007,-1.801,1.419,-0.853,0.146,0.533,100.933,-36.18,34.2,0.0,0.0,0.3932542124997126,0.0
1790077074.0171719,136155.0,57.012,15.842,172.442,1.062,-1.728,1.336,-0.853,0.146,0.532,100.933,-36.18,34.2,0.3,0.0,0.3932542124997126,0.0
1790077074.025132,136161.0,57.009,15.833,172.435,1.116,-1.686,1.265,-0.852,0.146,0.532,100.933,-36.18,34.2,0.0,0.0,0.3954793875003816,0.0
1790077074.028212,136166.0,57.007,15.825,172.428,1.134,-1.688,1.226,-0.852,0.147,0.53,100.933,-36.18,34.2,0.0,0.0,0.3954793875003816,0.0
1790077074.0372028,136172.0,57.005,15.817,172.421,1.148,-1.678,1.146,-0.852,0.147,0.529,100.933,-36.18,34.2,-0.1,0.2,0.3954793875003816,0.0
1790077074.04002,136178.0,57.003,15.809,172.414,1.155,-1.68,1.059,-0.852,0.148,0.528,100.933,-36.18,34.188,0.2,-0.1,0.3954793875003816,0.0
1790077074.0458329,136184.0,57.001,15.793,172.4,1.116,-1.679,0.988,-0.853,0.151,0.526,100.933,-36.18,34.2,-0.2,0.0,0.3979972333007027,0.0
1790077074.063736,136190.0,57.001,15.793,172.4,1.116,-1.679,0.988,-0.853,0.151,0.526,100.933,-36.18,34.188,0.3,0.0,0.3979972333007027,0.0
1790077074.06403,136196.0,56.999,15.777,172.385,1.065,-1.69,0.831,-0.852,0.152,0.523,100.932,-36.18,34.2,0.0,0.0,0.3979972333007027,0.0
1790077074.064089,136201.0,56.998,15.769,172.378,1.009,-1.712,0.796,-0.852,0.153,0.522,100.932,-36.18,34.2,0.0,0.1,0.3979972333007027,0.0
1790077074.070583,136207.0,56.998,15.76,172.37,0.941,-1.703,0.755,-0.852,0.153,0.52,100.932,-36.192,34.2,-0.3,0.0,0.4000648375003948,0.0
1790077074.074087,136212.0,56.998,15.751,172.362,0.901,-1.725,0.729,-0.851,0.153,0.519,100.932,-36.18,34.188,0.1,-0.2,0.4000648375003948,0.0
1790077074.079356,136218.0,56.997,15.742,172.354,0.86,-1.782,0.731,-0.85,0.152,0.519,100.932,-36.18,34.2,-0.1,0.2,0.4000648375003948,0.0
1790077074.0883799,136224.0,56.996,15.721,172.338,0.619,-1.91,0.688,-0.849,0.152,0.517,100.932,-36.18,34.2,0.0,0.0,0.4000648375003948,0.0
1790077074.091327,136229.0,56.995,15.709,172.329,0.484,-1.997,0.694,-0.848,0.152,0.516,100.932,-36.18,34.2,0.2,0.1,0.40292467920080527,0.0
1790077074.1083038,136234.0,56.993,15.697,172.32,0.39,-2.072,0.7,-0.848,0.152,0.516,100.932,-36.18,34.2,0.0,0.0,0.40292467920080527,0.0
1790077074.108379,136240.0,56.992,15.684,172.312,0.302,-2.145,0.695,-0.848,0.152,0.515,100.932,-36.18,34.2,0.3,0.0,0.40292467920080527,0.0
1790077074.108404,136246.0,56.99,15.671,172.303,0.194,-2.215,0.707,-0.848,0.152,0.515,100.932,-36.18,34.188,0.0,-0.2,0.40292467920080527,0.0
1790077074.112184,136251.0,56.987,15.657,172.294,0.078,-2.299,0.729,-0.848,0.152,0.515,100.932,-36.18,34.2,0.0,0.1,0.40292467920080527,0.0
1790077074.120109,136257.0,56.985,15.643,172.285,-0.034,-2.367,0.75,-0.849,0.151,0.514,100.932,-36.18,34.2,0.0,0.0,0.4054300667005009,0.0
1790077074.123622,136262.0,56.982,15.628,172.276,-0.146,-2.437,0.779,-0.849,0.151,0.515,100.932,-36.18,34.2,0.0,0.0,0.4054300667005009,0.0
1790077074.1291678,136268.0,56.978,15.612,172.267,-0.284,-2.489,0.791,-0.849,0.151,0.515,100.932,-36.18,34.2,0.0,0.0,0.4054300667005009,0.0
1790077074.1343958,136273.0,56.975,15.595,172.258,-0.427,-2.515,0.792,-0.849,0.151,0.516,100.932,-36.18,34.188,0.0,-0.2,0.4054300667005009,0.0
1790077074.139957,136278.0,56.971,15.578,172.249,-0.508,-2.523,0.793,-0.849,0.151,0.517,100.932,-36.18,34.2,0.0,0.3,0.4077039708005032,0.0
1790077074.145282,136284.0,56.963,15.542,172.23,-0.645,-2.533,0.863,-0.848,0.149,0.519,100.932,-36.18,34.2,0.0,0.0,0.4077039708005032,0.0
1790077074.1760309,136289.0,56.958,15.523,172.221,-0.725,-2.518,0.901,-0.847,0.148,0.52,100.932,-36.18,34.2,0.0,0.0,0.40983611249976093,0.0
1790077074.176099,136294.0,56.954,15.504,172.211,-0.762,-2.485,0.934,-0.846,0.147,0.522,100.932,-36.18,34.188,-0.3,-0.3,0.40983611249976093,0.0
1790077074.176255,136300.0,56.949,15.485,172.202,-0.804,-2.434,0.982,-0.846,0.146,0.523,100.932,-36.18,34.2,0.2,0.0,0.40983611249976093,0.0
1790077074.176309,136305.0,56.945,15.465,172.193,-0.845,-2.323,1.044,-0.845,0.145,0.524,100.932,-36.18,34.2,0.0,0.0,0.40983611249976093,0.0
1790077074.176419,136311.0,56.94,15.447,172.185,-0.843,-2.22,1.117,-0.844,0.144,0.526,100.932,-36.18,34.188,0.0,-0.1,0.40983611249976093,0.0
1790077074.1774342,136316.0,56.936,15.428,172.178,-0.844,-2.125,1.189,-0.843,0.144,0.527,100.931,-36.18,34.2,0.0,0.0,0.40983611249976093,0.0
1790077074.1872928,136322.0,56.932,15.41,172.171,-0.857,-1.988,1.276,-0.843,0.144,0.528,100.931,-36.18,34.188,0.0,-0.1,0.40983611249976093,0.0
1790077074.1896808,136328.0,56.928,15.394,172.166,-0.872,-1.841,1.351,-0.843,0.144,0.529,100.931,-36.18,34.2,0.0,0.2,0.41283611249976093,0.0
1790077074.195961,136333.0,56.924,15.377,172.161,-0.886,-1.731,1.384,-0.842,0.144,0.53,100.931,-36.18,34.2,-0.3,0.0,0.41286129170039204,0.0
1790077074.2001028,136338.0,56.921,15.362,172.157,-0.879,-1.632,1.438,-0.842,0.144,0.531,100.931,-36.18,34.2,0.0,0.1,0.41286129170039204,0.0
1790077074.206371,136344.0,56.917,15.333,172.152,-0.876,-1.34,1.577,-0.843,0.145,0.531,100.931,-36.18,34.2,-0.1,0.2,0.41286129170039204,0.0
1790077074.212448,136349.0,56.916,15.321,172.152,-0.862,-1.204,1.63,-0.843,0.145,0.531,100.931,-36.18,34.188,0.0,-0.3,0.41286129170039204,0.0
1790077074.2209668,136354.0,56.915,15.309,172.152,-0.889,-1.084,1.669,-0.844,0.145,0.531,100.931,-36.18,34.2,-0.2,0.2,0.4153990417005844,0.0
1790077074.2212029,136360.0,56.915,15.297,172.153,-0.905,-0.926,1.728,-0.844,0.145,0.531,100.931,-36.18,34.188,-0.1,-0.1,0.4153990417005844,0.0
1790077074.2265768,136365.0,56.916,15.287,172.154,-0.885,-0.75,1.786,-0.844,0.145,0.531,100.931,-36.18,34.188,0.1,-0.2,0.4153990417005844,0.0
1790077074.238792,136370.0,56.917,15.277,172.157,-0.875,-0.603,1.822,-0.845,0.145,0.531,100.931,-36.18,34.2,0.1,0.1,0.4179634625004838,0.0
1790077074.2391942,136376.0,56.919,15.267,172.16,-0.889,-0.496,1.892,-0.846,0.144,0.531,100.932,-36.18,34.188,0.0,-0.2,0.4179634625004838,0.0
1790077074.243875,136382.0,56.922,15.258,172.164,-0.9,-0.396,1.959,-0.847,0.144,0.532,100.932,-36.18,34.2,0.1,0.1,0.4179634625004838,0.0
1790077074.24872,136387.0,56.925,15.25,172.168,-0.892,-0.28,2.012,-0.847,0.144,0.532,100.932,-36.18,34.2,0.0,0.2,0.4179634625004838,0.0
1790077074.258075,136393.0,56.928,15.242,172.174,-0.864,-0.172,2.092,-0.848,0.143,0.533,100.932,-36.18,34.2,0.0,0.1,0.4179634625004838,0.0
1790077074.259338,136398.0,56.932,15.234,172.179,-0.846,-0.061,2.157,-0.849,0.142,0.534,100.932,-36.18,34.2,0.1,0.1,0.4179634625004838,0.0
1790077074.2706199,136404.0,56.94,15.22,172.192,-0.798,0.136,2.322,-0.849,0.14,0.535,100.932,-36.18,34.2,-0.2,0.0,0.4204486917005852,0.0
1790077074.271011,136409.0,56.945,15.214,172.199,-0.746,0.274,2.415,-0.85,0.138,0.536,100.932,-36.18,34.2,0.2,0.0,0.4204486917005852,0.0
1790077074.276564,136415.0,56.95,15.209,172.208,-0.681,0.408,2.533,-0.85,0.137,0.537,100.932,-36.18,34.2,0.2,0.0,0.4204486917005852,0.0
1790077074.287615,136420.0,56.956,15.204,172.217,-0.621,0.523,2.645,-0.849,0.136,0.537,100.932,-36.18,34.2,-0.1,0.0,0.4204486917005852,0.0
1790077074.287741,136425.0,56.962,15.201,172.227,-0.581,0.634,2.746,-0.849,0.135,0.537,100.932,-36.168,34.188,0.3,-0.1,0.4204486917005852,0.0
1790077074.2921941,136431.0,56.969,15.199,172.238,-0.517,0.776,2.836,-0.849,0.135,0.537,100.932,-36.18,34.2,0.1,0.0,0.42292428329965337,0.0
1790077074.302048,136436.0,56.976,15.198,172.25,-0.459,0.91,2.922,-0.849,0.135,0.536,100.932,-36.18,34.188,0.0,-0.1,0.42292428329965337,0.0
1790077074.3034508,136442.0,56.983,15.199,172.264,-0.42,0.995,3.012,-0.849,0.136,0.536,100.932,-36.18,34.2,-0.1,0.0,0.42292428329965337,0.0
1790077074.3090198,136448.0,56.991,15.201,172.279,-0.402,1.079,3.109,-0.849,0.137,0.534,100.932,-36.18,34.2,0.0,0.1,0.42292428329965337,0.0
1790077074.3201659,136454.0,57.008,15.21,172.315,-0.408,1.235,3.351,-0.85,0.139,0.531,100.932,-36.18,34.2,0.0,0.0,0.42543028329964727,0.0
1790077074.321046,136459.0,57.017,15.217,172.335,-0.407,1.25,3.476,-0.85,0.14,0.53,100.932,-36.168,34.188,0.3,-0.1,0.42543028329964727,0.0
1790077074.3263721,136465.0,57.026,15.225,172.357,-0.405,1.263,3.584,-0.85,0.141,0.528,100.932,-36.18,34.188,-0.1,-0.1,0.42543028329964727,0.0
1790077074.337673,136470.0,57.035,15.235,172.381,-0.431,1.243,3.684,-0.851,0.142,0.525,100.932,-36.168,34.188,0.1,-0.1,0.42543028329964727,0.0
1790077074.3377988,136476.0,57.045,15.246,172.405,-0.487,1.173,3.76,-0.852,0.143,0.523,100.932,-36.168,34.188,0.2,0.0,0.42543028329964727,0.0
1790077074.34214,136481.0,57.054,15.257,172.431,-0.557,1.138,3.846,-0.853,0.145,0.522,100.932,-36.168,34.2,0.0,0.0,0.42543028329964727,0.0
1790077074.354761,136486.0,57.064,15.27,172.458,-0.639,1.125,3.949,-0.854,0.146,0.52,100.932,-36.168,34.188,0.1,0.0,0.4279431417002343,0.0
1790077074.354859,136492.0,57.073,15.283,172.486,-0.736,1.078,4.074,-0.855,0.146,0.519,100.932,-36.168,34.188,0.2,0.0,0.4279431417002343,0.0
1790077074.359145,136498.0,57.082,15.296,172.516,-0.835,1.004,4.173,-0.856,0.147,0.518,100.932,-36.168,34.2,0.0,0.1,0.4279431417002343,0.0
1790077074.371596,136504.0,57.1,15.322,172.575,-1.062,0.78,4.35,-0.857,0.146,0.516,100.932,-36.168,34.2,0.2,0.0,0.4279431417002343,0.0
1790077074.371718,136510.0,57.107,15.335,172.606,-1.192,0.636,4.465,-0.858,0.146,0.515,100.932,-36.168,34.2,0.0,0.2,0.4279431417002343,0.0
1790077074.3772311,136516.0,57.114,15.348,172.638,-1.319,0.504,4.574,-0.858,0.145,0.515,100.932,-36.168,34.188,0.2,-0.1,0.43031367079966004,0.0
1790077074.386111,136522.0,57.12,15.361,172.67,-1.434,0.41,4.691,-0.858,0.146,0.516,100.932,-36.168,34.2,0.1,0.2,0.43031367079966004,0.0
1790077074.3894458,136528.0,57.125,15.374,172.702,-1.374,0.307,4.81,-0.858,0.146,0.516,100.932,-36.168,34.2,0.0,0.0,0.43031367079966004,0.0
1790077074.395623,136534.0,57.134,15.402,172.77,-1.476,0.186,4.986,-0.859,0.146,0.518,100.932,-36.168,34.188,0.0,0.0,0.43282072919973874,0.0
1790077074.407897,136540.0,57.138,15.416,172.804,-1.57,0.128,5.076,-0.859,0.145,0.519,100.932,-36.168,34.188,0.1,-0.1,0.43282072919973874,0.0
1790077074.40798,136546.0,57.141,15.429,172.839,-1.641,0.058,5.175,-0.859,0.144,0.52,100.932,-36.156,34.188,0.1,0.0,0.43282072919973874,0.0
1790077074.412138,136551.0,57.144,15.442,172.874,-1.689,0.005,5.274,-0.858,0.143,0.521,100.932,-36.168,34.188,0.0,-0.2,0.43282072919973874,0.0
1790077074.4201548,136556.0,57.145,15.456,172.909,-1.716,-0.041,5.369,-0.858,0.143,0.523,100.932,-36.156,34.2,0.1,0.3,0.435055679200741,0.0
1790077074.423143,136561.0,57.147,15.469,172.944,-1.722,-0.059,5.478,-0.857,0.142,0.524,100.932,-36.168,34.2,0.0,0.0,0.435055679200741,0.0
1790077074.42821,136566.0,57.147,15.483,172.981,-1.721,-0.072,5.567,-0.857,0.142,0.526,100.932,-36.168,34.2,-0.1,0.0,0.435055679200741,0.0
1790077074.4447942,136572.0,57.148,15.497,173.017,-1.737,-0.066,5.61,-0.856,0.142,0.527,100.932,-36.168,34.188,-0.1,0.0,0.435055679200741,0.0
1790077074.445083,136577.0,57.148,15.511,173.054,-1.736,-0.002,5.641,-0.855,0.142,0.528,100.932,-36.156,34.188,0.3,-0.2,0.435055679200741,0.0
1790077074.4452832,136583.0,57.149,15.525,173.091,-1.713,0.075,5.681,-0.854,0.142,0.528,100.932,-36.168,34.2,0.0,0.3,0.435055679200741,0.0
1790077074.460088,136589.0,57.149,15.54,173.129,-1.721,0.119,5.732,-0.854,0.142,0.529,100.932,-36.168,34.188,-0.2,0.0,0.43725315830088224,0.0
1790077074.460292,136595.0,57.15,15.571,173.205,-1.743,0.204,5.828,-0.852,0.142,0.53,100.932,-36.156,34.2,0.0,0.2,0.43725315830088224,0.0
1790077074.4616451,136600.0,57.15,15.587,173.245,-1.747,0.274,5.847,-0.852,0.143,0.53,100.932,-36.168,34.2,-0.1,0.0,0.43725315830088224,0.0
1790077074.466482,136605.0,57.151,15.604,173.284,-1.731,0.336,5.85,-0.851,0.143,0.53,100.932,-36.156,34.188,0.4,-0.1,0.440332062500238,0.0
1790077074.472506,136611.0,57.152,15.62,173.324,-1.72,0.408,5.863,-0.85,0.144,0.53,100.932,-36.156,34.2,-0.1,0.2,0.440332062500238,0.0
1790077074.478581,136617.0,57.153,15.638,173.364,-1.662,0.503,5.872,-0.85,0.144,0.53,100.932,-36.156,34.188,0.0,-0.2,0.440332062500238,0.0
1790077074.487969,136622.0,57.155,15.655,173.404,-1.611,0.604,5.83,-0.85,0.144,0.53,100.932,-36.156,34.188,0.3,-0.2,0.440332062500238,0.0
1790077074.489229,136628.0,57.157,15.673,173.444,-1.573,0.705,5.75,-0.85,0.145,0.53,100.932,-36.156,34.2,0.0,0.0,0.440332062500238,0.0
1790077074.4943502,136633.0,57.16,15.691,173.484,-1.512,0.829,5.69,-0.85,0.146,0.531,100.932,-36.156,34.2,0.0,0.0,0.440332062500238,0.0
1790077074.49946,136638.0,57.163,15.709,173.524,-1.452,0.942,5.671,-0.85,0.147,0.531,100.932,-36.168,34.2,-0.2,0.3,0.44295753330079607,0.0
1790077074.505373,136644.0,57.167,15.728,173.564,-1.389,1.01,5.653,-0.85,0.147,0.531,100.932,-36.156,34.188,0.4,-0.1,0.44295753330079607,0.0
1790077074.511231,136650.0,57.175,15.766,173.643,-1.212,1.135,5.528,-0.849,0.148,0.532,100.932,-36.156,34.188,0.3,0.0,0.44295753330079607,0.0
1790077074.523624,136656.0,57.179,15.786,173.682,-1.15,1.219,5.431,-0.85,0.148,0.532,100.932,-36.156,34.188,0.1,0.0,0.4449918833008269,0.0
1790077074.5237,136661.0,57.184,15.805,173.72,-1.109,1.287,5.381,-0.85,0.149,0.532,100.932,-36.156,34.188,0.0,0.0,0.4449918833008269,0.0
1790077074.529013,136668.0,57.19,15.824,173.759,-1.063,1.338,5.341,-0.85,0.149,0.531,100.932,-36.156,34.2,0.1,0.0,0.4449918833008269,0.0
1790077074.5370398,136674.0,57.201,15.862,173.834,-0.996,1.42,5.202,-0.85,0.149,0.531,100.932,-36.156,34.2,0.0,0.0,0.4449918833008269,0.0
1790077074.540931,136679.0,57.201,15.862,173.834,-0.996,1.42,5.202,-0.85,0.149,0.531,100.932,-36.156,34.2,0.0,0.0,0.44711240420001563,0.0
1790077074.546222,136685.0,57.214,15.898,173.907,-0.932,1.519,5.077,-0.849,0.148,0.529,100.933,-36.156,34.188,0.0,0.0,0.44711240420001563,0.0
1790077074.554343,136691.0,57.221,15.916,173.943,-0.858,1.58,5.025,-0.849,0.148,0.528,100.933,-36.144,34.2,0.3,0.0,0.44711240420001563,0.0
1790077074.558655,136697.0,57.229,15.934,173.979,-0.768,1.608,4.96,-0.849,0.148,0.527,100.933,-36.144,34.2,0.2,0.0,0.44956737920001616,0.0
1790077074.5697012,136703.0,57.236,15.952,174.014,-0.739,1.581,4.896,-0.849,0.148,0.525,100.933,-36.144,34.188,0.1,-0.1,0.44956737920001616,0.0
1790077074.570422,136709.0,57.253,15.987,174.083,-0.738,1.52,4.739,-0.85,0.15,0.522,100.933,-36.144,34.2,0.1,0.1,0.44956737920001616,0.0
1790077074.575572,136714.0,57.261,16.005,174.116,-0.736,1.439,4.633,-0.85,0.151,0.521,100.933,-36.144,34.2,0.2,0.0,0.44956737920001616,0.0
1790077074.588442,136720.0,57.269,16.022,174.15,-0.745,1.363,4.523,-0.851,0.153,0.519,100.933,-36.132,34.2,0.5,0.2,0.44956737920001616,0.0
1790077074.588607,136726.0,57.278,16.039,174.182,-0.742,1.299,4.412,-0.852,0.154,0.518,100.933,-36.12,34.188,0.9,-0.1,0.44956737920001616,0.0
1790077074.5921202,136731.0,57.286,16.055,174.214,-0.736,1.178,4.298,-0.853,0.155,0.517,100.933,-36.12,34.2,0.7,0.1,0.45207286670047325,0.0
1790077074.6030521,136737.0,57.293,16.07,174.244,-0.741,1.016,4.179,-0.854,0.156,0.517,100.933,-36.12,34.188,0.6,-0.1,0.45207286670047325,0.0
1790077074.6043909,136743.0,57.3,16.083,174.273,-0.744,0.825,4.037,-0.854,0.156,0.516,100.933,-36.108,34.2,1.1,0.1,0.45207286670047325,0.0
1790077074.609844,136748.0,57.307,16.096,174.3,-0.736,0.637,3.918,-0.855,0.156,0.516,100.933,-36.108,34.2,1.1,0.0,0.45459190420078815,0.0
1790077074.6213472,136754.0,57.318,16.116,174.349,-0.701,0.349,3.715,-0.855,0.155,0.516,100.933,-36.084,34.2,1.6,0.0,0.45459190420078815,0.0
1790077074.621435,136759.0,57.322,16.125,174.372,-0.692,0.207,3.611,-0.856,0.154,0.516,100.933,-36.084,34.2,1.6,0.4,0.45459190420078815,0.0
1790077074.626786,136765.0,57.326,16.132,174.393,-0.679,0.049,3.494,-0.855,0.154,0.517,100.933,-36.048,34.188,2.6,-0.3,0.45459190420078815,0.0
1790077074.637856,136770.0,57.33,16.138,174.412,-0.642,-0.103,3.386,-0.855,0.153,0.518,100.933,-36.036,34.188,2.4,0.0,0.4570985625003232,0.0
1790077074.637981,136776.0,57.332,16.142,174.429,-0.583,-0.243,3.286,-0.855,0.153,0.519,100.933,-36.024,34.2,2.3,0.1,0.4570985625003232,0.0
1790077074.6430972,136781.0,57.334,16.146,174.445,-0.515,-0.369,3.179,-0.854,0.152,0.519,100.933,-36.0,34.188,2.6,-0.2,0.4570985625003232,0.0
1790077074.6488981,136787.0,57.336,16.148,174.46,-0.435,-0.466,3.069,-0.854,0.151,0.52,100.933,-35.988,34.2,2.8,0.1,0.4570985625003232,0.0
1790077074.6579819,136793.0,57.337,16.15,174.473,-0.338,-0.574,2.95,-0.853,0.151,0.52,100.933,-35.976,34.188,2.5,0.0,0.4570985625003232,0.0
1790077074.659307,136798.0,57.338,16.15,174.484,-0.258,-0.686,2.835,-0.852,0.15,0.52,100.933,-35.964,34.2,2.5,0.2,0.45995113329991,0.0
1790077074.6709042,136803.0,57.338,16.15,174.494,-0.201,-0.747,2.75,-0.852,0.149,0.521,100.933,-35.952,34.188,1.9,0.0,0.45995113329991,0.0
1790077074.671118,136808.0,57.338,16.149,174.503,-0.163,-0.772,2.67,-0.851,0.149,0.521,100.931,-35.94,34.2,2.0,0.0,0.45995113329991,0.0
1790077074.67487,136813.0,57.338,16.147,174.511,-0.114,-0.811,2.592,-0.852,0.149,0.52,100.931,-35.94,34.2,1.6,0.1,0.45995113329991,0.0
1790077074.680789,136819.0,57.339,16.145,174.519,-0.083,-0.856,2.517,-0.852,0.149,0.52,100.931,-35.928,34.2,1.2,0.0,0.45995113329991,0.0
1790077074.688077,136825.0,57.34,16.141,174.533,-0.009,-0.844,2.413,-0.853,0.149,0.52,100.931,-35.928,34.188,0.7,0.0,0.4629308083007345,0.0
1790077074.692221,136831.0,57.341,16.138,174.539,-0.105,-0.826,2.364,-0.853,0.149,0.519,100.931,-35.928,34.2,0.6,0.4,0.4629308083007345,0.0
1790077074.703116,136837.0,57.342,16.134,174.545,-0.191,-0.805,2.323,-0.853,0.149,0.519,100.931,-35.928,34.2,0.2,0.0,0.4629308083007345,0.0
1790077074.7043278,136843.0,57.343,16.131,174.551,-0.113,-0.818,2.288,-0.854,0.149,0.518,100.931,-35.928,34.2,0.0,-0.1,0.4629308083007345,0.0
1790077074.709357,136848.0,57.345,16.128,174.557,-0.044,-0.845,2.243,-0.855,0.149,0.517,100.931,-35.928,34.2,0.2,-0.1,0.4629308083007345,0.0
1790077074.721657,136854.0,57.348,16.121,174.567,0.05,-0.914,2.155,-0.856,0.149,0.517,100.931,-35.928,34.188,0.0,-0.2,0.4654364125002758,0.0
1790077074.72177,136859.0,57.35,16.118,174.572,0.118,-0.925,2.134,-0.857,0.15,0.516,100.931,-35.928,34.2,0.2,0.0,0.4654364125002758,0.0
1790077074.726454,136865.0,57.35,16.118,174.572,0.118,-0.925,2.134,-0.857,0.15,0.516,100.931,-35.928,34.2,0.0,0.1,0.4654364125002758,0.0
1790077074.736851,136871.0,57.353,16.112,174.579,0.211,-1.063,2.048,-0.858,0.15,0.516,100.932,-35.928,34.2,-0.1,0.1,0.4654364125002758,0.0
1790077074.738668,136877.0,57.354,16.108,174.583,0.269,-1.169,2.044,-0.858,0.15,0.516,100.932,-35.928,34.2,0.0,0.0,0.4654364125002758,0.0
1790077074.7443871,136883.0,57.354,16.104,174.586,0.336,-1.267,2.037,-0.858,0.149,0.517,100.932,-35.928,34.188,0.0,-0.3,0.4654364125002758,0.0
1790077074.75708,136889.0,57.353,16.096,174.59,0.425,-1.429,2.027,-0.858,0.149,0.518,100.932,-35.928,34.2,0.0,0.2,0.4679178582999157,0.0
1790077074.7572968,136895.0,57.352,16.093,174.592,0.466,-1.469,2.074,-0.858,0.148,0.519,100.932,-35.928,34.188,0.0,-0.1,0.4679178582999157,0.0
1790077074.761769,136900.0,57.352,16.093,174.592,0.466,-1.469,2.074,-0.858,0.148,0.519,100.932,-35.928,34.2,0.0,0.1,0.4679178582999157,0.0
1790077074.769702,136906.0,57.349,16.086,174.596,0.589,-1.576,2.086,-0.858,0.148,0.519,100.932,-35.928,34.188,-0.3,0.0,0.4679178582999157,0.0
1790077074.773129,136911.0,57.347,16.083,174.598,0.652,-1.657,2.071,-0.858,0.149,0.52,100.932,-35.928,34.188,0.1,0.0,0.4702027833001921,0.0
1790077074.7788951,136917.0,57.344,16.08,174.6,0.699,-1.681,2.069,-0.859,0.149,0.52,100.932,-35.928,34.188,-0.2,0.0,0.4702027833001921,0.0
1790077074.784287,136923.0,57.342,16.078,174.601,0.733,-1.719,2.055,-0.859,0.15,0.52,100.932,-35.928,34.2,0.1,0.0,0.4702027833001921,0.0
1790077074.790433,136928.0,57.339,16.075,174.603,0.763,-1.787,2.036,-0.859,0.15,0.521,100.932,-35.928,34.2,0.0,0.1,0.4702027833001921,0.0
1790077074.7960498,136934.0,57.336,16.073,174.604,0.785,-1.843,2.003,-0.859,0.151,0.521,100.932,-35.928,34.188,0.0,-0.1,0.4724470417000703,0.0
1790077074.804577,136940.0,57.329,16.067,174.605,0.898,-1.907,1.913,-0.859,0.15,0.522,100.932,-35.928,34.2,0.0,0.0,0.4724470417000703,0.0
1790077074.806893,136945.0,57.325,16.063,174.604,0.953,-1.932,1.86,-0.859,0.15,0.523,100.932,-35.928,34.188,0.0,-0.2,0.4724470417000703,0.0
1790077074.8120909,136951.0,57.322,16.059,174.603,1.007,-1.944,1.836,-0.858,0.149,0.523,100.932,-35.928,34.188,0.1,0.0,0.4724470417000703,0.0
1790077074.81855,136957.0,57.318,16.055,174.601,1.031,-1.927,1.822,-0.857,0.148,0.524,100.932,-35.928,34.2,0.0,0.2,0.4724470417000703,0.0
1790077074.823631,136962.0,57.314,16.05,174.599,1.069,-1.918,1.809,-0.857,0.147,0.525,100.932,-35.928,34.2,0.0,0.0,0.47490890000044605,0.0
1790077074.829182,136968.0,57.31,16.045,174.596,1.131,-1.938,1.793,-0.856,0.146,0.525,100.932,-35.928,34.2,0.0,0.0,0.47490890000044605,0.0
1790077074.838155,136973.0,57.306,16.039,174.592,1.198,-1.954,1.793,-0.856,0.144,0.526,100.932,-35.928,34.2,0.0,0.0,0.47790890000044606,0.0
1790077074.839354,136978.0,57.301,16.034,174.589,1.266,-1.961,1.833,-0.856,0.143,0.527,100.932,-35.928,34.188,0.0,-0.1,0.47790890000044606,0.0
1790077074.845502,136984.0,57.293,16.024,174.581,1.412,-1.922,1.862,-0.857,0.141,0.528,100.932,-35.928,34.2,0.1,0.0,0.47790890000044606,0.0
1790077074.8544798,136990.0,57.289,16.019,174.577,1.478,-1.913,1.895,-0.857,0.14,0.528,100.932,-35.928,34.2,0.2,0.0,0.47791610830026915,0.0
1790077074.856425,136995.0,57.289,16.019,174.577,1.478,-1.913,1.895,-0.857,0.14,0.528,100.932,-35.928,34.2,0.0,0.0,0.47791610830026915,0.0
1790077074.862394,137001.0,57.281,16.011,174.569,1.717,-1.885,1.953,-0.858,0.139,0.529,100.932,-35.928,34.2,-0.1,0.1,0.47791610830026915,0.0
1790077074.868669,137007.0,57.277,16.007,174.566,1.79,-1.867,1.99,-0.858,0.139,0.53,100.932,-35.928,34.188,0.0,-0.3,0.47791610830026915,0.0
1790077074.873635,137012.0,57.273,16.005,174.563,1.858,-1.843,2.026,-0.859,0.139,0.53,100.932,-35.928,34.2,0.2,0.3,0.48037300830037566,0.0
1790077074.879275,137018.0,57.269,16.004,174.56,1.962,-1.832,2.068,-0.859,0.14,0.53,100.932,-35.928,34.188,-0.1,-0.3,0.48037300830037566,0.0
1790077074.884345,137023.0,57.265,16.003,174.558,2.041,-1.801,2.097,-0.859,0.141,0.53,100.932,-35.928,34.2,-0.1,0.0,0.48037300830037566,0.0
1790077074.890922,137029.0,57.261,16.004,174.557,2.092,-1.776,2.143,-0.859,0.142,0.531,100.932,-35.928,34.2,0.1,0.2,0.4828810375009198,0.0
1790077074.8963552,137035.0,57.254,16.008,174.557,2.133,-1.742,2.218,-0.86,0.144,0.529,100.932,-35.928,34.2,0.0,0.0,0.4828810375009198,0.0
1790077074.901382,137040.0,57.25,16.011,174.559,2.166,-1.744,2.247,-0.861,0.145,0.528,100.932,-35.928,34.2,0.0,0.0,0.4828810375009198,0.0
1790077074.9124322,137046.0,57.247,16.015,174.56,2.174,-1.765,2.276,-0.861,0.146,0.527,100.932,-35.928,34.188,-0.1,-0.1,0.4828810375009198,0.0
1790077074.912522,137051.0,57.243,16.021,174.563,2.205,-1.791,2.311,-0.861,0.147,0.526,100.932,-35.928,34.2,0.0,0.0,0.4828810375009198,0.0
1790077074.918623,137057.0,57.24,16.026,174.566,2.25,-1.821,2.328,-0.86,0.148,0.524,100.932,-35.928,34.2,0.0,0.0,0.4828810375009198,0.0
1790077074.923775,137062.0,57.237,16.033,174.57,2.274,-1.7,2.309,-0.86,0.149,0.524,100.932,-35.928,34.2,0.0,0.1,0.4853987791997497,0.0
1790077074.929336,137068.0,57.235,16.039,174.573,2.268,-1.603,2.302,-0.86,0.149,0.523,100.932,-35.928,34.188,0.0,-0.1,0.4853987791997497,0.0
1790077074.934303,137073.0,57.233,16.046,174.577,2.23,-1.678,2.299,-0.86,0.149,0.523,100.932,-35.928,34.2,0.4,0.0,0.4853987791997497,0.0
1790077074.940462,137079.0,57.227,16.057,174.584,2.121,-1.813,2.365,-0.86,0.148,0.523,100.932,-35.928,34.188,-0.1,0.0,0.48790613750024936,0.0
1790077074.9456892,137084.0,57.223,16.062,174.587,2.091,-1.88,2.384,-0.86,0.147,0.524,100.932,-35.928,34.2,0.0,0.0,0.48790613750024936,0.0
1790077074.951672,137089.0,57.219,16.067,174.59,2.07,-1.929,2.404,-0.859,0.147,0.524,100.932,-35.928,34.2,0.0,0.0,0.48790613750024936,0.0
1790077074.9564428,137095.0,57.215,16.072,174.594,2.028,-1.915,2.462,-0.858,0.147,0.525,100.932,-35.928,34.2,0.0,0.1,0.48790613750024936,0.0
1790077074.962282,137101.0,57.211,16.077,174.598,1.988,-1.891,2.515,-0.858,0.147,0.526,100.932,-35.928,34.188,0.2,-0.2,0.48790613750024936,0.0
1790077074.968825,137106.0,57.206,16.083,174.602,1.941,-1.915,2.541,-0.858,0.148,0.526,100.932,-35.928,34.2,-0.2,0.0,0.48790613750024936,0.0
1790077074.973291,137111.0,57.202,16.088,174.607,1.886,-1.921,2.549,-0.858,0.148,0.526,100.932,-35.928,34.188,0.3,0.0,0.49011859169986566,0.0
1790077074.978744,137117.0,57.197,16.093,174.612,1.821,-1.891,2.549,-0.857,0.149,0.526,100.932,-35.928,34.2,0.1,0.0,0.49011859169986566,0.0
1790077074.984297,137123.0,57.193,16.099,174.617,1.777,-1.873,2.554,-0.857,0.15,0.526,100.932,-35.928,34.188,-0.1,0.0,0.49011859169986566,0.0
1790077074.990997,137129.0,57.183,16.109,174.628,1.664,-1.875,2.539,-0.855,0.151,0.526,100.932,-35.928,34.2,0.1,0.0,0.4922438333000173,0.0
1790077074.9955,137134.0,57.179,16.114,174.633,1.591,-1.851,2.522,-0.854,0.151,0.525,100.932,-35.928,34.2,0.0,0.0,0.4922438333000173,0.0
1790077075.001516,137140.0,57.174,16.119,174.639,1.515,-1.78,2.515,-0.853,0.152,0.525,100.932,-35.928,34.2,0.0,0.0,0.4922438333000173,0.0
1790077075.007458,137146.0,57.17,16.124,174.646,1.468,-1.688,2.546,-0.852,0.152,0.524,100.932,-35.928,34.188,0.2,-0.1,0.4944564999997965,0.0
1790077075.0128698,137151.0,57.167,16.129,174.652,1.409,-1.621,2.559,-0.851,0.152,0.523,100.932,-35.928,34.188,0.0,0.0,0.4944564999997965,0.0
1790077075.018687,137157.0,57.163,16.134,174.659,1.299,-1.565,2.535,-0.85,0.152,0.523,100.932,-35.928,34.2,0.0,0.1,0.4944564999997965,0.0
1790077075.02355,137162.0,57.16,16.138,174.666,1.185,-1.51,2.504,-0.85,0.153,0.523,100.932,-35.928,34.2,0.1,0.0,0.4944564999997965,0.0
1790077075.0293329,137168.0,57.158,16.142,174.673,1.074,-1.466,2.471,-0.849,0.154,0.523,100.932,-35.928,34.2,-0.1,0.0,0.49696049170015616,0.0
1790077075.035424,137174.0,57.155,16.145,174.68,0.929,-1.424,2.448,-0.849,0.155,0.522,100.932,-35.928,34.2,-0.3,0.0,0.49696049170015616,0.0
1790077075.0423412,137180.0,57.151,16.152,174.696,0.672,-1.282,2.409,-0.848,0.157,0.521,100.933,-35.928,34.2,0.1,0.1,0.49696049170015616,0.0
1790077075.0472589,137186.0,57.149,16.156,174.705,0.56,-1.221,2.395,-0.848,0.158,0.52,100.933,-35.928,34.2,0.0,0.2,0.49696049170015616,0.0
1790077075.052207,137191.0,57.148,16.159,174.714,0.427,-1.163,2.375,-0.847,0.159,0.519,100.933,-35.928,34.2,0.2,0.1,0.49696049170015616,0.0
1790077075.058677,137197.0,57.147,16.161,174.723,0.272,-1.102,2.321,-0.846,0.16,0.519,100.933,-35.928,34.188,0.1,-0.2,0.4992109957995126,0.0
1790077075.064265,137203.0,57.147,16.163,174.732,0.127,-1.068,2.285,-0.846,0.161,0.519,100.933,-35.928,34.2,-0.1,0.1,0.4992109957995126,0.0
1790077075.069441,137208.0,57.146,16.164,174.741,-0.015,-1.013,2.257,-0.846,0.161,0.518,100.933,-35.928,34.2,0.0,0.1,0.4992109957995126,0.0
1790077075.0752409,137214.0,57.146,16.164,174.75,-0.176,-0.89,2.221,-0.846,0.161,0.518,100.933,-35.928,34.2,0.1,0.0,0.4992109957995126,0.0
1790077075.080787,137219.0,57.149,16.162,174.768,-0.483,-0.691,2.163,-0.846,0.159,0.519,100.933,-35.928,34.2,-0.2,0.0,0.5016576499998336,0.0
1790077075.085558,137224.0,57.151,16.159,174.776,-0.618,-0.574,2.148,-0.847,0.158,0.519,100.933,-35.928,34.188,0.1,0.0,0.5016576499998336,0.0
1790077075.090803,137229.0,57.153,16.155,174.784,-0.736,-0.514,2.134,-0.848,0.157,0.52,100.933,-35.928,34.2,-0.2,0.0,0.5016576499998336,0.0
1790077075.096305,137235.0,57.153,16.155,174.784,-0.736,-0.514,2.134,-0.848,0.157,0.52,100.933,-35.928,34.2,0.1,0.0,0.5016576499998336,0.0
1790077075.1012669,137240.0,57.158,16.143,174.798,-0.998,-0.464,2.071,-0.849,0.155,0.52,100.932,-35.928,34.2,0.1,0.0,0.5016576499998336,0.0
1790077075.107241,137246.0,57.161,16.136,174.804,-1.09,-0.445,2.042,-0.85,0.155,0.52,100.932,-35.928,34.188,0.0,-0.1,0.5016576499998336,0.0
1790077075.112158,137251.0,57.165,16.129,174.811,-1.205,-0.414,2.03,-0.851,0.155,0.52,100.932,-35.928,34.2,0.0,0.0,0.5039367917008349,0.0
1790077075.118727,137257.0,57.168,16.12,174.818,-1.309,-0.388,2.058,-0.851,0.155,0.52,100.932,-35.916,34.188,0.2,-0.1,0.5039367917008349,0.0
1790077075.1236842,137262.0,57.171,16.112,174.825,-1.394,-0.385,2.098,-0.852,0.155,0.52,100.932,-35.928,34.188,-0.1,0.0,0.5039367917008349,0.0
1790077075.1292958,137268.0,57.175,16.104,174.832,-1.489,-0.378,2.129,-0.851,0.154,0.52,100.932,-35.928,34.2,-0.2,0.1,0.5061380708008073,0.0
1790077075.134329,137273.0,57.178,16.095,174.839,-1.586,-0.343,2.138,-0.851,0.154,0.521,100.932,-35.916,34.2,0.1,0.0,0.5061380708008073,0.0
1790077075.1396081,137278.0,57.182,16.086,174.847,-1.647,-0.306,2.137,-0.851,0.154,0.521,100.932,-35.916,34.2,0.2,0.0,0.5061380708008073,0.0
1790077075.1444852,137283.0,57.186,16.076,174.854,-1.72,-0.267,2.152,-0.851,0.154,0.521,100.932,-35.928,34.188,0.0,-0.2,0.5061380708008073,0.0
1790077075.1492789,137288.0,57.189,16.067,174.862,-1.81,-0.228,2.19,-0.85,0.154,0.521,100.932,-35.928,34.188,0.0,0.0,0.5085220332999597,0.0
1790077075.155405,137294.0,57.197,16.047,174.88,-1.966,-0.17,2.239,-0.849,0.153,0.52,100.932,-35.928,34.2,0.0,0.0,0.5085220332999597,0.0
1790077075.161891,137300.0,57.201,16.037,174.888,-2.008,-0.167,2.249,-0.848,0.153,0.519,100.932,-35.916,34.2,0.1,0.0,0.5085220332999597,0.0
1790077075.16724,137306.0,57.205,16.027,174.897,-2.043,-0.152,2.288,-0.848,0.152,0.519,100.932,-35.916,34.2,0.2,0.1,0.5085220332999597,0.0
1790077075.172302,137311.0,57.209,16.017,174.907,-2.078,-0.154,2.326,-0.847,0.151,0.518,100.932,-35.916,34.2,0.0,0.1,0.5105786500003887,0.0
1790077075.178702,137317.0,57.213,16.007,174.916,-2.113,-0.154,2.342,-0.847,0.151,0.518,100.932,-35.916,34.2,0.1,0.0,0.5105786500003887,0.0
1790077075.1845481,137323.0,57.217,15.997,174.925,-2.157,-0.161,2.367,-0.848,0.15,0.518,100.932,-35.916,34.2,0.1,0.0,0.5105786500003887,0.0
1790077075.190515,137329.0,57.225,15.976,174.944,-2.249,-0.156,2.491,-0.849,0.149,0.519,100.932,-35.916,34.188,0.3,-0.1,0.5126066124998033,0.0
1790077075.195882,137334.0,57.229,15.965,174.954,-2.285,-0.197,2.546,-0.85,0.148,0.519,100.932,-35.904,34.188,0.6,-0.1,0.5126066124998033,0.0
1790077075.201396,137340.0,57.233,15.954,174.965,-2.281,-0.24,2.596,-0.851,0.148,0.52,100.932,-35.904,34.188,0.3,0.0,0.5126066124998033,0.0
1790077075.207306,137346.0,57.236,15.944,174.975,-2.251,-0.297,2.634,-0.852,0.147,0.521,100.932,-35.904,34.2,0.6,0.2,0.5126066124998033,0.0
1790077075.212196,137351.0,57.239,15.933,174.985,-2.194,-0.349,2.692,-0.853,0.146,0.522,100.932,-35.892,34.188,0.7,-0.2,0.5126066124998033,0.0
1790077075.218838,137357.0,57.241,15.923,174.995,-2.119,-0.384,2.749,-0.854,0.145,0.522,100.932,-35.88,34.188,1.0,0.0,0.5151118333000341,0.0
1790077075.224093,137362.0,57.244,15.913,175.005,-2.044,-0.406,2.79,-0.854,0.145,0.523,100.933,-35.88,34.2,0.8,0.0,0.5151118333000341,0.0
1790077075.2293298,137368.0,57.246,15.904,175.015,-1.973,-0.417,2.821,-0.854,0.144,0.524,100.933,-35.88,34.2,0.8,0.0,0.5151118333000341,0.0
1790077075.2355,137374.0,57.25,15.886,175.037,-1.85,-0.442,2.934,-0.853,0.143,0.524,100.933,-35.868,34.188,1.1,-0.1,0.5151118333000341,0.0
1790077075.240736,137379.0,57.252,15.879,175.048,-1.763,-0.47,2.978,-0.853,0.143,0.523,100.933,-35.868,34.2,1.0,0.1,0.5172449874997256,0.0
1790077075.246324,137385.0,57.253,15.873,175.06,-1.695,-0.496,3.022,-0.853,0.144,0.522,100.933,-35.856,34.188,1.0,0.0,0.5172449874997256,0.0
1790077075.2518961,137390.0,57.255,15.867,175.073,-1.636,-0.527,3.082,-0.853,0.145,0.521,100.933,-35.844,34.188,1.1,0.0,0.5172449874997256,0.0
1790077075.257451,137396.0,57.256,15.863,175.087,-1.57,-0.56,3.131,-0.853,0.146,0.52,100.933,-35.832,34.2,1.5,0.1,0.5172449874997256,0.0
1790077075.262252,137401.0,57.258,15.86,175.101,-1.511,-0.616,3.139,-0.854,0.147,0.519,100.933,-35.82,34.188,1.4,0.0,0.5197525916999439,0.0
1790077075.268758,137407.0,57.259,15.857,175.116,-1.448,-0.712,3.172,-0.855,0.148,0.519,100.933,-35.808,34.188,2.0,-0.1,0.5197525916999439,0.0
1790077075.273551,137412.0,57.26,15.856,175.131,-1.406,-0.782,3.223,-0.856,0.148,0.519,100.933,-35.796,34.188,1.8,0.0,0.5197525916999439,0.0
1790077075.2793128,137418.0,57.26,15.854,175.146,-1.374,-0.859,3.234,-0.857,0.149,0.519,100.933,-35.772,34.188,2.2,0.0,0.5197525916999439,0.0
1790077075.28608,137424.0,57.26,15.853,175.177,-1.248,-1.017,3.288,-0.86,0.151,0.52,100.932,-35.76,34.2,2.5,0.3,0.5197525916999439,0.0
1790077075.291424,137430.0,57.259,15.853,175.193,-1.182,-1.137,3.324,-0.861,0.151,0.52,100.932,-35.736,34.188,3.1,-0.1,0.5222608124997351,0.0
1790077075.2972019,137436.0,57.257,15.854,175.209,-1.135,-1.261,3.374,-0.862,0.151,0.521,100.932,-35.676,34.2,4.5,0.1,0.5222608124997351,0.0
1790077075.3023381,137441.0,57.255,15.854,175.225,-1.067,-1.408,3.393,-0.863,0.151,0.522,100.932,-35.64,34.188,5.4,-0.1,0.5222608124997351,0.0
1790077075.308765,137447.0,57.252,15.854,175.239,-0.929,-1.592,3.369,-0.863,0.151,0.523,100.932,-35.592,34.188,6.1,-0.1,0.5245339750006679,0.0
1790077075.318878,137453.0,57.247,15.854,175.253,-0.75,-1.796,3.33,-0.863,0.15,0.524,100.932,-35.544,34.2,7.3,0.1,0.5245339750006679,0.0
1790077075.320488,137459.0,57.235,15.853,175.275,-0.323,-2.215,3.214,-0.861,0.148,0.526,100.932,-35.484,34.188,8.2,0.0,0.5245339750006679,0.0
1790077075.326308,137465.0,57.228,15.853,175.285,-0.103,-2.371,3.166,-0.86,0.147,0.527,100.932,-35.424,34.188,9.1,0.0,0.5245339750006679,0.0
1790077075.3315809,137470.0,57.219,15.851,175.292,0.087,-2.582,3.101,-0.859,0.146,0.527,100.932,-35.352,34.188,10.5,-0.1,0.5215339750006679,0.0
1790077075.338111,137476.0,57.209,15.85,175.298,0.293,-2.833,3.042,-0.857,0.145,0.528,100.932,-35.208,34.188,12.2,-0.1,0.5215339750006679,0.0
1790077075.343318,137481.0,57.198,15.848,175.303,0.535,-3.037,3.001,-0.855,0.143,0.529,100.932,-35.112,34.188,13.3,0.0,0.5185339750006679,0.0
1790077075.353342,137487.0,57.186,15.846,175.306,0.825,-3.201,2.917,-0.854,0.142,0.531,100.932,-35.028,34.2,14.3,0.0,0.5155339750006679,0.0
1790077075.353736,137492.0,57.173,15.844,175.307,1.124,-3.364,2.804,-0.853,0.142,0.531,100.932,-34.932,34.2,15.5,0.2,0.5155339750006679,0.0
1790077075.359338,137498.0,57.159,15.843,175.308,1.395,-3.568,2.716,-0.852,0.143,0.532,100.932,-34.836,34.188,15.9,-0.2,0.5125339750006679,0.0
1790077075.371186,137504.0,57.128,15.841,175.305,1.887,-3.901,2.543,-0.85,0.143,0.533,100.932,-34.728,34.2,16.8,0.1,0.5095339750006679,0.0
1790077075.3712718,137509.0,57.112,15.84,175.302,2.12,-4.0,2.453,-0.849,0.144,0.534,100.932,-34.632,34.2,17.2,0.0,0.5095339750006679,0.0
1790077075.376496,137515.0,57.096,15.841,175.298,2.334,-4.071,2.354,-0.849,0.145,0.533,100.932,-34.524,34.188,17.7,-0.2,0.5095339750006679,0.0
1790077075.391606,137521.0,57.079,15.842,175.294,2.522,-4.143,2.266,-0.849,0.146,0.533,100.932,-34.308,34.188,19.0,0.0,0.5065339750006679,0.0
1790077075.39169,137527.0,57.063,15.843,175.29,2.691,-4.222,2.192,-0.849,0.147,0.532,100.932,-34.188,34.2,19.4,0.2,0.5065339750006679,0.0
1790077075.393745,137532.0,57.046,15.845,175.285,2.875,-4.318,2.118,-0.85,0.148,0.531,100.932,-34.068,34.188,20.2,-0.4,0.5035339750006679,0.0
1790077075.4043531,137537.0,57.029,15.848,175.279,3.057,-4.445,2.032,-0.85,0.149,0.531,100.932,-33.948,34.188,20.5,0.0,0.5005339750006679,0.0
1790077075.404444,137542.0,57.012,15.85,175.272,3.209,-4.54,1.948,-0.85,0.15,0.53,100.932,-33.828,34.2,21.0,0.2,0.5005339750006679,0.0
1790077075.408611,137547.0,56.994,15.853,175.265,3.348,-4.641,1.868,-0.85,0.151,0.53,100.932,-33.708,34.2,21.5,0.0,0.49753397500066787,0.0
1790077075.451735,137553.0,56.976,15.857,175.257,3.479,-4.736,1.784,-0.851,0.152,0.53,100.932,-33.576,34.188,22.0,-0.3,0.49453397500066787,0.0
1790077075.4519339,137558.0,56.958,15.86,175.249,3.608,-4.826,1.708,-0.851,0.153,0.529,100.932,-33.456,34.2,22.4,0.4,0.49453397500066787,0.0
1790077075.451971,137564.0,56.922,15.867,175.23,3.773,-4.956,1.557,-0.85,0.154,0.529,100.932,-33.336,34.188,22.3,-0.1,0.49453397500066787,0.0
1790077075.451997,137569.0,56.903,15.871,175.22,3.832,-4.979,1.493,-0.849,0.154,0.53,100.932,-33.204,34.2,22.4,0.1,0.49453397500066787,0.0
1790077075.452019,137574.0,56.885,15.873,175.209,3.914,-4.969,1.423,-0.848,0.153,0.53,100.932,-33.072,34.2,22.9,0.2,0.49453397500066787,0.0
1790077075.452039,137580.0,56.866,15.876,175.197,4.007,-4.993,1.334,-0.848,0.153,0.53,100.932,-32.94,34.188,23.4,-0.3,0.49453397500066787,0.0
1790077075.452162,137586.0,56.848,15.878,175.184,4.044,-5.061,1.26,-0.849,0.153,0.529,100.932,-32.676,34.188,23.8,-0.2,0.49453397500066787,0.0
1790077075.4523258,137591.0,56.829,15.88,175.17,4.113,-5.119,1.178,-0.848,0.153,0.529,100.932,-32.532,34.188,24.2,-0.2,0.49453397500066787,0.0
1790077075.537469,137596.0,56.811,15.881,175.156,4.176,-5.156,1.087,-0.847,0.154,0.53,100.932,-32.4,34.2,24.3,0.2,0.49153397500066787,0.0
1790077075.537535,137602.0,56.792,15.883,175.141,4.196,-5.191,1.001,-0.847,0.155,0.529,100.932,-32.256,34.188,24.6,-0.1,0.49153397500066787,0.0
1790077075.5375628,137607.0,56.773,15.885,175.127,4.21,-5.255,0.937,-0.848,0.157,0.527,100.932,-32.124,34.2,24.3,0.0,0.49153397500066787,0.0
1790077075.537586,137612.0,56.755,15.887,175.112,4.185,-5.307,0.867,-0.848,0.158,0.525,100.932,-31.992,34.2,24.7,0.0,0.49153397500066787,0.0
1790077075.5376089,137618.0,56.737,15.888,175.097,4.131,-5.292,0.795,-0.846,0.159,0.525,100.932,-31.848,34.2,24.9,0.2,0.49153397500066787,0.0
1790077075.5376298,137624.0,56.701,15.89,175.066,4.015,-5.29,0.681,-0.844,0.16,0.522,100.932,-31.716,34.188,24.7,-0.1,0.49153397500066787,0.0
1790077075.537652,137629.0,56.684,15.89,175.05,3.941,-5.378,0.59,-0.844,0.16,0.521,100.932,-31.572,34.2,25.0,0.0,0.49153397500066787,0.0
1790077075.537672,137635.0,56.666,15.889,175.033,3.829,-5.402,0.492,-0.842,0.161,0.521,100.932,-31.44,34.2,24.9,0.1,0.49153397500066787,0.0
1790077075.537694,137640.0,56.648,15.886,175.015,3.716,-5.334,0.413,-0.84,0.161,0.522,100.932,-31.296,34.2,24.7,0.0,0.49153397500066787,0.0
1790077075.5377731,137646.0,56.631,15.884,174.998,3.579,-5.26,0.371,-0.84,0.161,0.52,100.932,-31.02,34.188,25.1,-0.2,0.49153397500066787,0.0
1790077075.538015,137651.0,56.614,15.88,174.98,3.396,-5.223,0.364,-0.841,0.161,0.519,100.932,-30.888,34.2,24.7,0.0,0.49153397500066787,0.0
1790077075.538044,137656.0,56.598,15.874,174.962,3.227,-5.182,0.337,-0.84,0.16,0.521,100.932,-30.756,34.188,24.5,-0.1,0.49153397500066787,0.0
1790077075.538069,137661.0,56.581,15.868,174.944,3.064,-5.083,0.308,-0.839,0.159,0.523,100.932,-30.6,34.188,25.8,0.0,0.49153397500066787,0.0
1790077075.5380921,137667.0,56.565,15.86,174.925,2.914,-4.988,0.326,-0.838,0.157,0.525,100.932,-30.456,34.188,25.6,0.0,0.49153397500066787,0.0
1790077075.538116,137673.0,56.549,15.851,174.906,2.821,-4.927,0.35,-0.838,0.155,0.525,100.932,-30.336,34.2,24.7,0.2,0.49153397500066787,0.0
1790077075.540569,137679.0,56.517,15.832,174.867,2.705,-4.66,0.399,-0.837,0.153,0.53,100.932,-30.192,34.2,25.0,0.0,0.49153397500066787,0.0
1790077075.5913742,137685.0,56.502,15.822,174.849,2.577,-4.426,0.457,-0.837,0.153,0.532,100.932,-30.048,34.2,25.1,0.0,0.48253397500066786,0.0
1790077075.591456,137691.0,56.488,15.812,174.832,2.437,-4.289,0.555,-0.838,0.153,0.532,100.932,-29.772,34.188,25.2,-0.3,0.48253397500066786,0.0
1790077075.591489,137697.0,56.475,15.803,174.816,2.291,-4.192,0.636,-0.839,0.152,0.531,100.932,-29.64,34.2,25.2,0.0,0.48253397500066786,0.0
1790077075.591512,137702.0,56.462,15.793,174.8,2.167,-4.065,0.69,-0.839,0.152,0.533,100.932,-29.496,34.188,25.2,0.0,0.48253397500066786,0.0
1790077075.591535,137708.0,56.449,15.783,174.785,2.086,-3.925,0.72,-0.838,0.152,0.535,100.932,-29.352,34.188,25.2,-0.1,0.48253397500066786,0.0
1790077075.591557,137713.0,56.437,15.774,174.77,2.031,-3.776,0.743,-0.838,0.152,0.534,100.932,-29.22,34.2,24.9,0.0,0.48253397500066786,0.0
1790077075.591577,137719.0,56.426,15.764,174.757,1.94,-3.642,0.785,-0.839,0.152,0.533,100.932,-29.088,34.188,24.9,0.0,0.48253397500066786,0.0
1790077075.591598,137724.0,56.406,15.746,174.732,1.621,-3.299,0.891,-0.839,0.152,0.533,100.933,-28.956,34.188,24.2,0.0,0.48253397500066786,0.0
1790077075.591619,137730.0,56.397,15.737,174.721,1.443,-3.108,0.977,-0.84,0.152,0.532,100.933,-28.824,34.2,24.2,0.1,0.48253397500066786,0.0
1790077075.5963311,137735.0,56.397,15.737,174.721,1.443,-3.108,0.977,-0.84,0.152,0.532,100.933,-28.692,34.2,24.6,0.0,0.48253397500066786,0.0
1790077075.608764,137741.0,56.383,15.719,174.704,1.168,-2.837,1.242,-0.842,0.15,0.531,100.933,-28.428,34.2,24.1,0.1,0.47953397500066786,0.0
1790077075.608901,137747.0,56.376,15.711,174.697,1.071,-2.853,1.37,-0.843,0.15,0.532,100.933,-28.284,34.188,24.4,-0.2,0.47953397500066786,0.0
1790077075.6206698,137753.0,56.368,15.703,174.691,0.954,-2.87,1.477,-0.843,0.15,0.532,100.933,-28.164,34.2,23.8,0.2,0.47653397500066785,0.0
1790077075.620756,137759.0,56.356,15.689,174.684,0.686,-2.562,1.693,-0.847,0.151,0.532,100.933,-28.02,34.2,24.0,0.2,0.47653397500066785,0.0
1790077075.625424,137764.0,56.356,15.689,174.684,0.686,-2.562,1.693,-0.847,0.151,0.532,100.933,-27.9,34.188,23.8,-0.2,0.47353397500066785,0.0
1790077075.630547,137769.0,56.347,15.678,174.683,0.411,-2.234,1.959,-0.849,0.151,0.533,100.933,-27.78,34.188,22.9,-0.1,0.47353397500066785,0.0
1790077075.638525,137775.0,56.343,15.673,174.684,0.244,-2.094,2.141,-0.849,0.15,0.534,100.933,-27.66,34.2,23.0,0.0,0.47053397500066785,0.0
1790077075.64187,137780.0,56.339,15.669,174.688,0.079,-1.931,2.322,-0.85,0.15,0.535,100.933,-27.528,34.2,22.8,0.1,0.46753397500066785,0.0
1790077075.647286,137786.0,56.339,15.669,174.688,0.079,-1.931,2.322,-0.85,0.15,0.535,100.933,-27.3,34.2,22.3,0.2,0.46753397500066785,0.0
1790077075.654645,137792.0,56.333,15.661,174.699,-0.105,-1.718,2.636,-0.851,0.147,0.537,100.932,-27.18,34.2,21.7,0.0,0.46753397500066785,0.0
1790077075.6585531,137797.0,56.33,15.658,174.705,-0.228,-1.626,2.781,-0.851,0.146,0.538,100.932,-27.072,34.2,21.3,0.0,0.46453397500066784,0.0
1790077075.671581,137803.0,56.327,15.654,174.714,-0.372,-1.486,2.936,-0.851,0.145,0.539,100.932,-26.964,34.2,21.0,0.1,0.46153397500066784,0.0
1790077075.671762,137809.0,56.326,15.652,174.724,-0.474,-1.314,3.129,-0.852,0.145,0.538,100.932,-26.856,34.2,20.6,0.1,0.46153397500066784,0.0
1790077075.6752472,137814.0,56.325,15.651,174.736,-0.608,-1.165,3.341,-0.854,0.144,0.536,100.932,-26.748,34.2,20.1,0.0,0.45853397500066784,0.0
1790077075.6867552,137820.0,56.325,15.651,174.766,-0.857,-0.946,3.734,-0.855,0.142,0.537,100.932,-26.652,34.188,19.6,-0.2,0.45853397500066784,0.0
1790077075.686858,137825.0,56.325,15.652,174.784,-0.966,-0.744,3.913,-0.854,0.142,0.538,100.932,-26.556,34.188,18.7,-0.1,0.45853397500066784,0.0
1790077075.691607,137830.0,56.326,15.654,174.803,-1.079,-0.551,4.117,-0.855,0.142,0.538,100.932,-26.46,34.2,18.3,0.2,0.45553397500066783,0.0
1790077075.6971462,137836.0,56.328,15.658,174.825,-1.228,-0.409,4.335,-0.857,0.141,0.537,100.932,-26.256,34.2,18.4,0.0,0.45253397500066783,0.0
1790077075.703978,137842.0,56.331,15.662,174.849,-1.36,-0.33,4.544,-0.859,0.14,0.536,100.932,-26.172,34.188,17.5,0.0,0.45253397500066783,0.0
1790077075.708815,137847.0,56.333,15.667,174.874,-1.431,-0.247,4.755,-0.859,0.139,0.538,100.932,-26.1,34.188,16.5,-0.1,0.44953397500066783,0.0
1790077075.715182,137853.0,56.335,15.673,174.901,-1.487,-0.141,4.938,-0.858,0.139,0.539,100.931,-26.028,34.188,15.5,-0.1,0.4465339750006678,0.0
1790077075.7205,137859.0,56.34,15.686,174.96,-1.657,0.149,5.306,-0.858,0.137,0.542,100.931,-25.956,34.2,14.5,0.2,0.4465339750006678,0.0
1790077075.726702,137865.0,56.344,15.695,174.991,-1.738,0.338,5.496,-0.859,0.137,0.543,100.931,-25.884,34.2,14.1,0.0,0.4435339750006678,0.0
1790077075.732288,137871.0,56.348,15.704,175.026,-1.89,0.5,5.743,-0.861,0.136,0.543,100.931,-25.812,34.2,13.4,0.0,0.4435339750006678,0.0
1790077075.737329,137876.0,56.352,15.715,175.062,-2.032,0.657,5.983,-0.862,0.137,0.544,100.931,-25.704,34.188,11.4,-0.2,0.4405339750006678,0.0
1790077075.744048,137882.0,56.357,15.728,175.101,-2.113,0.835,6.176,-0.861,0.137,0.547,100.931,-25.656,34.2,10.6,0.2,0.4375339750006678,0.0
1790077075.749784,137888.0,56.361,15.741,175.142,-2.141,1.036,6.32,-0.86,0.138,0.549,100.931,-25.608,34.188,10.1,-0.1,0.4375339750006678,0.0
1790077075.75606,137894.0,56.373,15.772,175.227,-2.086,1.481,6.521,-0.861,0.139,0.55,100.931,-25.572,34.2,9.1,0.1,0.4345339750006678,0.0
1790077075.7612329,137900.0,56.38,15.79,175.272,-2.051,1.662,6.629,-0.861,0.14,0.55,100.931,-25.536,34.2,8.4,0.0,0.4345339750006678,0.0
1790077075.766196,137905.0,56.387,15.81,175.319,-2.067,1.88,6.735,-0.861,0.14,0.55,100.931,-25.5,34.2,7.2,0.0,0.4315339750006678,0.0
1790077075.771591,137910.0,56.396,15.83,175.368,-2.119,2.051,6.825,-0.861,0.141,0.549,100.932,-25.476,34.188,6.4,-0.1,0.4315339750006678,0.0
1790077075.777214,137916.0,56.405,15.851,175.417,-2.15,2.178,6.908,-0.862,0.142,0.548,100.932,-25.428,34.2,5.1,0.0,0.4285339750006678,0.0
1790077075.783614,137922.0,56.414,15.873,175.468,-2.166,2.322,6.972,-0.861,0.142,0.548,100.932,-25.416,34.188,4.1,-0.3,0.4255339750006678,0.0
1790077075.7890189,137927.0,56.424,15.896,175.519,-2.138,2.504,7.021,-0.861,0.142,0.549,100.932,-25.404,34.2,3.2,0.0,0.4255339750006678,0.0
1790077075.7954361,137933.0,56.435,15.92,175.571,-2.048,2.71,7.054,-0.861,0.143,0.549,100.932,-25.404,34.2,2.5,0.3,0.4225339750006678,0.0
1790077075.800472,137939.0,56.46,15.972,175.678,-1.982,3.075,7.096,-0.864,0.144,0.547,100.932,-25.392,34.2,2.2,0.1,0.4225339750006678,0.0
1790077075.806431,137945.0,56.46,15.972,175.678,-1.982,3.075,7.096,-0.864,0.144,0.547,100.932,-25.392,34.188,1.6,-0.1,0.4195339750006678,0.0
1790077075.812174,137951.0,56.488,16.027,175.789,-1.993,3.29,7.141,-0.864,0.147,0.545,100.932,-25.392,34.188,1.1,-0.3,0.4165339750006678,0.0
1790077075.81896,137956.0,56.503,16.055,175.845,-1.943,3.363,7.118,-0.864,0.148,0.544,100.932,-25.392,34.188,0.0,-0.2,0.4165339750006678,0.0
1790077075.824188,137963.0,56.518,16.085,175.902,-1.858,3.415,7.071,-0.864,0.149,0.542,100.932,-25.392,34.2,0.3,0.0,0.4135339750006678,0.0
1790077075.8303518,137969.0,56.549,16.144,176.013,-1.685,3.331,6.819,-0.864,0.152,0.538,100.932,-25.392,34.188,0.3,0.0,0.4135339750006678,0.0
1790077075.8372748,137975.0,56.549,16.144,176.013,-1.685,3.331,6.819,-0.864,0.152,0.538,100.932,-25.392,34.188,0.0,0.0,0.4105339750006678,0.0
1790077075.8430452,137980.0,56.579,16.204,176.121,-1.533,3.142,6.576,-0.862,0.155,0.535,100.933,-25.392,34.188,0.0,0.0,0.4105339750006678,0.0
1790077075.846266,137985.0,56.594,16.233,176.174,-1.498,3.049,6.45,-0.862,0.156,0.533,100.933,-25.392,34.2,0.0,0.0,0.4075339750006678,0.0
1790077075.8528352,137991.0,56.609,16.261,176.226,-1.437,2.934,6.318,-0.861,0.157,0.531,100.933,-25.392,34.2,0.1,0.2,0.4075339750006678,0.0
1790077075.858166,137996.0,56.623,16.289,176.276,-1.375,2.767,6.187,-0.861,0.157,0.53,100.933,-25.392,34.188,0.0,0.0,0.4045339750006678,0.0
1790077075.864126,138002.0,56.637,16.316,176.325,-1.333,2.589,6.064,-0.86,0.157,0.529,100.933,-25.392,34.188,-0.1,-0.1,0.4015339750006678,0.0
1790077075.8698208,138008.0,56.649,16.342,176.372,-1.282,2.419,5.944,-0.859,0.157,0.528,100.933,-25.392,34.2,0.0,0.1,0.4015339750006678,0.0
1790077075.8758342,138014.0,56.673,16.391,176.461,-1.104,2.049,5.604,-0.857,0.157,0.527,100.933,-25.392,34.2,0.0,0.0,0.3985339750006678,0.0
1790077075.887692,138020.0,56.683,16.412,176.502,-1.005,1.883,5.417,-0.855,0.156,0.527,100.933,-25.392,34.2,0.1,0.1,0.3955339750006678,0.0
1790077075.888004,138026.0,56.693,16.432,176.541,-0.911,1.726,5.237,-0.853,0.155,0.527,100.933,-25.392,34.2,0.0,0.0,0.3955339750006678,0.0
1790077075.892226,138031.0,56.702,16.451,176.577,-0.826,1.545,5.043,-0.851,0.155,0.527,100.933,-25.392,34.2,-0.1,0.0,0.3925339750006678,0.0
1790077075.8975081,138036.0,56.71,16.468,176.611,-0.737,1.368,4.83,-0.849,0.154,0.527,100.932,-25.392,34.2,-0.1,0.0,0.3925339750006678,0.0
1790077075.906472,138041.0,56.718,16.483,176.642,-0.619,1.211,4.611,-0.846,0.154,0.527,100.932,-25.392,34.2,0.0,0.0,0.3895339750006678,0.0
1790077075.909064,138048.0,56.724,16.497,176.671,-0.483,1.078,4.366,-0.844,0.155,0.527,100.932,-25.392,34.188,0.1,-0.1,0.3895339750006678,0.0
1790077075.920458,138053.0,56.731,16.51,176.698,-0.354,0.956,4.12,-0.842,0.155,0.527,100.932,-25.392,34.2,0.0,0.0,0.3865339750006678,0.0
1790077075.920544,138059.0,56.741,16.532,176.744,-0.11,0.645,3.63,-0.839,0.157,0.527,100.932,-25.392,34.188,0.1,0.0,0.3865339750006678,0.0
1790077075.926037,138065.0,56.746,16.54,176.763,-0.018,0.508,3.332,-0.838,0.157,0.527,100.932,-25.392,34.188,0.0,-0.1,0.38353397500066777,0.0
1790077075.938158,138070.0,56.75,16.547,176.78,0.079,0.372,3.055,-0.838,0.158,0.527,100.932,-25.392,34.2,-0.1,0.3,0.38353397500066777,0.0
1790077075.9382231,138076.0,56.754,16.552,176.794,0.209,0.206,2.817,-0.838,0.159,0.527,100.932,-25.392,34.2,0.1,0.0,0.38353397500066777,0.0
1790077075.942091,138081.0,56.757,16.557,176.806,0.314,0.047,2.576,-0.839,0.159,0.526,100.932,-25.392,34.2,-0.3,0.0,0.37753397500066777,0.0
1790077075.9472609,138086.0,56.761,16.559,176.815,0.402,-0.12,2.312,-0.84,0.16,0.526,100.932,-25.392,34.2,-0.3,0.0,0.37753397500066777,0.0
1790077075.9546251,138092.0,56.764,16.56,176.822,0.512,-0.331,2.044,-0.842,0.16,0.525,100.932,-25.392,34.2,0.2,0.1,0.37753397500066777,0.0
1790077075.959125,138097.0,56.766,16.56,176.826,0.62,-0.542,1.767,-0.843,0.161,0.524,100.932,-25.392,34.2,-0.1,0.1,0.37453397500066776,0.0
1790077075.971317,138103.0,56.769,16.557,176.827,0.721,-0.732,1.492,-0.845,0.162,0.524,100.932,-25.392,34.2,-0.1,0.1,0.37153397500066776,0.0
1790077075.971561,138108.0,56.771,16.553,176.826,0.823,-0.954,1.216,-0.846,0.162,0.523,100.932,-25.392,34.2,0.1,0.0,0.37153397500066776,0.0
1790077075.974616,138113.0,56.772,16.547,176.821,0.899,-1.195,0.945,-0.848,0.162,0.522,100.932,-25.392,34.2,0.0,0.0,0.36853397500066776,0.0
1790077075.980302,138119.0,56.773,16.529,176.804,0.99,-1.708,0.415,-0.851,0.163,0.521,100.932,-25.392,34.188,0.1,-0.2,0.36853397500066776,0.0
1790077075.98839,138124.0,56.773,16.517,176.791,1.065,-1.993,0.155,-0.851,0.163,0.521,100.932,-25.392,34.2,0.1,0.0,0.36553397500066775,0.0
1790077075.9908018,138129.0,56.773,16.517,176.791,1.065,-1.993,0.155,-0.851,0.163,0.521,100.932,-25.392,34.188,0.0,-0.1,0.36553397500066775,0.0
1790077075.9964101,138135.0,56.769,16.486,176.757,1.166,-2.587,-0.35,-0.853,0.163,0.52,100.932,-25.392,34.2,0.0,0.3,0.36253397500066775,0.0
1790077076.006,138141.0,56.766,16.467,176.735,1.191,-2.867,-0.587,-0.853,0.163,0.52,100.932,-25.392,34.188,-0.2,-0.2,0.36253397500066775,0.0
1790077076.0090072,138148.0,56.762,16.447,176.711,1.206,-3.123,-0.809,-0.853,0.163,0.519,100.932,-25.392,34.188,0.1,-0.2,0.35953397500066775,0.0
1790077076.014962,138153.0,56.757,16.424,176.685,1.26,-3.381,-1.027,-0.853,0.163,0.519,100.932,-25.392,34.188,0.0,0.0,0.35653397500066775,0.0
1790077076.0203688,138159.0,56.751,16.4,176.656,1.327,-3.639,-1.244,-0.852,0.163,0.52,100.933,-25.392,34.188,-0.1,0.0,0.35653397500066775,0.0
1790077076.02678,138165.0,56.736,16.344,176.589,1.389,-4.144,-1.639,-0.85,0.16,0.521,100.933,-25.392,34.188,-0.2,0.0,0.35353397500066774,0.0
1790077076.032319,138171.0,56.727,16.313,176.552,1.419,-4.389,-1.832,-0.849,0.159,0.522,100.933,-25.392,34.2,0.0,0.4,0.35353397500066774,0.0
1790077076.037262,138176.0,56.716,16.279,176.511,1.452,-4.641,-2.038,-0.848,0.157,0.524,100.933,-25.392,34.2,0.3,0.0,0.35053397500066774,0.0
1790077076.043581,138182.0,56.705,16.242,176.467,1.519,-4.877,-2.232,-0.847,0.154,0.525,100.933,-25.392,34.2,0.0,0.0,0.34753397500066774,0.0
1790077076.0492868,138187.0,56.692,16.203,176.421,1.603,-5.063,-2.39,-0.846,0.152,0.527,100.933,-25.392,34.188,-0.3,-0.1,0.34753397500066774,0.0
1790077076.0543628,138193.0,56.678,16.162,176.372,1.682,-5.212,-2.521,-0.844,0.15,0.529,100.933,-25.392,34.2,0.0,0.0,0.34453397500066774,0.0
1790077076.0601878,138199.0,56.649,16.076,176.268,1.854,-5.404,-2.775,-0.842,0.146,0.533,100.933,-25.392,34.188,0.0,0.0,0.34453397500066774,0.0
1790077076.066669,138205.0,56.649,16.076,176.268,1.854,-5.404,-2.775,-0.842,0.146,0.533,100.933,-25.392,34.2,-0.2,0.2,0.34153397500066773,0.0
1790077076.072225,138211.0,56.619,15.986,176.157,2.042,-5.511,-2.973,-0.84,0.143,0.536,100.933,-25.392,34.188,0.3,-0.2,0.33853397500066773,0.0
1790077076.077524,138216.0,56.603,15.94,176.101,2.154,-5.543,-3.055,-0.839,0.142,0.537,100.933,-25.392,34.188,-0.2,0.0,0.33853397500066773,0.0
1790077076.084885,138222.0,56.587,15.894,176.043,2.262,-5.568,-3.14,-0.838,0.142,0.538,100.933,-25.392,34.2,-0.1,0.0,0.33553397500066773,0.0
1790077076.088874,138227.0,56.571,15.848,175.985,2.411,-5.578,-3.231,-0.838,0.142,0.538,100.933,-25.392,34.2,0.0,0.1,0.33553397500066773,0.0
1790077076.094141,138232.0,56.555,15.802,175.926,2.549,-5.61,-3.316,-0.838,0.142,0.538,100.933,-25.392,34.188,-0.2,-0.1,0.3325339750006677,0.0
1790077076.0993018,138238.0,56.539,15.757,175.866,2.649,-5.653,-3.371,-0.838,0.142,0.538,100.933,-25.392,34.2,0.5,0.3,0.3325339750006677,0.0
1790077076.105452,138244.0,56.523,15.712,175.807,2.732,-5.675,-3.413,-0.839,0.141,0.538,100.933,-25.392,34.2,0.0,0.0,0.3295339750006677,0.0
1790077076.110406,138249.0,56.507,15.667,175.747,2.839,-5.729,-3.453,-0.84,0.141,0.538,100.933,-25.392,34.2,0.0,0.0,0.3295339750006677,0.0
1790077076.115916,138254.0,56.475,15.579,175.627,3.003,-5.822,-3.501,-0.842,0.142,0.538,100.933,-25.392,34.188,0.0,-0.2,0.3265339750006677,0.0
1790077076.121401,138260.0,56.459,15.535,175.567,3.035,-5.89,-3.526,-0.844,0.142,0.537,100.933,-25.392,34.188,0.1,0.0,0.3265339750006677,0.0
1790077076.126796,138265.0,56.459,15.535,175.567,3.035,-5.89,-3.526,-0.844,0.142,0.537,100.933,-25.392,34.188,-0.2,0.0,0.3235339750006677,0.0
1790077076.1322398,138271.0,56.427,15.449,175.447,3.121,-5.939,-3.532,-0.847,0.143,0.537,100.933,-25.392,34.188,0.0,0.0,0.3235339750006677,0.0
1790077076.142288,138276.0,56.412,15.407,175.388,3.138,-5.985,-3.515,-0.848,0.143,0.537,100.933,-25.392,34.2,0.2,0.3,0.3175339750006677,0.0
1790077076.1436238,138282.0,56.396,15.365,175.329,3.127,-6.052,-3.495,-0.85,0.144,0.537,100.931,-25.392,34.2,0.0,0.0,0.3175339750006677,0.0
1790077076.1583118,138288.0,56.38,15.324,175.271,3.153,-6.121,-3.518,-0.85,0.145,0.537,100.931,-25.392,34.2,0.1,0.3,0.3145339750006677,0.0
1790077076.1584089,138293.0,56.363,15.283,175.212,3.17,-6.203,-3.522,-0.851,0.146,0.537,100.931,-25.392,34.188,-0.1,-0.1,0.3145339750006677,0.0
1790077076.1608372,138299.0,56.329,15.202,175.096,3.121,-6.32,-3.491,-0.851,0.146,0.539,100.931,-25.392,34.188,-0.1,0.0,0.3145339750006677,0.0
1790077076.170669,138305.0,56.311,15.162,175.038,3.107,-6.342,-3.472,-0.851,0.147,0.539,100.931,-25.392,34.188,0.1,0.0,0.3115339750006677,0.0
1790077076.172313,138311.0,56.294,15.122,174.981,3.086,-6.374,-3.456,-0.851,0.147,0.539,100.931,-25.392,34.2,-0.1,0.3,0.3115339750006677,0.0
1790077076.177184,138316.0,56.276,15.082,174.924,3.052,-6.42,-3.448,-0.85,0.147,0.539,100.931,-25.392,34.188,0.0,-0.1,0.3085339750006677,0.0
1790077076.187443,138322.0,56.258,15.042,174.867,3.014,-6.438,-3.413,-0.85,0.147,0.539,100.931,-25.392,34.2,0.1,0.4,0.3055339750006677,0.0
1790077076.1894872,138328.0,56.24,15.003,174.811,2.987,-6.434,-3.355,-0.849,0.147,0.539,100.931,-25.404,34.2,-0.2,0.0,0.3055339750006677,0.0
1790077076.194907,138333.0,56.222,14.964,174.756,2.967,-6.434,-3.343,-0.849,0.147,0.539,100.931,-25.392,34.188,0.2,-0.1,0.3025339750006677,0.0
1790077076.203887,138339.0,56.203,14.925,174.7,2.941,-6.47,-3.333,-0.848,0.147,0.54,100.931,-25.392,34.188,-0.1,-0.1,0.3025339750006677,0.0
1790077076.205444,138344.0,56.165,14.849,174.591,2.914,-6.51,-3.225,-0.846,0.147,0.541,100.933,-25.392,34.2,-0.1,0.1,0.2995339750006677,0.0
1790077076.2106109,138349.0,56.146,14.811,174.537,2.885,-6.477,-3.197,-0.846,0.146,0.541,100.933,-25.392,34.188,0.0,-0.1,0.2995339750006677,0.0
1790077076.220899,138354.0,56.146,14.811,174.537,2.885,-6.477,-3.197,-0.846,0.146,0.541,100.933,-25.404,34.188,-0.1,-0.1,0.2965339750006677,0.0
1790077076.221251,138360.0,56.108,14.735,174.43,2.825,-6.428,-3.15,-0.846,0.145,0.543,100.933,-25.392,34.188,0.2,0.0,0.2965339750006677,0.0
1790077076.226395,138365.0,56.089,14.697,174.376,2.827,-6.391,-3.102,-0.845,0.145,0.543,100.933,-25.392,34.2,0.1,0.2,0.2935339750006677,0.0
1790077076.237055,138371.0,56.071,14.66,174.323,2.802,-6.392,-3.058,-0.845,0.145,0.544,100.933,-25.392,34.188,-0.1,-0.1,0.2905339750006677,0.0
1790077076.237268,138376.0,56.051,14.622,174.271,2.772,-6.411,-3.009,-0.845,0.144,0.544,100.933,-25.392,34.2,-0.1,0.1,0.2905339750006677,0.0
1790077076.243855,138382.0,56.032,14.585,174.219,2.744,-6.41,-2.962,-0.845,0.144,0.544,100.933,-25.392,34.188,0.0,0.0,0.2875339750006677,0.0
1790077076.256062,138388.0,56.013,14.549,174.168,2.729,-6.386,-2.904,-0.845,0.143,0.544,100.933,-25.392,34.188,0.0,-0.3,0.2875339750006677,0.0
1790077076.256883,138394.0,55.976,14.476,174.066,2.67,-6.285,-2.827,-0.845,0.142,0.545,100.933,-25.392,34.2,0.0,0.1,0.2875339750006677,0.0
1790077076.260947,138399.0,55.976,14.476,174.066,2.67,-6.285,-2.827,-0.845,0.142,0.545,100.933,-25.404,34.2,0.0,0.0,0.2845339750006677,0.0
1790077076.276494,138405.0,55.958,14.44,174.016,2.652,-6.217,-2.784,-0.846,0.142,0.545,100.932,-25.392,34.2,0.0,0.0,0.2815339750006677,0.0
1790077076.276573,138411.0,55.922,14.37,173.918,2.659,-6.095,-2.707,-0.846,0.142,0.546,100.932,-25.404,34.188,-0.1,-0.1,0.2815339750006677,0.0
1790077076.278591,138417.0,55.904,14.336,173.87,2.662,-6.048,-2.642,-0.846,0.142,0.547,100.932,-25.404,34.2,-0.2,0.1,0.2785339750006677,0.0
1790077076.292023,138422.0,55.887,14.303,173.823,2.691,-5.95,-2.571,-0.845,0.142,0.548,100.932,-25.404,34.188,0.0,0.0,0.27253397500066767,0.0
1790077076.29211,138427.0,55.869,14.271,173.777,2.742,-5.852,-2.497,-0.845,0.142,0.549,100.932,-25.404,34.2,0.1,0.0,0.27253397500066767,0.0
1790077076.294752,138433.0,55.852,14.24,173.731,2.787,-5.753,-2.448,-0.844,0.142,0.55,100.932,-25.404,34.2,0.0,0.2,0.27253397500066767,0.0
1790077076.303061,138439.0,55.819,14.18,173.642,2.824,-5.557,-2.337,-0.842,0.142,0.55,100.932,-25.392,34.188,0.1,-0.2,0.27253397500066767,0.0
1790077076.306876,138445.0,55.803,14.15,173.599,2.882,-5.481,-2.289,-0.842,0.141,0.551,100.932,-25.404,34.188,0.0,0.0,0.26953397500066767,0.0
1790077076.312264,138451.0,55.787,14.122,173.556,2.948,-5.365,-2.244,-0.841,0.141,0.551,100.932,-25.392,34.188,0.1,0.0,0.26953397500066767,0.0
1790077076.317164,138456.0,55.772,14.094,173.514,3.006,-5.211,-2.196,-0.841,0.14,0.552,100.932,-25.404,34.188,-0.1,0.0,0.26653397500066767,0.0
1790077076.323664,138462.0,55.757,14.068,173.472,3.078,-5.092,-2.15,-0.84,0.139,0.552,100.932,-25.404,34.2,-0.1,0.1,0.26353397500066766,0.0
1790077076.329302,138468.0,55.743,14.042,173.431,3.173,-4.984,-2.093,-0.84,0.138,0.552,100.933,-25.404,34.2,0.1,0.0,0.26353397500066766,0.0
1790077076.334252,138473.0,55.729,14.016,173.39,3.232,-4.883,-2.045,-0.84,0.138,0.552,100.933,-25.404,34.188,0.0,-0.1,0.26053397500066766,0.0
1790077076.340404,138479.0,55.703,13.969,173.311,3.333,-4.747,-1.878,-0.841,0.138,0.552,100.933,-25.392,34.2,0.1,0.1,0.26053397500066766,0.0
1790077076.3461661,138485.0,55.69,13.947,173.274,3.406,-4.602,-1.803,-0.842,0.138,0.552,100.933,-25.404,34.2,-0.1,0.0,0.25753397500066766,0.0
1790077076.352232,138491.0,55.679,13.926,173.237,3.476,-4.458,-1.753,-0.842,0.138,0.553,100.933,-25.392,34.2,0.1,0.1,0.25753397500066766,0.0
1790077076.35708,138496.0,55.667,13.906,173.201,3.535,-4.362,-1.686,-0.843,0.138,0.553,100.933,-25.404,34.188,0.0,-0.2,0.25453397500066766,0.0
1790077076.3636322,138502.0,55.656,13.888,173.166,3.62,-4.249,-1.601,-0.843,0.138,0.554,100.933,-25.404,34.188,0.1,-0.1,0.25453397500066766,0.0
1790077076.368653,138507.0,55.646,13.871,173.132,3.708,-4.129,-1.502,-0.844,0.138,0.554,100.933,-25.404,34.188,0.1,-0.1,0.25153397500066765,0.0
1790077076.3735502,138512.0,55.636,13.855,173.1,3.775,-4.019,-1.417,-0.845,0.138,0.554,100.933,-25.404,34.2,0.0,0.1,0.24853397500066765,0.0
1790077076.378679,138517.0,55.627,13.841,173.068,3.86,-3.871,-1.371,-0.845,0.138,0.554,100.933,-25.392,34.188,0.3,0.0,0.24853397500066765,0.0
1790077076.384448,138523.0,55.618,13.827,173.037,3.959,-3.758,-1.309,-0.845,0.138,0.554,100.933,-25.404,34.2,0.0,0.1,0.24553397500066765,0.0
1790077076.3893042,138528.0,55.61,13.815,173.006,4.038,-3.698,-1.235,-0.845,0.138,0.554,100.933,-25.392,34.188,0.0,-0.1,0.24553397500066765,0.0
1790077076.394228,138533.0,55.602,13.804,172.977,4.107,-3.659,-1.164,-0.846,0.138,0.553,100.933,-25.404,34.2,0.0,0.2,0.24253397500066765,0.0
1790077076.4006531,138539.0,55.587,13.784,172.92,4.249,-3.563,-0.986,-0.845,0.137,0.552,100.933,-25.404,34.2,-0.1,0.1,0.24253397500066765,0.0
1790077076.4065049,138545.0,55.58,13.775,172.893,4.32,-3.502,-0.91,-0.845,0.136,0.55,100.933,-25.404,34.188,-0.1,-0.4,0.23953397500066764,0.0
1790077076.412263,138551.0,55.574,13.767,172.866,4.383,-3.449,-0.858,-0.844,0.135,0.549,100.933,-25.404,34.2,-0.1,0.0,0.23953397500066764,0.0
1790077076.4170802,138556.0,55.567,13.76,172.84,4.451,-3.396,-0.782,-0.844,0.134,0.549,100.933,-25.404,34.188,0.0,0.0,0.23653397500066764,0.0
1790077076.4236522,138562.0,55.561,13.754,172.814,4.538,-3.349,-0.699,-0.844,0.134,0.548,100.933,-25.404,34.188,0.0,-0.2,0.23353397500066764,0.0
1790077076.4293172,138568.0,55.555,13.749,172.79,4.613,-3.306,-0.629,-0.843,0.134,0.548,100.933,-25.404,34.188,0.1,-0.1,0.23353397500066764,0.0
1790077076.436144,138575.0,55.543,13.742,172.742,4.778,-3.217,-0.489,-0.842,0.134,0.549,100.933,-25.404,34.188,-0.1,-0.1,0.23053397500066763,0.0
1790077076.4414668,138580.0,55.538,13.739,172.72,4.805,-3.148,-0.4,-0.842,0.134,0.549,100.933,-25.404,34.188,0.1,0.0,0.23053397500066763,0.0
1790077076.446789,138585.0,55.532,13.738,172.698,4.851,-3.068,-0.298,-0.841,0.134,0.55,100.933,-25.404,34.188,0.0,0.0,0.22753397500066763,0.0
1790077076.451835,138590.0,55.527,13.738,172.678,4.913,-2.978,-0.207,-0.841,0.134,0.55,100.932,-25.404,34.188,-0.2,0.0,0.22753397500066763,0.0
1790077076.457323,138596.0,55.521,13.739,172.658,4.963,-2.913,-0.133,-0.84,0.134,0.551,100.932,-25.404,34.2,-0.4,0.1,0.22453397500066763,0.0
1790077076.4634838,138602.0,55.516,13.741,172.64,5.007,-2.832,-0.028,-0.84,0.135,0.551,100.932,-25.404,34.2,0.0,0.0,0.22453397500066763,0.0
1790077076.468711,138607.0,55.511,13.744,172.622,5.056,-2.739,0.076,-0.84,0.135,0.551,100.932,-25.404,34.2,-0.1,0.0,0.22153397500066763,0.0
1790077076.4743161,138613.0,55.507,13.749,172.606,5.097,-2.671,0.148,-0.839,0.136,0.55,100.932,-25.404,34.188,0.0,0.0,0.21853397500066762,0.0
1790077076.480581,138619.0,55.499,13.76,172.576,5.109,-2.572,0.282,-0.838,0.137,0.548,100.932,-25.404,34.2,0.0,0.1,0.21853397500066762,0.0
1790077076.486089,138624.0,55.495,13.767,172.563,5.099,-2.54,0.344,-0.837,0.137,0.547,100.932,-25.404,34.2,0.1,0.0,0.21553397500066762,0.0
1790077076.491198,138630.0,55.491,13.775,172.55,5.137,-2.509,0.386,-0.837,0.137,0.546,100.932,-25.404,34.188,0.0,-0.1,0.21553397500066762,0.0
1790077076.498395,138636.0,55.488,13.783,172.537,5.174,-2.46,0.425,-0.836,0.138,0.546,100.932,-25.404,34.188,-0.3,-0.1,0.21253397500066762,0.0
1790077076.503432,138642.0,55.484,13.792,172.525,5.174,-2.438,0.464,-0.835,0.138,0.545,100.932,-25.404,34.188,-0.1,0.0,0.20953397500066762,0.0
1790077076.5094678,138648.0,55.481,13.801,172.514,5.15,-2.395,0.498,-0.835,0.138,0.545,100.932,-25.404,34.188,0.0,0.0,0.20953397500066762,0.0
1790077076.514543,138653.0,55.478,13.811,172.503,5.156,-2.351,0.525,-0.834,0.139,0.545,100.932,-25.404,34.2,0.0,0.0,0.2065339750006676,0.0
1790077076.519348,138658.0,55.475,13.821,172.492,5.194,-2.313,0.543,-0.834,0.139,0.545,100.932,-25.404,34.2,0.0,0.0,0.2065339750006676,0.0
1790077076.525756,138664.0,55.47,13.842,172.472,5.137,-2.205,0.621,-0.835,0.14,0.545,100.932,-25.404,34.188,0.0,-0.2,0.2035339750006676,0.0
1790077076.530731,138669.0,55.468,13.853,172.463,5.122,-2.176,0.634,-0.836,0.14,0.545,100.932,-25.404,34.2,0.0,0.0,0.2035339750006676,0.0
1790077076.536961,138675.0,55.465,13.864,172.453,5.131,-2.162,0.649,-0.836,0.141,0.545,100.932,-25.404,34.188,0.2,-0.1,0.2005339750006676,0.0
1790077076.542367,138681.0,55.463,13.876,172.445,5.145,-2.124,0.637,-0.836,0.142,0.545,100.932,-25.404,34.2,-0.2,0.0,0.2005339750006676,0.0
1790077076.54719,138686.0,55.461,13.887,172.436,5.179,-2.084,0.586,-0.836,0.143,0.545,100.932,-25.404,34.188,0.1,-0.1,0.1975339750006676,0.0
1790077076.553567,138692.0,55.46,13.899,172.427,5.172,-2.066,0.543,-0.836,0.143,0.545,100.932,-25.404,34.188,0.0,-0.1,0.1975339750006676,0.0
1790077076.558625,138697.0,55.458,13.911,172.418,5.133,-2.02,0.518,-0.835,0.144,0.545,100.932,-25.404,34.188,0.0,0.0,0.1945339750006676,0.0
1790077076.5645142,138703.0,55.457,13.922,172.408,5.137,-1.97,0.474,-0.834,0.144,0.545,100.932,-25.404,34.188,0.0,0.0,0.1915339750006676,0.0
1790077076.5692139,138708.0,55.455,13.933,172.398,5.151,-1.911,0.45,-0.834,0.143,0.545,100.932,-25.404,34.2,0.1,0.2,0.1915339750006676,0.0
1790077076.5742998,138713.0,55.455,13.944,172.389,5.129,-1.851,0.444,-0.833,0.143,0.544,100.932,-25.404,34.2,0.0,0.0,0.1885339750006676,0.0
1790077076.5808609,138719.0,55.454,13.965,172.369,5.088,-1.794,0.418,-0.832,0.143,0.543,100.932,-25.404,34.2,0.0,0.0,0.1885339750006676,0.0
1790077076.585963,138725.0,55.454,13.976,172.359,5.072,-1.782,0.407,-0.832,0.143,0.541,100.932,-25.404,34.188,0.0,-0.1,0.1855339750006676,0.0
1790077076.591171,138730.0,55.454,13.987,172.35,5.079,-1.807,0.392,-0.832,0.144,0.54,100.932,-25.404,34.2,0.3,0.2,0.1855339750006676,0.0
1790077076.598599,138736.0,55.454,13.998,172.34,5.058,-1.856,0.333,-0.832,0.145,0.539,100.932,-25.404,34.188,0.0,0.0,0.1825339750006676,0.0
1790077076.603719,138742.0,55.454,14.008,172.33,5.048,-1.891,0.269,-0.832,0.146,0.539,100.932,-25.404,34.188,-0.2,-0.1,0.1825339750006676,0.0
1790077076.609291,138748.0,55.454,14.018,172.319,5.013,-1.931,0.194,-0.832,0.146,0.538,100.932,-25.404,34.188,-0.1,-0.2,0.1795339750006676,0.0
1790077076.614466,138753.0,55.454,14.028,172.308,4.954,-1.991,0.111,-0.832,0.147,0.538,100.932,-25.404,34.188,0.2,0.0,0.1765339750006676,0.0
1790077076.620744,138759.0,55.453,14.043,172.282,4.891,-2.15,-0.053,-0.833,0.147,0.538,100.932,-25.404,34.2,-0.2,0.1,0.1765339750006676,0.0
1790077076.6262589,138765.0,55.453,14.05,172.268,4.872,-2.23,-0.138,-0.833,0.147,0.537,100.932,-25.404,34.2,0.0,0.1,0.17353397500066758,0.0
1790077076.632309,138771.0,55.452,14.056,172.254,4.85,-2.302,-0.213,-0.833,0.147,0.537,100.932,-25.404,34.188,-0.1,-0.1,0.17353397500066758,0.0
1790077076.637681,138776.0,55.452,14.056,172.254,4.85,-2.302,-0.213,-0.833,0.147,0.537,100.932,-25.404,34.2,-0.1,0.0,0.17053397500066758,0.0
1790077076.643488,138782.0,55.449,14.066,172.222,4.866,-2.409,-0.43,-0.832,0.149,0.538,100.932,-25.404,34.2,0.0,0.0,0.16753397500066758,0.0
1790077076.648774,138787.0,55.447,14.07,172.204,4.889,-2.498,-0.574,-0.832,0.15,0.539,100.932,-25.404,34.2,-0.1,0.0,0.16753397500066758,0.0
1790077076.654474,138792.0,55.444,14.073,172.185,4.929,-2.588,-0.73,-0.832,0.15,0.54,100.932,-25.404,34.2,-0.1,0.1,0.16453397500066758,0.0
1790077076.658577,138797.0,55.441,14.075,172.164,4.987,-2.625,-0.916,-0.831,0.15,0.541,100.932,-25.416,34.2,-0.1,0.1,0.16453397500066758,0.0
1790077076.671665,138803.0,55.438,14.075,172.141,5.044,-2.662,-1.145,-0.83,0.15,0.542,100.932,-25.404,34.2,0.0,0.0,0.16153397500066757,0.0
1790077076.671752,138809.0,55.432,14.072,172.089,5.186,-2.784,-1.523,-0.829,0.149,0.544,100.932,-25.416,34.2,-0.2,0.0,0.16153397500066757,0.0
1790077076.675702,138814.0,55.428,14.068,172.06,5.25,-2.805,-1.701,-0.829,0.148,0.544,100.932,-25.404,34.188,0.0,-0.2,0.15853397500066757,0.0
1790077076.6808162,138819.0,55.425,14.062,172.028,5.357,-2.818,-1.906,-0.828,0.147,0.545,100.932,-25.404,34.188,0.0,-0.2,0.15853397500066757,0.0
1790077076.6868181,138825.0,55.422,14.056,171.995,5.482,-2.865,-2.123,-0.827,0.146,0.544,100.932,-25.416,34.188,-0.3,0.0,0.15553397500066757,0.0
1790077076.691531,138830.0,55.418,14.048,171.96,5.616,-2.904,-2.324,-0.826,0.145,0.545,100.932,-25.404,34.2,0.1,0.3,0.15553397500066757,0.0
1790077076.6972978,138836.0,55.418,14.048,171.96,5.616,-2.904,-2.324,-0.826,0.145,0.545,100.932,-25.404,34.2,0.0,0.1,0.15253397500066757,0.0
1790077076.705666,138842.0,55.412,14.029,171.883,5.773,-2.958,-2.704,-0.825,0.144,0.545,100.932,-25.416,34.2,-0.3,0.0,0.14953397500066756,0.0
1790077076.708997,138848.0,55.408,14.018,171.842,5.868,-2.991,-2.91,-0.824,0.144,0.545,100.932,-25.404,34.188,0.1,-0.3,0.14953397500066756,0.0
1790077076.719866,138853.0,55.405,14.006,171.799,6.002,-3.039,-3.11,-0.824,0.144,0.545,100.932,-25.404,34.2,0.2,0.0,0.14653397500066756,0.0
1790077076.725672,138858.0,55.402,13.992,171.754,6.126,-3.08,-3.33,-0.823,0.143,0.545,100.932,-25.416,34.188,-0.3,0.0,0.14653397500066756,0.0
1790077076.725861,138863.0,55.398,13.978,171.708,6.258,-3.114,-3.545,-0.823,0.143,0.546,100.932,-25.404,34.188,0.1,0.0,0.14353397500066756,0.0
1790077076.730284,138869.0,55.395,13.963,171.658,6.408,-3.149,-3.785,-0.822,0.143,0.546,100.932,-25.404,34.188,0.2,-0.2,0.14353397500066756,0.0
1790077076.736789,138874.0,55.388,13.929,171.553,6.697,-3.187,-4.286,-0.822,0.142,0.547,100.932,-25.416,34.188,-0.3,-0.1,0.14353397500066756,0.0
1790077076.741461,138880.0,55.386,13.91,171.498,6.825,-3.22,-4.528,-0.822,0.142,0.547,100.932,-25.416,34.188,-0.1,0.0,0.14053397500066755,0.0
1790077076.747183,138886.0,55.383,13.89,171.44,6.97,-3.266,-4.758,-0.822,0.142,0.547,100.932,-25.404,34.2,0.0,0.3,0.14053397500066755,0.0
1790077076.754827,138891.0,55.38,13.87,171.38,7.113,-3.292,-4.982,-0.822,0.142,0.549,100.932,-25.404,34.188,0.2,-0.1,0.13753397500066755,0.0
1790077076.758355,138896.0,55.377,13.848,171.318,7.239,-3.311,-5.195,-0.822,0.141,0.549,100.932,-25.416,34.2,-0.1,0.1,0.13453397500066755,0.0
1790077076.763341,138902.0,55.374,13.825,171.254,7.357,-3.324,-5.415,-0.823,0.141,0.549,100.932,-25.416,34.188,-0.1,0.0,0.13453397500066755,0.0
1790077076.77089,138907.0,55.372,13.8,171.187,7.505,-3.351,-5.687,-0.823,0.14,0.549,100.932,-25.404,34.188,0.0,-0.2,0.13453397500066755,0.0
1790077076.774025,138913.0,55.369,13.775,171.119,7.645,-3.384,-5.983,-0.823,0.14,0.548,100.932,-25.404,34.2,0.0,0.1,0.13153397500066755,0.0
1790077076.779794,138918.0,55.368,13.748,171.047,7.744,-3.429,-6.269,-0.823,0.141,0.547,100.932,-25.404,34.2,-0.1,0.1,0.12853397500066754,0.0
1790077076.794605,138924.0,55.364,13.69,170.899,7.889,-3.557,-6.798,-0.822,0.142,0.545,100.932,-25.416,34.188,0.0,0.0,0.12853397500066754,0.0
1790077076.794765,138930.0,55.363,13.66,170.821,8.009,-3.621,-7.062,-0.821,0.142,0.544,100.932,-25.404,34.2,0.0,0.3,0.12853397500066754,0.0
1790077076.796938,138935.0,55.361,13.628,170.741,8.117,-3.689,-7.324,-0.821,0.142,0.543,100.932,-25.404,34.188,0.0,-0.1,0.12253397500066754,0.0
1790077076.847291,138940.0,55.361,13.628,170.741,8.117,-3.689,-7.324,-0.821,0.142,0.543,100.932,-25.416,34.188,-0.1,-0.3,0.11053397500066753,0.0
1790077076.847371,138946.0,55.359,13.561,170.575,8.351,-3.783,-7.855,-0.82,0.142,0.541,100.932,-25.404,34.2,0.1,0.4,0.11053397500066753,0.0
1790077076.847401,138951.0,55.358,13.526,170.489,8.449,-3.852,-8.114,-0.82,0.142,0.54,100.932,-25.404,34.188,0.0,-0.1,0.11053397500066753,0.0
1790077076.847469,138957.0,55.357,13.489,170.401,8.478,-3.92,-8.359,-0.82,0.142,0.539,100.932,-25.416,34.2,-0.2,0.2,0.11053397500066753,0.0
1790077076.847501,138963.0,55.356,13.451,170.311,8.494,-3.991,-8.597,-0.82,0.142,0.539,100.932,-25.416,34.2,-0.1,0.0,0.11053397500066753,0.0
1790077076.8475251,138968.0,55.355,13.412,170.219,8.518,-4.093,-8.847,-0.821,0.143,0.538,100.932,-25.416,34.2,-0.1,0.0,0.11053397500066753,0.0
1790077076.847546,138974.0,55.353,13.328,170.028,8.501,-4.258,-9.4,-0.822,0.144,0.538,100.932,-25.416,34.188,0.0,-0.2,0.11053397500066753,0.0
1790077076.847569,138979.0,55.353,13.328,170.028,8.501,-4.258,-9.4,-0.822,0.144,0.538,100.932,-25.416,34.188,-0.1,0.0,0.11053397500066753,0.0
1790077076.9377081,138985.0,55.351,13.237,169.827,8.459,-4.414,-9.904,-0.823,0.143,0.539,100.932,-25.416,34.2,0.0,0.2,0.11053397500066753,0.0
1790077076.937793,138991.0,55.35,13.188,169.724,8.428,-4.488,-10.106,-0.824,0.142,0.539,100.932,-25.416,34.188,0.0,-0.1,0.11053397500066753,0.0
1790077076.9378839,138996.0,55.348,13.137,169.619,8.417,-4.567,-10.312,-0.824,0.141,0.539,100.932,-25.416,34.2,0.0,0.2,0.11053397500066753,0.0
1790077076.937942,139001.0,55.347,13.084,169.511,8.396,-4.618,-10.527,-0.824,0.14,0.539,100.932,-25.416,34.188,0.0,0.0,0.11053397500066753,0.0
1790077076.9381251,139007.0,55.345,13.03,169.402,8.366,-4.679,-10.72,-0.824,0.139,0.54,100.932,-25.416,34.2,-0.2,0.0,0.11053397500066753,0.0
1790077076.938196,139012.0,55.344,12.974,169.29,8.324,-4.766,-10.901,-0.825,0.138,0.54,100.932,-25.416,34.2,0.0,0.0,0.11053397500066753,0.0
1790077076.93824,139017.0,55.342,12.916,169.177,8.3,-4.814,-11.073,-0.824,0.138,0.54,100.932,-25.416,34.2,0.0,0.0,0.11053397500066753,0.0
1790077076.938269,139022.0,55.34,12.857,169.063,8.275,-4.803,-11.222,-0.824,0.137,0.541,100.932,-25.428,34.2,-0.4,0.0,0.11053397500066753,0.0
1790077076.938294,139028.0,55.337,12.797,168.947,8.232,-4.793,-11.359,-0.824,0.137,0.542,100.932,-25.428,34.2,-0.3,0.0,0.11053397500066753,0.0
1790077076.938315,139033.0,55.335,12.735,168.83,8.2,-4.779,-11.479,-0.824,0.136,0.544,100.932,-25.428,34.2,-0.4,0.2,0.11053397500066753,0.0
1790077076.997504,139039.0,55.331,12.608,168.593,8.099,-4.717,-11.742,-0.824,0.134,0.546,100.932,-25.428,34.188,-0.2,-0.2,0.10153397500066752,0.0
1790077077.026665,139045.0,55.329,12.542,168.472,8.057,-4.649,-11.879,-0.824,0.132,0.548,100.932,-25.416,34.2,0.2,0.2,0.10153397500066752,0.0
1790077077.026735,139050.0,55.327,12.474,168.349,8.034,-4.583,-12.01,-0.825,0.13,0.55,100.932,-25.428,34.2,-0.2,0.0,0.10153397500066752,0.0
1790077077.026768,139056.0,55.326,12.405,168.226,8.027,-4.504,-12.09,-0.825,0.128,0.552,100.932,-25.428,34.188,-0.4,-0.1,0.10153397500066752,0.0
1790077077.026805,139061.0,55.324,12.336,168.102,8.022,-4.4,-12.107,-0.826,0.126,0.555,100.932,-25.428,34.2,0.0,0.1,0.10153397500066752,0.0
1790077077.026828,139066.0,55.323,12.266,167.978,7.991,-4.307,-12.117,-0.826,0.125,0.557,100.932,-25.428,34.188,0.1,-0.2,0.10153397500066752,0.0
1790077077.02685,139071.0,55.322,12.196,167.853,7.963,-4.171,-12.152,-0.826,0.124,0.56,100.932,-25.428,34.188,-0.2,0.0,0.10153397500066752,0.0
1790077077.044918,139077.0,55.321,12.125,167.728,7.955,-3.985,-12.197,-0.827,0.123,0.562,100.932,-25.428,34.188,0.1,0.0,0.10153397500066752,0.0
1790077077.045053,139083.0,55.321,12.054,167.603,7.951,-3.817,-12.217,-0.828,0.122,0.563,100.932,-25.428,34.188,-0.2,0.0,0.10153397500066752,0.0
1790077077.045124,139089.0,55.323,11.913,167.354,7.903,-3.466,-12.197,-0.829,0.12,0.565,100.931,-25.428,34.188,-0.2,0.0,0.10153397500066752,0.0
1790077077.045179,139094.0,55.326,11.843,167.23,7.85,-3.266,-12.176,-0.83,0.12,0.564,100.931,-25.44,34.2,-0.3,0.1,0.10153397500066752,0.0
1790077077.0452192,139100.0,55.329,11.773,167.108,7.794,-3.07,-12.126,-0.831,0.12,0.564,100.931,-25.44,34.2,-0.6,0.0,0.10153397500066752,0.0
1790077077.045244,139106.0,55.334,11.704,166.986,7.732,-2.899,-12.056,-0.832,0.119,0.563,100.931,-25.44,34.188,0.0,-0.3,0.10153397500066752,0.0
1790077077.045266,139111.0,55.339,11.635,166.865,7.69,-2.804,-11.972,-0.833,0.118,0.562,100.931,-25.44,34.188,-0.5,0.0,0.10153397500066752,0.0
1790077077.045289,139116.0,55.345,11.567,166.745,7.667,-2.741,-11.875,-0.833,0.117,0.56,100.931,-25.44,34.188,-0.2,0.0,0.10153397500066752,0.0
1790077077.0453188,139122.0,55.351,11.499,166.626,7.613,-2.638,-11.759,-0.834,0.116,0.56,100.931,-25.44,34.188,0.0,0.0,0.10153397500066752,0.0
1790077077.046057,139127.0,55.357,11.433,166.509,7.558,-2.573,-11.64,-0.834,0.115,0.558,100.931,-25.44,34.2,-0.2,0.3,0.09553397500066751,0.0
1790077077.046133,139133.0,55.364,11.367,166.392,7.514,-2.532,-11.482,-0.836,0.114,0.557,100.931,-25.44,34.188,0.0,0.0,0.09553397500066751,0.0
1790077077.046166,139138.0,55.372,11.302,166.278,7.451,-2.479,-11.263,-0.837,0.113,0.556,100.931,-25.44,34.188,0.0,0.0,0.09553397500066751,0.0
1790077077.046189,139144.0,55.387,11.175,166.054,7.291,-2.397,-10.837,-0.839,0.11,0.554,100.931,-25.44,34.2,-0.2,0.0,0.09553397500066751,0.0
1790077077.046229,139150.0,55.395,11.113,165.945,7.14,-2.363,-10.584,-0.841,0.109,0.553,100.932,-25.44,34.188,0.0,-0.1,0.09553397500066751,0.0
1790077077.046255,139156.0,55.403,11.052,165.838,6.995,-2.339,-10.342,-0.843,0.108,0.554,100.932,-25.44,34.2,0.1,0.2,0.09553397500066751,0.0
1790077077.046277,139162.0,55.411,10.992,165.733,6.876,-2.336,-10.08,-0.845,0.107,0.554,100.932,-25.44,34.188,-0.1,-0.3,0.09553397500066751,0.0
1790077077.046298,139167.0,55.419,10.934,165.631,6.749,-2.343,-9.806,-0.847,0.107,0.554,100.932,-25.44,34.2,0.3,0.3,0.09553397500066751,0.0
1790077077.046325,139172.0,55.426,10.876,165.531,6.636,-2.34,-9.521,-0.848,0.106,0.554,100.932,-25.44,34.188,0.0,0.0,0.09553397500066751,0.0
1790077077.046346,139178.0,55.434,10.821,165.433,6.51,-2.368,-9.211,-0.85,0.105,0.553,100.932,-25.428,34.2,0.3,0.0,0.09553397500066751,0.0
1790077077.046425,139183.0,55.441,10.766,165.339,6.37,-2.416,-8.866,-0.851,0.104,0.553,100.932,-25.44,34.188,0.1,0.0,0.09553397500066751,0.0
1790077077.058769,139188.0,55.448,10.714,165.247,6.202,-2.436,-8.513,-0.851,0.104,0.553,100.932,-25.44,34.188,-0.3,-0.2,0.09553397500066751,0.0
1790077077.0589068,139194.0,55.46,10.615,165.074,5.834,-2.475,-7.791,-0.851,0.103,0.553,100.932,-25.44,34.188,-0.1,-0.1,0.09553397500066751,0.0
1790077077.060593,139199.0,55.465,10.567,164.992,5.618,-2.488,-7.428,-0.851,0.102,0.553,100.932,-25.44,34.188,0.0,-0.1,0.09253397500066751,0.0
1790077077.071295,139205.0,55.47,10.52,164.912,5.443,-2.512,-7.081,-0.85,0.101,0.553,100.932,-25.44,34.2,0.0,0.1,0.09253397500066751,0.0
1790077077.071431,139210.0,55.474,10.476,164.836,5.254,-2.559,-6.717,-0.85,0.1,0.553,100.932,-25.44,34.188,0.0,0.0,0.09253397500066751,0.0
1790077077.07696,139215.0,55.477,10.433,164.763,5.018,-2.588,-6.189,-0.849,0.099,0.553,100.932,-25.44,34.188,-0.2,0.0,0.0865339750006675,0.0
1790077077.08579,139220.0,55.48,10.393,164.695,4.81,-2.622,-5.684,-0.848,0.098,0.553,100.932,-25.44,34.2,-0.1,0.1,0.0865339750006675,0.0
1790077077.0872672,139226.0,55.482,10.354,164.63,4.619,-2.653,-5.312,-0.848,0.097,0.554,100.932,-25.44,34.188,-0.1,0.0,0.0835339750006675,0.0
1790077077.0922282,139231.0,55.483,10.316,164.568,4.443,-2.659,-4.945,-0.847,0.097,0.555,100.932,-25.44,34.188,0.3,0.0,0.0835339750006675,0.0
1790077077.111177,139237.0,55.484,10.281,164.51,4.286,-2.651,-4.597,-0.847,0.096,0.557,100.932,-25.44,34.188,-0.1,-0.2,0.0805339750006675,0.0
1790077077.111237,139243.0,55.484,10.247,164.454,4.133,-2.649,-4.229,-0.848,0.096,0.558,100.932,-25.44,34.188,0.1,0.0,0.0805339750006675,0.0
1790077077.111265,139248.0,55.484,10.216,164.402,4.01,-2.616,-3.82,-0.848,0.096,0.56,100.932,-25.44,34.2,-0.1,0.1,0.0805339750006675,0.0
1790077077.1219862,139253.0,55.483,10.187,164.353,3.915,-2.53,-3.397,-0.848,0.096,0.562,100.932,-25.44,34.2,0.0,0.2,0.0775339750006675,0.0
1790077077.1220942,139259.0,55.48,10.137,164.267,3.669,-2.4,-2.563,-0.848,0.095,0.565,100.932,-25.44,34.2,0.0,0.0,0.0775339750006675,0.0
1790077077.126142,139265.0,55.479,10.115,164.23,3.526,-2.273,-2.164,-0.848,0.096,0.567,100.932,-25.44,34.2,0.0,0.2,0.0745339750006675,0.0
1790077077.203136,139271.0,55.479,10.115,164.23,3.526,-2.273,-2.164,-0.848,0.096,0.567,100.932,-25.44,34.2,0.0,0.1,0.06553397500066749,0.0
1790077077.2032151,139276.0,55.476,10.08,164.166,3.323,-1.981,-1.433,-0.848,0.096,0.57,100.932,-25.44,34.2,0.0,0.1,0.06553397500066749,0.0
1790077077.203243,139282.0,55.475,10.066,164.14,3.254,-1.831,-1.057,-0.848,0.097,0.571,100.932,-25.44,34.188,-0.2,-0.2,0.06553397500066749,0.0
1790077077.203281,139287.0,55.475,10.055,164.117,3.201,-1.634,-0.675,-0.848,0.098,0.571,100.932,-25.44,34.2,0.0,0.0,0.06553397500066749,0.0
1790077077.20339,139292.0,55.476,10.047,164.098,3.135,-1.281,-0.309,-0.848,0.098,0.572,100.932,-25.452,34.188,-0.3,-0.1,0.06553397500066749,0.0
1790077077.203433,139298.0,55.478,10.042,164.084,3.071,-0.978,0.039,-0.848,0.1,0.572,100.932,-25.44,34.2,0.0,0.1,0.06553397500066749,0.0
1790077077.20348,139303.0,55.48,10.041,164.073,3.027,-0.806,0.397,-0.849,0.101,0.573,100.932,-25.44,34.2,0.0,0.2,0.06553397500066749,0.0
1790077077.2035189,139309.0,55.486,10.046,164.061,2.975,-0.465,1.107,-0.85,0.102,0.574,100.932,-25.44,34.2,0.1,0.0,0.06553397500066749,0.0
1790077077.203545,139315.0,55.49,10.052,164.061,2.935,-0.281,1.422,-0.85,0.103,0.574,100.932,-25.452,34.2,-0.2,0.0,0.06553397500066749,0.0
1790077077.2036538,139320.0,55.495,10.061,164.063,2.896,-0.081,1.709,-0.85,0.103,0.573,100.932,-25.44,34.2,0.0,0.0,0.06553397500066749,0.0
1790077077.20368,139326.0,55.5,10.073,164.068,2.857,0.119,1.988,-0.849,0.104,0.573,100.932,-25.44,34.188,0.0,0.0,0.06553397500066749,0.0
1790077077.203702,139331.0,55.506,10.087,164.078,2.781,0.318,2.39,-0.849,0.104,0.572,100.932,-25.452,34.2,-0.1,0.0,0.06553397500066749,0.0
1790077077.203723,139336.0,55.513,10.104,164.091,2.738,0.494,2.782,-0.848,0.105,0.572,100.932,-25.44,34.188,0.0,0.0,0.06553397500066749,0.0
1790077077.2037451,139341.0,55.52,10.124,164.107,2.684,0.662,3.031,-0.848,0.105,0.572,100.932,-25.452,34.188,-0.1,0.0,0.06553397500066749,0.0
1790077077.208151,139346.0,55.527,10.144,164.125,2.605,0.844,3.286,-0.847,0.105,0.572,100.932,-25.44,34.2,0.0,0.2,0.06553397500066749,0.0
1790077077.2137458,139352.0,55.535,10.167,164.145,2.553,1.029,3.524,-0.847,0.105,0.572,100.932,-25.44,34.188,0.0,-0.1,0.06553397500066749,0.0
1790077077.232366,139357.0,55.544,10.19,164.167,2.526,1.225,3.748,-0.847,0.105,0.573,100.932,-25.452,34.2,-0.1,0.0,0.06253397500066749,0.0
1790077077.232507,139363.0,55.553,10.216,164.192,2.535,1.424,3.983,-0.846,0.105,0.573,100.932,-25.44,34.188,0.1,-0.2,0.06253397500066749,0.0
1790077077.2325609,139368.0,55.563,10.244,164.219,2.555,1.635,4.232,-0.846,0.105,0.574,100.932,-25.44,34.2,0.0,0.1,0.06253397500066749,0.0
1790077077.2359328,139374.0,55.585,10.304,164.279,2.539,2.045,4.635,-0.845,0.105,0.575,100.932,-25.452,34.188,-0.3,-0.1,0.05653397500066748,0.0
1790077077.241216,139380.0,55.597,10.336,164.312,2.496,2.24,4.801,-0.844,0.105,0.575,100.932,-25.452,34.188,0.0,-0.1,0.05653397500066748,0.0
1790077077.246818,139385.0,55.609,10.37,164.347,2.478,2.447,4.963,-0.843,0.106,0.575,100.932,-25.452,34.2,-0.2,0.0,0.05353397500066748,0.0
1790077077.253324,139391.0,55.622,10.405,164.384,2.45,2.636,5.12,-0.843,0.107,0.575,100.932,-25.452,34.2,0.1,0.1,0.05353397500066748,0.0
1790077077.259775,139397.0,55.636,10.443,164.423,2.411,2.815,5.295,-0.842,0.108,0.574,100.931,-25.452,34.188,0.0,-0.3,0.050533975000667475,0.0
1790077077.277477,139403.0,55.651,10.481,164.464,2.355,3.027,5.453,-0.841,0.109,0.572,100.931,-25.452,34.2,-0.3,0.0,0.04453397500066747,0.0
1790077077.2775638,139408.0,55.666,10.521,164.507,2.31,3.207,5.578,-0.84,0.11,0.57,100.931,-25.452,34.2,-0.2,0.2,0.04453397500066747,0.0
1790077077.277604,139414.0,55.7,10.603,164.596,2.258,3.448,5.771,-0.838,0.11,0.566,100.931,-25.452,34.2,0.0,0.0,0.04453397500066747,0.0
1790077077.288146,139421.0,55.717,10.646,164.642,2.179,3.545,5.867,-0.838,0.111,0.564,100.931,-25.464,34.188,-0.3,0.0,0.04153397500066747,0.0
1790077077.288578,139426.0,55.735,10.688,164.689,2.145,3.625,5.951,-0.838,0.111,0.562,100.931,-25.464,34.2,-0.1,0.1,0.04153397500066747,0.0
1790077077.293675,139432.0,55.754,10.732,164.738,2.095,3.708,6.05,-0.838,0.112,0.56,100.931,-25.464,34.188,-0.2,-0.2,0.04153397500066747,0.0
1790077077.305899,139438.0,55.773,10.777,164.788,2.044,3.808,6.158,-0.838,0.113,0.559,100.931,-25.464,34.2,-0.3,0.2,0.038533975000667464,0.0
1790077077.305964,139443.0,55.793,10.823,164.839,1.985,3.87,6.257,-0.839,0.114,0.558,100.931,-25.464,34.188,-0.1,-0.3,0.038533975000667464,0.0
1790077077.310685,139449.0,55.812,10.869,164.891,1.881,3.919,6.348,-0.839,0.115,0.558,100.931,-25.464,34.2,0.0,0.0,0.03553397500066746,0.0
1790077077.341245,139455.0,55.852,10.961,164.997,1.75,3.989,6.409,-0.841,0.116,0.559,100.932,-25.464,34.188,-0.2,0.0,0.02953397500066746,0.0
1790077077.341384,139461.0,55.871,11.007,165.05,1.683,4.006,6.436,-0.842,0.117,0.559,100.932,-25.464,34.2,0.0,0.1,0.02953397500066746,0.0
1790077077.341429,139467.0,55.891,11.053,165.104,1.602,4.006,6.456,-0.843,0.117,0.56,100.932,-25.464,34.188,-0.1,-0.1,0.02953397500066746,0.0
1790077077.341456,139473.0,55.911,11.098,165.157,1.522,4.011,6.474,-0.844,0.117,0.56,100.932,-25.464,34.2,0.0,0.1,0.02953397500066746,0.0
1790077077.3417752,139478.0,55.93,11.144,165.211,1.486,4.029,6.514,-0.845,0.117,0.559,100.932,-25.464,34.188,0.0,0.0,0.02953397500066746,0.0
1790077077.3462842,139484.0,55.95,11.189,165.266,1.438,4.031,6.544,-0.846,0.117,0.559,100.932,-25.464,34.2,-0.2,0.0,0.02953397500066746,0.0
1790077077.375223,139490.0,55.99,11.281,165.375,1.321,3.952,6.623,-0.847,0.118,0.556,100.932,-25.464,34.188,0.1,-0.1,0.02953397500066746,0.0
1790077077.375478,139496.0,56.01,11.327,165.431,1.275,3.921,6.658,-0.848,0.119,0.555,100.932,-25.464,34.2,-0.1,0.0,0.02953397500066746,0.0
1790077077.375543,139502.0,56.029,11.373,165.487,1.195,3.872,6.671,-0.847,0.12,0.553,100.932,-25.464,34.188,0.0,0.0,0.02953397500066746,0.0
1790077077.375576,139508.0,56.049,11.419,165.543,1.124,3.787,6.66,-0.846,0.121,0.551,100.932,-25.476,34.188,-0.3,0.0,0.02953397500066746,0.0
1790077077.375687,139514.0,56.086,11.51,165.655,0.972,3.577,6.627,-0.845,0.122,0.547,100.932,-25.464,34.188,0.0,0.0,0.02953397500066746,0.0
1790077077.380724,139519.0,56.086,11.51,165.655,0.972,3.577,6.627,-0.845,0.122,0.547,100.932,-25.464,34.188,0.0,0.0,0.02353397500066746,0.0
1790077077.386396,139525.0,56.104,11.554,165.711,0.863,3.472,6.632,-0.844,0.122,0.545,100.932,-25.464,34.188,0.0,0.0,0.02353397500066746,0.0
1790077077.392195,139531.0,56.14,11.641,165.821,0.72,3.279,6.623,-0.844,0.121,0.543,100.932,-25.464,34.2,0.1,0.2,0.020533975000667462,0.0
1790077077.3971741,139536.0,56.157,11.682,165.875,0.649,3.165,6.644,-0.844,0.119,0.543,100.932,-25.464,34.188,-0.1,0.0,0.020533975000667462,0.0
1790077077.403782,139542.0,56.173,11.724,165.929,0.604,3.037,6.673,-0.843,0.118,0.542,100.932,-25.464,34.188,0.0,0.0,0.017533975000667463,0.0
1790077077.4085782,139547.0,56.189,11.764,165.983,0.571,2.905,6.715,-0.843,0.118,0.542,100.932,-25.476,34.188,-0.2,0.0,0.014533975000667464,0.0
1790077077.413994,139552.0,56.203,11.804,166.037,0.523,2.759,6.76,-0.843,0.117,0.542,100.932,-25.476,34.2,-0.4,0.1,0.014533975000667464,0.0
1790077077.4214,139558.0,56.217,11.844,166.09,0.469,2.63,6.799,-0.843,0.117,0.542,100.932,-25.476,34.2,-0.3,0.0,0.011533975000667464,0.0
1790077077.425251,139564.0,56.231,11.884,166.144,0.44,2.511,6.81,-0.842,0.117,0.543,100.932,-25.476,34.2,0.0,0.0,0.011533975000667464,0.0
1790077077.430749,139569.0,56.243,11.923,166.197,0.411,2.391,6.779,-0.842,0.118,0.543,100.932,-25.476,34.188,-0.2,-0.3,0.008533975000667465,0.0
1790077077.436497,139575.0,56.266,12.0,166.302,0.364,2.173,6.698,-0.842,0.12,0.543,100.932,-25.476,34.2,-0.2,0.0,0.008533975000667465,0.0
1790077077.441526,139580.0,56.266,12.0,166.302,0.364,2.173,6.698,-0.842,0.12,0.543,100.932,-25.488,34.2,-0.3,0.0,0.005533975000667465,0.0
1790077077.47546,139586.0,56.287,12.076,166.406,0.327,1.995,6.567,-0.841,0.123,0.544,100.932,-25.488,34.188,-0.1,-0.2,-0.0004660249993325349,0.0
1790077077.475585,139592.0,56.296,12.114,166.457,0.317,1.935,6.489,-0.84,0.124,0.544,100.932,-25.488,34.2,-0.6,0.0,-0.0004660249993325349,0.0
1790077077.475622,139597.0,56.305,12.151,166.507,0.291,1.868,6.426,-0.84,0.125,0.544,100.932,-25.5,34.188,-0.5,-0.1,-0.0004660249993325349,0.0
1790077077.4756448,139603.0,56.314,12.187,166.557,0.261,1.807,6.341,-0.839,0.126,0.544,100.932,-25.5,34.188,-0.6,0.0,-0.0004660249993325349,0.0
1790077077.475667,139608.0,56.323,12.223,166.606,0.256,1.72,6.231,-0.839,0.127,0.543,100.932,-25.5,34.188,-0.6,-0.1,-0.0004660249993325349,0.0
1790077077.475687,139613.0,56.331,12.258,166.655,0.254,1.629,6.123,-0.839,0.128,0.542,100.932,-25.512,34.188,-0.6,0.0,-0.0004660249993325349,0.0
1790077077.479191,139618.0,56.339,12.293,166.702,0.242,1.547,6.043,-0.839,0.128,0.541,100.932,-25.512,34.188,-0.6,0.0,-0.0004660249993325349,0.0
1790077077.48552,139623.0,56.347,12.327,166.749,0.207,1.448,5.97,-0.838,0.129,0.54,100.932,-25.512,34.188,-0.5,0.0,-0.0004660249993325349,0.0
1790077077.491369,139630.0,56.361,12.392,166.84,0.127,1.232,5.731,-0.837,0.13,0.539,100.932,-25.524,34.188,-0.9,0.0,-0.003466024999332535,0.0
1790077077.4973052,139636.0,56.367,12.422,166.883,0.09,1.179,5.582,-0.836,0.131,0.539,100.932,-25.536,34.188,-1.0,0.0,-0.006466024999332535,0.0
1790077077.5045938,139642.0,56.374,12.452,166.925,0.082,1.112,5.467,-0.836,0.131,0.539,100.932,-25.536,34.2,-0.7,0.2,-0.006466024999332535,0.0
1790077077.510294,139648.0,56.379,12.481,166.966,0.106,0.998,5.345,-0.836,0.132,0.538,100.933,-25.548,34.2,-0.9,0.1,-0.009466024999332535,0.0
1790077077.520608,139654.0,56.39,12.534,167.044,0.123,0.715,5.039,-0.835,0.132,0.538,100.933,-25.548,34.2,-0.8,0.0,-0.009466024999332535,0.0
1790077077.520781,139659.0,56.394,12.558,167.08,0.104,0.639,4.893,-0.835,0.131,0.538,100.933,-25.548,34.188,-0.8,-0.2,-0.009466024999332535,0.0
1790077077.5266728,139665.0,56.399,12.582,167.114,0.099,0.57,4.772,-0.836,0.131,0.538,100.933,-25.572,34.188,-1.2,0.0,-0.015466024999332535,0.0
1790077077.546626,139671.0,56.403,12.604,167.148,0.093,0.494,4.653,-0.836,0.131,0.538,100.933,-25.584,34.2,-1.4,0.0,-0.021466024999332534,0.0
1790077077.546717,139676.0,56.407,12.625,167.18,0.066,0.449,4.547,-0.837,0.131,0.538,100.933,-25.596,34.2,-2.0,0.2,-0.021466024999332534,0.0
1790077077.54675,139682.0,56.411,12.645,167.211,0.038,0.41,4.455,-0.838,0.131,0.538,100.933,-25.62,34.2,-2.1,0.0,-0.021466024999332534,0.0
1790077077.5961459,139688.0,56.415,12.664,167.242,0.016,0.367,4.376,-0.839,0.132,0.538,100.933,-25.632,34.2,-2.4,0.0,-0.021466024999332534,0.0
1790077077.596256,139694.0,56.419,12.683,167.272,-0.018,0.326,4.297,-0.84,0.132,0.539,100.933,-25.644,34.188,-2.5,-0.4,-0.021466024999332534,0.0
1790077077.5962949,139699.0,56.428,12.719,167.33,-0.035,0.284,4.121,-0.842,0.133,0.539,100.933,-25.68,34.188,-3.1,0.0,-0.021466024999332534,0.0
1790077077.596321,139704.0,56.432,12.735,167.358,-0.032,0.216,4.029,-0.844,0.134,0.539,100.933,-25.692,34.2,-2.9,0.1,-0.021466024999332534,0.0
1790077077.596352,139710.0,56.435,12.752,167.385,0.011,0.151,3.969,-0.844,0.134,0.539,100.934,-25.716,34.2,-2.6,0.0,-0.021466024999332534,0.0
1790077077.596388,139716.0,56.439,12.768,167.411,0.039,0.078,3.921,-0.845,0.134,0.539,100.934,-25.728,34.2,-2.5,0.1,-0.021466024999332534,0.0
1790077077.596411,139721.0,56.442,12.783,167.437,0.068,-0.01,3.873,-0.846,0.133,0.539,100.934,-25.74,34.2,-2.1,0.0,-0.021466024999332534,0.0
1790077077.596433,139727.0,56.445,12.798,167.461,0.121,-0.133,3.804,-0.847,0.133,0.538,100.934,-25.752,34.2,-1.9,0.0,-0.021466024999332534,0.0
1790077077.5964549,139733.0,56.448,12.812,167.484,0.203,-0.283,3.727,-0.847,0.132,0.538,100.934,-25.764,34.2,-1.9,0.0,-0.021466024999332534,0.0
1790077077.602072,139738.0,56.45,12.826,167.507,0.317,-0.454,3.68,-0.847,0.131,0.538,100.934,-25.764,34.2,-1.5,0.0,-0.027466024999332532,0.0
1790077077.609706,139744.0,56.451,12.852,167.549,0.47,-0.776,3.618,-0.848,0.13,0.537,100.934,-25.764,34.2,-0.9,0.1,-0.027466024999332532,0.0
1790077077.610542,139749.0,56.451,12.864,167.568,0.536,-0.957,3.577,-0.848,0.13,0.538,100.934,-25.776,34.2,-1.2,0.0,-0.03046602499933253,0.0
1790077077.630087,139755.0,56.45,12.876,167.587,0.615,-1.11,3.547,-0.848,0.13,0.538,100.934,-25.788,34.188,-0.8,-0.1,-0.03646602499933253,0.0
1790077077.630173,139760.0,56.448,12.888,167.605,0.704,-1.229,3.538,-0.848,0.129,0.539,100.934,-25.8,34.2,-1.2,0.1,-0.03646602499933253,0.0
1790077077.630207,139766.0,56.446,12.9,167.623,0.761,-1.329,3.528,-0.848,0.128,0.539,100.934,-25.8,34.188,-1.1,-0.3,-0.03646602499933253,0.0
1790077077.634379,139772.0,56.443,12.911,167.64,0.82,-1.442,3.546,-0.849,0.128,0.539,100.933,-25.812,34.2,-1.0,0.0,-0.03646602499933253,0.0
1790077077.63869,139777.0,56.44,12.923,167.658,0.91,-1.545,3.597,-0.849,0.127,0.539,100.933,-25.812,34.188,-1.2,0.0,-0.03646602499933253,0.0
1790077077.6439419,139782.0,56.437,12.935,167.675,0.987,-1.622,3.664,-0.849,0.126,0.539,100.933,-25.824,34.2,-1.4,0.1,-0.039466024999332536,0.0
1790077077.649426,139788.0,56.433,12.948,167.693,1.07,-1.702,3.722,-0.85,0.126,0.539,100.933,-25.836,34.188,-1.1,0.0,-0.04246602499933254,0.0
1790077077.654273,139793.0,56.428,12.961,167.711,1.16,-1.769,3.765,-0.85,0.126,0.54,100.933,-25.848,34.188,-1.4,0.0,-0.04246602499933254,0.0
1790077077.660506,139799.0,56.418,12.989,167.746,1.416,-1.955,3.87,-0.849,0.125,0.541,100.933,-25.848,34.2,-1.2,0.2,-0.04546602499933254,0.0
1790077077.6655722,139804.0,56.412,13.004,167.764,1.497,-2.056,3.941,-0.849,0.124,0.541,100.933,-25.848,34.188,-1.0,0.0,-0.04546602499933254,0.0
1790077077.677985,139809.0,56.405,13.02,167.783,1.578,-2.119,4.039,-0.849,0.124,0.542,100.933,-25.86,34.2,-0.8,0.0,-0.048466024999332544,0.0
1790077077.6781518,139815.0,56.398,13.036,167.802,1.688,-2.163,4.139,-0.849,0.123,0.542,100.933,-25.872,34.2,-0.8,0.3,-0.048466024999332544,0.0
1790077077.690756,139821.0,56.391,13.054,167.822,1.798,-2.234,4.203,-0.85,0.123,0.541,100.933,-25.872,34.2,-0.6,0.0,-0.05253733330027899,0.0
1790077077.690829,139827.0,56.383,13.072,167.841,1.901,-2.332,4.265,-0.85,0.123,0.541,100.933,-25.872,34.2,-0.4,0.0,-0.05253733330027899,0.0
1790077077.694203,139832.0,56.375,13.091,167.862,1.987,-2.414,4.365,-0.85,0.124,0.541,100.932,-25.86,34.188,0.0,-0.1,-0.05253733330027899,0.0
1790077077.7048142,139838.0,56.367,13.112,167.883,2.045,-2.496,4.464,-0.851,0.124,0.54,100.932,-25.872,34.2,-0.1,0.0,-0.055343216600886085,0.0
1790077077.705258,139843.0,56.358,13.133,167.906,2.116,-2.579,4.58,-0.851,0.125,0.54,100.932,-25.872,34.2,0.0,0.1,-0.055343216600886085,0.0
1790077077.710231,139849.0,56.349,13.156,167.93,2.213,-2.675,4.703,-0.851,0.126,0.54,100.932,-25.872,34.2,0.0,0.0,-0.055343216600886085,0.0
1790077077.727263,139854.0,56.329,13.206,167.98,2.35,-2.895,4.945,-0.852,0.127,0.539,100.932,-25.872,34.2,0.0,0.0,-0.055343216600886085,0.0
1790077077.727486,139860.0,56.318,13.233,168.006,2.396,-3.006,5.07,-0.853,0.127,0.538,100.932,-25.872,34.2,0.0,0.0,-0.055343216600886085,0.0
1790077077.7278771,139866.0,56.306,13.26,168.033,2.419,-3.096,5.172,-0.854,0.127,0.538,100.932,-25.872,34.188,0.0,-0.3,-0.05834321660088609,0.0
1790077077.7459881,139871.0,56.295,13.288,168.061,2.432,-3.176,5.264,-0.855,0.128,0.538,100.932,-25.872,34.2,-0.1,0.0,-0.058962291599891616,0.0
1790077077.7460759,139877.0,56.283,13.317,168.09,2.449,-3.272,5.368,-0.855,0.128,0.538,100.932,-25.872,34.2,0.0,0.1,-0.058962291599891616,0.0
1790077077.74611,139883.0,56.27,13.346,168.119,2.458,-3.341,5.47,-0.856,0.129,0.538,100.932,-25.872,34.2,-0.1,0.0,-0.058962291599891616,0.0
1790077077.750397,139889.0,56.244,13.408,168.182,2.453,-3.454,5.786,-0.858,0.13,0.539,100.932,-25.872,34.2,0.1,0.0,-0.06101996659999714,0.0
1790077077.7563431,139895.0,56.244,13.408,168.182,2.453,-3.454,5.786,-0.858,0.13,0.539,100.932,-25.872,34.2,0.1,0.1,-0.06101996659999714,0.0
1790077077.761895,139900.0,56.217,13.475,168.25,2.499,-3.566,6.062,-0.86,0.132,0.54,100.932,-25.884,34.188,-0.4,-0.3,-0.06101996659999714,0.0
1790077077.767238,139906.0,56.202,13.51,168.285,2.551,-3.604,6.166,-0.86,0.132,0.541,100.932,-25.872,34.2,0.0,0.0,-0.06101996659999714,0.0
1790077077.7754922,139913.0,56.187,13.546,168.321,2.617,-3.647,6.271,-0.86,0.133,0.542,100.932,-25.872,34.188,0.0,0.0,-0.06101996659999714,0.0
1790077077.780923,139919.0,56.156,13.619,168.395,2.686,-3.695,6.404,-0.86,0.134,0.545,100.932,-25.872,34.2,-0.2,0.3,-0.06354321660037386,0.0
1790077077.7877262,139925.0,56.14,13.657,168.432,2.698,-3.703,6.471,-0.859,0.135,0.547,100.932,-25.884,34.188,-0.2,-0.1,-0.06354321660037386,0.0
1790077077.793365,139931.0,56.123,13.695,168.47,2.719,-3.672,6.532,-0.858,0.135,0.548,100.932,-25.884,34.2,-0.4,0.0,-0.06354321660037386,0.0
1790077077.806626,139937.0,56.106,13.733,168.508,2.779,-3.634,6.544,-0.856,0.136,0.55,100.932,-25.884,34.188,-0.2,-0.2,-0.06354321660037386,0.0
1790077077.8066912,139943.0,56.089,13.771,168.546,2.854,-3.582,6.548,-0.855,0.136,0.552,100.932,-25.884,34.2,0.0,0.1,-0.06354321660037386,0.0
1790077077.809928,139948.0,56.072,13.81,168.584,2.964,-3.469,6.541,-0.854,0.137,0.553,100.932,-25.884,34.2,-0.1,0.3,-0.06688242079981137,0.0
1790077077.821462,139954.0,56.056,13.85,168.623,3.056,-3.324,6.509,-0.853,0.138,0.554,100.932,-25.884,34.188,-0.4,-0.1,-0.06688242079981137,0.0
1790077077.821631,139959.0,56.024,13.931,168.699,3.217,-3.039,6.42,-0.851,0.14,0.556,100.932,-25.896,34.2,-0.4,0.0,-0.06688242079981137,0.0
1790077077.826798,139965.0,56.009,13.972,168.738,3.298,-2.878,6.379,-0.85,0.141,0.557,100.932,-25.896,34.188,-0.6,0.0,-0.06688242079981137,0.0
1790077077.837057,139971.0,55.995,14.014,168.776,3.342,-2.707,6.332,-0.848,0.142,0.557,100.932,-25.896,34.2,-0.3,0.0,-0.06688242079981137,0.0
1790077077.8388321,139977.0,55.981,14.056,168.814,3.535,-2.541,6.26,-0.848,0.143,0.557,100.932,-25.896,34.188,-0.2,0.0,-0.06688242079981137,0.0
1790077077.86313,139982.0,55.969,14.098,168.852,3.7,-2.336,6.174,-0.847,0.143,0.558,100.932,-25.896,34.188,-0.3,-0.2,-0.07231732910015853,0.0
1790077077.863272,139988.0,55.957,14.141,168.889,3.719,-2.122,6.105,-0.846,0.143,0.557,100.932,-25.908,34.2,-0.3,0.0,-0.07231732910015853,0.0
1790077077.863358,139993.0,55.946,14.183,168.926,3.788,-1.948,6.035,-0.845,0.142,0.558,100.932,-25.908,34.188,-0.5,-0.1,-0.07231732910015853,0.0
1790077077.8635478,139999.0,55.927,14.266,168.998,3.944,-1.584,5.92,-0.843,0.141,0.557,100.932,-25.908,34.188,-0.5,0.0,-0.07252508329984267,0.0
1790077077.866282,140005.0,55.92,14.308,169.033,4.017,-1.377,5.848,-0.843,0.14,0.557,100.932,-25.92,34.188,-0.9,0.0,-0.07252508329984267,0.0
1790077077.87234,140011.0,55.913,14.349,169.068,4.076,-1.216,5.75,-0.842,0.139,0.557,100.932,-25.932,34.2,-0.8,0.0,-0.07252508329984267,0.0
1790077077.879085,140017.0,55.907,14.39,169.102,4.125,-1.045,5.648,-0.842,0.139,0.556,100.932,-25.944,34.2,-1.4,0.0,-0.07252508329984267,0.0
1790077077.8854358,140023.0,55.902,14.43,169.135,4.164,-0.84,5.566,-0.842,0.139,0.556,100.933,-25.956,34.2,-1.4,0.0,-0.07252508329984267,0.0
1790077077.8894641,140028.0,55.899,14.47,169.167,4.203,-0.639,5.475,-0.842,0.139,0.556,100.933,-25.968,34.188,-1.9,-0.2,-0.07252508329984267,0.0
1790077077.895304,140034.0,55.895,14.55,169.233,4.137,-0.216,5.348,-0.843,0.139,0.555,100.933,-25.992,34.2,-2.6,0.0,-0.07252508329984267,0.0
1790077077.900338,140039.0,55.895,14.55,169.233,4.137,-0.216,5.348,-0.843,0.139,0.555,100.933,-26.016,34.188,-2.9,0.0,-0.07506291659956332,0.0
1790077077.906879,140045.0,55.897,14.629,169.299,4.019,0.284,5.244,-0.843,0.141,0.553,100.933,-26.088,34.188,-4.8,0.0,-0.07506291659956332,0.0
1790077077.912957,140051.0,55.9,14.669,169.333,3.909,0.569,5.213,-0.843,0.142,0.552,100.933,-26.148,34.188,-6.1,-0.1,-0.07506291659956332,0.0
1790077077.919243,140058.0,55.905,14.71,169.369,3.764,0.882,5.222,-0.844,0.144,0.55,100.933,-26.208,34.2,-7.4,0.0,-0.07718092910072301,0.0
1790077077.9254951,140064.0,55.92,14.791,169.443,3.359,1.499,5.226,-0.844,0.146,0.546,100.933,-26.268,34.188,-8.5,0.0,-0.07718092910072301,0.0
1790077077.931184,140070.0,55.93,14.832,169.481,3.125,1.746,5.245,-0.845,0.147,0.543,100.933,-26.34,34.188,-9.4,0.0,-0.07718092910072301,0.0
1790077077.937491,140076.0,55.942,14.872,169.521,2.895,1.963,5.251,-0.847,0.147,0.541,100.933,-26.472,34.2,-10.2,0.2,-0.07718092910072301,0.0
1790077077.943029,140081.0,55.955,14.911,169.561,2.683,2.145,5.235,-0.848,0.147,0.539,100.933,-26.556,34.188,-11.1,0.0,-0.07718092910072301,0.0
1790077077.949213,140088.0,55.969,14.95,169.601,2.491,2.316,5.23,-0.848,0.147,0.538,100.933,-26.616,34.2,-11.0,0.0,-0.074180929100723,0.0
1790077077.955738,140094.0,55.999,15.024,169.681,2.13,2.512,5.139,-0.848,0.146,0.536,100.933,-26.7,34.188,-11.7,-0.1,-0.074180929100723,0.0
1790077077.960235,140099.0,55.999,15.024,169.681,2.13,2.512,5.139,-0.848,0.146,0.536,100.933,-26.784,34.188,-11.9,0.0,-0.071180929100723,0.0
1790077077.969386,140104.0,56.03,15.094,169.76,1.737,2.614,5.199,-0.849,0.146,0.535,100.933,-26.856,34.188,-12.5,0.0,-0.068180929100723,0.0
1790077077.9703639,140109.0,56.046,15.128,169.801,1.488,2.687,5.261,-0.85,0.146,0.535,100.933,-26.94,34.2,-12.8,0.2,-0.068180929100723,0.0
1790077077.97706,140115.0,56.063,15.161,169.843,1.133,2.72,5.328,-0.852,0.147,0.534,100.933,-27.024,34.188,-13.0,-0.2,-0.065180929100723,0.0
1790077077.988943,140120.0,56.08,15.193,169.885,0.856,2.727,5.359,-0.853,0.147,0.534,100.933,-27.192,34.188,-13.6,-0.2,-0.065180929100723,0.0
1790077077.989012,140126.0,56.096,15.224,169.927,0.709,2.729,5.329,-0.852,0.148,0.534,100.933,-27.3,34.2,-14.4,0.3,-0.065180929100723,0.0
1790077077.993181,140131.0,56.112,15.255,169.969,0.563,2.752,5.299,-0.85,0.149,0.535,100.933,-27.396,34.2,-15.0,0.0,-0.062180929100722995,0.0
1790077078.0070028,140136.0,56.128,15.285,170.011,0.458,2.813,5.261,-0.85,0.15,0.535,100.933,-27.492,34.2,-15.4,0.0,-0.05918092910072299,0.0
1790077078.00712,140142.0,56.145,15.315,170.054,0.293,2.894,5.213,-0.85,0.151,0.533,100.933,-27.588,34.2,-15.6,0.1,-0.05918092910072299,0.0
1790077078.0087092,140147.0,56.162,15.344,170.096,0.095,2.941,5.209,-0.851,0.152,0.532,100.933,-27.684,34.2,-15.4,0.0,-0.05618092910072299,0.0
1790077078.0255759,140153.0,56.18,15.373,170.14,-0.099,2.931,5.245,-0.851,0.153,0.531,100.933,-27.768,34.2,-15.0,0.0,-0.05618092910072299,0.0
1790077078.025832,140159.0,56.213,15.427,170.225,-0.464,2.797,5.168,-0.849,0.154,0.531,100.933,-27.864,34.188,-15.3,-0.1,-0.05618092910072299,0.0
1790077078.02624,140165.0,56.228,15.453,170.267,-0.522,2.733,5.081,-0.846,0.154,0.531,100.933,-27.972,34.2,-16.0,0.0,-0.050180929100722985,0.0
1790077078.040305,140170.0,56.228,15.453,170.267,-0.522,2.733,5.081,-0.846,0.154,0.531,100.933,-28.164,34.188,-15.8,0.0,-0.050180929100722985,0.0
1790077078.0403998,140176.0,56.259,15.5,170.347,-0.652,2.642,4.852,-0.844,0.155,0.53,100.933,-28.26,34.2,-15.7,0.2,-0.050180929100722985,0.0
1790077078.042202,140181.0,56.274,15.522,170.386,-0.814,2.538,4.781,-0.845,0.155,0.529,100.933,-28.356,34.2,-16.1,0.2,-0.04718092910072298,0.0
1790077078.05505,140186.0,56.288,15.542,170.424,-0.969,2.443,4.71,-0.845,0.155,0.529,100.933,-28.452,34.188,-16.0,-0.4,-0.04418092910072298,0.0
1790077078.055176,140192.0,56.303,15.561,170.461,-1.069,2.386,4.645,-0.844,0.154,0.53,100.933,-28.56,34.188,-16.5,-0.1,-0.04418092910072298,0.0
1790077078.0586,140197.0,56.316,15.578,170.496,-1.093,2.386,4.572,-0.842,0.154,0.532,100.933,-28.656,34.2,-16.3,0.0,-0.04418092910072298,0.0
1790077078.0636868,140202.0,56.329,15.594,170.531,-1.12,2.42,4.466,-0.841,0.153,0.534,100.933,-28.752,34.2,-16.4,0.0,-0.04418092910072298,0.0
1790077078.076135,140208.0,56.343,15.609,170.564,-1.181,2.447,4.367,-0.84,0.153,0.535,100.933,-28.86,34.2,-16.6,0.0,-0.04118092910072298,0.0
1790077078.076299,140214.0,56.37,15.636,170.629,-1.226,2.429,4.278,-0.842,0.151,0.536,100.933,-28.956,34.188,-16.2,-0.3,-0.04118092910072298,0.0
1790077078.0809522,140220.0,56.37,15.636,170.629,-1.226,2.429,4.278,-0.842,0.151,0.536,100.933,-29.052,34.188,-15.9,0.0,-0.03518092910072297,0.0
1790077078.08629,140225.0,56.396,15.659,170.691,-1.263,2.363,4.139,-0.843,0.151,0.539,100.933,-29.136,34.188,-15.7,0.0,-0.03518092910072297,0.0
1790077078.092371,140230.0,56.408,15.67,170.72,-1.188,2.341,4.026,-0.843,0.151,0.54,100.933,-29.232,34.188,-15.5,0.0,-0.03218092910072297,0.0
1790077078.097307,140236.0,56.421,15.68,170.747,-1.114,2.374,3.862,-0.843,0.152,0.542,100.933,-29.424,34.2,-15.6,0.0,-0.03218092910072297,0.0
1790077078.103586,140241.0,56.434,15.689,170.774,-1.064,2.42,3.716,-0.844,0.152,0.543,100.933,-29.508,34.188,-15.1,0.0,-0.02918092910072297,0.0
1790077078.1084318,140247.0,56.447,15.698,170.8,-1.018,2.431,3.612,-0.844,0.153,0.542,100.933,-29.592,34.2,-15.0,0.0,-0.02918092910072297,0.0
1790077078.114632,140253.0,56.46,15.707,170.825,-0.977,2.445,3.533,-0.845,0.153,0.541,100.933,-29.676,34.188,-14.6,0.0,-0.02618092910072297,0.0
1790077078.1204329,140259.0,56.487,15.724,170.875,-0.968,2.348,3.411,-0.846,0.153,0.539,100.933,-29.772,34.188,-14.8,0.0,-0.02318092910072297,0.0
1790077078.126255,140265.0,56.501,15.731,170.898,-0.896,2.291,3.321,-0.847,0.153,0.539,100.933,-29.844,34.188,-14.1,0.0,-0.02318092910072297,0.0
1790077078.131496,140270.0,56.501,15.731,170.898,-0.896,2.291,3.321,-0.847,0.153,0.539,100.933,-30.012,34.188,-13.6,0.0,-0.020180929100722972,0.0
1790077078.137197,140276.0,56.527,15.747,170.942,-0.578,2.126,3.142,-0.848,0.154,0.538,100.933,-30.072,34.188,-12.8,0.0,-0.020180929100722972,0.0
1790077078.143181,140281.0,56.54,15.754,170.963,-0.488,1.981,3.067,-0.85,0.154,0.536,100.933,-30.144,34.2,-12.1,0.0,-0.017180929100722973,0.0
1790077078.155423,140287.0,56.552,15.761,170.983,-0.435,1.75,3.008,-0.852,0.154,0.535,100.933,-30.204,34.188,-11.4,-0.2,-0.014180929100722973,0.0
1790077078.1556008,140293.0,56.563,15.768,171.001,-0.354,1.513,2.953,-0.853,0.154,0.535,100.933,-30.252,34.2,-10.7,0.0,-0.014180929100722973,0.0
1790077078.161521,140299.0,56.583,15.779,171.034,-0.052,1.067,2.745,-0.854,0.153,0.535,100.933,-30.312,34.188,-10.0,0.0,-0.011180929100722974,0.0
1790077078.166315,140305.0,56.592,15.784,171.048,0.158,0.825,2.616,-0.854,0.152,0.536,100.933,-30.36,34.188,-9.7,-0.1,-0.011180929100722974,0.0
1790077078.171278,140310.0,56.599,15.788,171.059,0.41,0.605,2.504,-0.853,0.152,0.538,100.933,-30.408,34.188,-9.1,-0.1,-0.008180929100722975,0.0
1790077078.176428,140315.0,56.605,15.792,171.07,0.584,0.425,2.423,-0.853,0.152,0.538,100.933,-30.468,34.188,-9.1,0.0,-0.008180929100722975,0.0
1790077078.202643,140320.0,56.611,15.796,171.079,0.702,0.26,2.375,-0.854,0.152,0.538,100.933,-30.564,34.188,-8.8,-0.2,0.0,0.0
1790077078.202742,140326.0,56.616,15.799,171.088,0.798,0.119,2.378,-0.855,0.151,0.538,100.933,-30.612,34.2,-8.2,0.0,0.0,0.0
1790077078.202771,140331.0,56.62,15.803,171.097,0.868,0.011,2.378,-0.855,0.15,0.539,100.933,-30.648,34.188,-7.7,-0.1,0.0,0.0
1790077078.202793,140337.0,56.624,15.807,171.104,0.982,-0.086,2.362,-0.854,0.15,0.539,100.933,-30.696,34.188,-7.5,0.0,0.0,0.0
1790077078.2045429,140343.0,56.628,15.81,171.111,1.149,-0.194,2.312,-0.854,0.149,0.54,100.933,-30.732,34.188,-7.5,0.0,0.0,0.0
1790077078.2109299,140349.0,56.632,15.817,171.122,1.572,-0.446,2.148,-0.853,0.149,0.539,100.933,-30.768,34.2,-6.5,0.0,0.0,0.0
1790077078.2165241,140355.0,56.634,15.821,171.125,1.781,-0.579,2.079,-0.853,0.149,0.538,100.933,-30.78,34.2,-5.5,0.2,0.0,0.0
1790077078.2218418,140360.0,56.636,15.825,171.128,1.95,-0.8,2.053,-0.854,0.148,0.536,100.933,-30.804,34.188,-4.3,-0.1,0.0,0.0
1790077078.2272131,140366.0,56.636,15.83,171.13,2.109,-1.093,2.03,-0.854,0.148,0.535,100.933,-30.804,34.188,-2.2,-0.2,0.0,0.0
1790077078.2421818,140372.0,56.635,15.834,171.131,2.307,-1.381,1.989,-0.854,0.148,0.535,100.933,-30.804,34.188,-1.4,0.0,0.0,0.0
1790077078.2423291,140377.0,56.633,15.838,171.131,2.554,-1.671,1.904,-0.853,0.147,0.535,100.933,-30.804,34.188,-0.8,0.0,0.0,0.0
1790077078.245049,140383.0,56.629,15.842,171.128,2.812,-1.932,1.798,-0.851,0.147,0.535,100.933,-30.792,34.2,0.1,0.1,0.0,0.0
1790077078.2571259,140389.0,56.624,15.845,171.124,3.063,-2.164,1.731,-0.85,0.146,0.535,100.933,-30.804,34.2,-0.3,0.3,0.0,0.0
1790077078.257195,140395.0,56.612,15.853,171.114,3.39,-2.447,1.739,-0.849,0.145,0.535,100.933,-30.804,34.2,0.0,0.0,0.0,0.0
1790077078.261747,140400.0,56.612,15.853,171.114,3.39,-2.447,1.739,-0.849,0.145,0.535,100.933,-30.804,34.2,-0.1,0.1,0.0,0.0
1790077078.2742379,140406.0,56.598,15.863,171.105,3.497,-2.638,1.902,-0.849,0.144,0.535,100.933,-30.804,34.2,-0.4,0.0,0.0,0.0
1790077078.2743208,140411.0,56.591,15.869,171.101,3.564,-2.657,1.989,-0.849,0.143,0.535,100.933,-30.804,34.188,0.0,-0.1,0.0,0.0
1790077078.278093,140416.0,56.583,15.876,171.098,3.642,-2.703,2.039,-0.849,0.143,0.535,100.933,-30.804,34.2,-0.1,0.1,0.0,0.0
1790077078.2879071,140422.0,56.575,15.883,171.094,3.738,-2.801,2.098,-0.849,0.143,0.535,100.933,-30.804,34.188,-0.1,0.0,0.0,0.0
1790077078.289077,140427.0,56.567,15.891,171.091,3.872,-2.896,2.159,-0.849,0.143,0.534,100.933,-30.804,34.188,0.2,-0.2,0.0,0.0
1790077078.293598,140432.0,56.558,15.901,171.089,3.996,-2.99,2.204,-0.849,0.145,0.532,100.933,-30.804,34.2,0.2,0.1,0.0,0.0
1790077078.305396,140438.0,56.549,15.912,171.087,4.045,-3.09,2.224,-0.85,0.146,0.53,100.933,-30.804,34.2,-0.1,0.3,0.0,0.0
1790077078.305577,140444.0,56.541,15.923,171.086,4.013,-3.164,2.248,-0.851,0.147,0.528,100.933,-30.804,34.188,0.0,-0.2,0.0,0.0
1790077078.3107169,140449.0,56.532,15.934,171.086,3.952,-3.253,2.311,-0.852,0.148,0.526,100.933,-30.804,34.2,0.1,0.0,0.0,0.0
1790077078.321434,140455.0,56.514,15.959,171.087,3.835,-3.407,2.444,-0.852,0.149,0.524,100.932,-30.804,34.188,0.0,-0.1,0.0,0.0
1790077078.321512,140460.0,56.504,15.971,171.089,3.776,-3.476,2.494,-0.852,0.149,0.524,100.932,-30.804,34.188,0.0,0.0,0.0,0.0
1790077078.326207,140465.0,56.495,15.983,171.09,3.692,-3.537,2.533,-0.852,0.15,0.523,100.932,-30.804,34.188,0.0,0.0,0.0,0.0
1790077078.344934,140471.0,56.485,15.995,171.092,3.637,-3.586,2.577,-0.851,0.15,0.523,100.932,-30.804,34.2,0.2,0.1,0.0,0.0
1790077078.345057,140476.0,56.474,16.008,171.095,3.595,-3.658,2.635,-0.85,0.15,0.523,100.932,-30.804,34.188,0.0,-0.1,0.0,0.0
1790077078.345098,140482.0,56.463,16.02,171.097,3.538,-3.72,2.68,-0.849,0.151,0.522,100.932,-30.804,34.2,0.2,0.0,0.0,0.0
1790077078.353287,140488.0,56.452,16.033,171.101,3.439,-3.772,2.746,-0.848,0.151,0.521,100.932,-30.804,34.2,-0.2,0.1,0.0,0.0
1790077078.354208,140493.0,56.441,16.045,171.105,3.289,-3.838,2.851,-0.847,0.151,0.52,100.932,-30.804,34.188,0.1,-0.2,0.0,0.0
1790077078.360966,140499.0,56.416,16.069,171.114,2.986,-4.022,3.046,-0.846,0.15,0.518,100.932,-30.804,34.188,0.0,-0.2,0.0,0.0
1790077078.377013,140505.0,56.404,16.08,171.12,2.843,-4.139,3.139,-0.846,0.15,0.518,100.932,-30.804,34.2,0.2,0.1,0.0,0.0
1790077078.377106,140511.0,56.39,16.091,171.126,2.713,-4.255,3.238,-0.846,0.15,0.517,100.932,-30.804,34.188,0.0,-0.2,0.0,0.0
1790077078.377247,140516.0,56.377,16.103,171.133,2.586,-4.363,3.335,-0.846,0.15,0.516,100.932,-30.804,34.2,-0.2,0.1,0.0,0.0
1790077078.396847,140521.0,56.363,16.114,171.141,2.429,-4.425,3.451,-0.846,0.151,0.515,100.932,-30.804,34.2,0.0,0.2,0.0,0.0
1790077078.396937,140527.0,56.348,16.126,171.15,2.26,-4.512,3.541,-0.846,0.152,0.515,100.932,-30.804,34.2,0.2,0.1,0.0,0.0
1790077078.396967,140532.0,56.333,16.137,171.16,2.069,-4.611,3.636,-0.846,0.153,0.515,100.932,-30.804,34.2,-0.4,-0.1,0.0,0.0
1790077078.404597,140538.0,56.317,16.148,171.17,1.886,-4.685,3.725,-0.846,0.153,0.516,100.932,-30.804,34.188,-0.1,-0.1,0.0,0.0
1790077078.406379,140544.0,56.284,16.168,171.191,1.55,-4.799,3.879,-0.845,0.153,0.518,100.932,-30.804,34.188,0.0,-0.1,0.0,0.0
1790077078.411328,140549.0,56.267,16.177,171.203,1.385,-4.844,3.986,-0.846,0.153,0.519,100.932,-30.804,34.2,0.1,0.1,0.0,0.0
1790077078.416484,140555.0,56.249,16.186,171.216,1.224,-4.894,4.095,-0.846,0.153,0.52,100.932,-30.804,34.188,0.0,-0.2,0.0,0.0
1790077078.462677,140561.0,56.231,16.195,171.229,1.061,-4.936,4.219,-0.847,0.154,0.521,100.932,-30.804,34.188,0.1,0.0,0.0,0.0
1790077078.462828,140566.0,56.213,16.204,171.243,0.906,-4.956,4.341,-0.848,0.154,0.522,100.932,-30.804,34.2,-0.2,0.1,0.0,0.0
1790077078.4628658,140572.0,56.194,16.214,171.259,0.741,-4.978,4.46,-0.849,0.155,0.523,100.932,-30.804,34.2,0.1,0.0,0.0,0.0
1790077078.463757,140577.0,56.175,16.223,171.275,0.591,-4.999,4.562,-0.85,0.156,0.524,100.933,-30.804,34.188,0.0,0.0,0.0,0.0
1790077078.463818,140582.0,56.156,16.233,171.293,0.43,-5.01,4.631,-0.851,0.157,0.525,100.933,-30.804,34.188,0.0,0.0,0.0,0.0
1790077078.463841,140587.0,56.137,16.242,171.311,0.278,-5.036,4.718,-0.852,0.157,0.526,100.933,-30.804,34.2,0.0,0.0,0.0,0.0
1790077078.463862,140593.0,56.117,16.251,171.329,0.154,-5.052,4.778,-0.853,0.158,0.527,100.933,-30.804,34.2,-0.1,0.0,0.0,0.0
1790077078.4638872,140599.0,56.097,16.26,171.348,0.0,-5.038,4.8,-0.854,0.159,0.529,100.933,-30.804,34.2,0.0,0.1,0.0,0.0
1790077078.496939,140604.0,56.058,16.277,171.388,-0.3,-4.92,4.873,-0.854,0.161,0.533,100.933,-30.804,34.2,0.0,0.0,0.0,0.0
1790077078.497026,140609.0,56.038,16.284,171.408,-0.448,-4.789,4.882,-0.854,0.162,0.534,100.933,-30.804,34.2,0.0,0.0,0.0,0.0
1790077078.497178,140614.0,56.019,16.292,171.429,-0.577,-4.663,4.887,-0.853,0.162,0.536,100.933,-30.804,34.188,0.0,-0.2,0.0,0.0
1790077078.497208,140620.0,56.0,16.299,171.45,-0.695,-4.586,4.86,-0.852,0.163,0.537,100.933,-30.804,34.2,0.0,0.0,0.0,0.0
1790077078.497229,140625.0,55.981,16.305,171.47,-0.788,-4.485,4.826,-0.85,0.163,0.539,100.933,-30.804,34.2,0.0,0.1,0.0,0.0
1790077078.49725,140631.0,55.962,16.311,171.491,-0.847,-4.363,4.797,-0.849,0.164,0.54,100.933,-30.804,34.188,-0.2,-0.1,0.0,0.0
1790077078.497354,140636.0,55.944,16.317,171.512,-0.893,-4.219,4.765,-0.847,0.164,0.542,100.932,-30.804,34.2,0.1,0.0,0.0,0.0
1790077078.503507,140641.0,55.925,16.323,171.533,-0.924,-4.03,4.731,-0.846,0.165,0.543,100.932,-30.804,34.2,0.1,0.0,0.0,0.0
1790077078.510199,140647.0,55.908,16.329,171.554,-0.974,-3.808,4.692,-0.844,0.165,0.545,100.932,-30.804,34.188,0.0,-0.2,0.0,0.0
1790077078.5242848,140652.0,55.891,16.335,171.575,-1.036,-3.577,4.642,-0.843,0.166,0.547,100.932,-30.804,34.2,0.1,0.0,0.0,0.0
1790077078.524482,140658.0,55.876,16.34,171.597,-1.044,-3.316,4.554,-0.841,0.166,0.548,100.932,-30.804,34.2,0.0,0.2,0.0,0.0
1790077078.525889,140663.0,55.861,16.345,171.618,-1.046,-3.009,4.458,-0.84,0.166,0.55,100.932,-30.804,34.188,0.0,-0.1,0.0,0.0
1790077078.543468,140669.0,55.837,16.356,171.66,-1.026,-2.292,4.256,-0.838,0.167,0.554,100.932,-30.804,34.2,0.0,0.1,0.0,0.0
1790077078.5435572,140675.0,55.827,16.36,171.68,-1.014,-1.971,4.118,-0.838,0.167,0.556,100.932,-30.804,34.2,-0.3,0.0,0.0,0.0
1790077078.543792,140681.0,55.818,16.365,171.7,-0.975,-1.652,3.978,-0.839,0.168,0.558,100.932,-30.804,34.2,0.0,0.0,0.0,0.0
1790077078.559267,140686.0,55.811,16.369,171.719,-0.92,-1.333,3.85,-0.839,0.167,0.559,100.932,-30.804,34.2,0.0,0.0,0.0,0.0
1790077078.559347,140692.0,55.805,16.373,171.738,-0.861,-0.99,3.699,-0.839,0.167,0.56,100.932,-30.804,34.2,-0.2,0.0,0.0,0.0
1790077078.559533,140698.0,55.802,16.377,171.756,-0.809,-0.626,3.554,-0.84,0.167,0.561,100.933,-30.804,34.188,0.0,-0.2,0.0,0.0
1790077078.569416,140704.0,55.8,16.381,171.774,-0.747,-0.26,3.416,-0.841,0.167,0.562,100.933,-30.804,34.188,-0.1,0.0,0.0,0.0
1790077078.5707588,140709.0,55.8,16.384,171.792,-0.671,0.111,3.28,-0.842,0.167,0.562,100.933,-30.804,34.188,0.0,0.0,0.0,0.0
1790077078.5763688,140715.0,55.806,16.392,171.826,-0.534,0.77,3.02,-0.843,0.166,0.562,100.933,-30.804,34.188,0.2,0.0,0.0,0.0
1790077078.606965,140721.0,55.812,16.396,171.842,-0.43,1.067,2.909,-0.843,0.166,0.561,100.933,-30.804,34.2,-0.1,0.2,0.0,0.0
1790077078.607189,140727.0,55.82,16.4,171.858,-0.333,1.346,2.807,-0.844,0.165,0.561,100.933,-30.804,34.2,0.0,0.0,0.0,0.0
1790077078.607232,140733.0,55.828,16.404,171.874,-0.226,1.581,2.718,-0.845,0.164,0.56,100.933,-30.804,34.2,-0.2,0.0,0.0,0.0
1790077078.6072562,140738.0,55.839,16.408,171.889,-0.132,1.797,2.637,-0.845,0.163,0.559,100.933,-30.804,34.2,0.0,0.2,0.0,0.0
1790077078.60728,140744.0,55.85,16.412,171.904,-0.057,2.02,2.589,-0.846,0.162,0.558,100.933,-30.804,34.188,0.0,-0.2,0.0,0.0
1790077078.610296,140749.0,55.878,16.422,171.934,0.066,2.403,2.526,-0.847,0.16,0.555,100.933,-30.804,34.2,0.1,0.0,0.0,0.0
1790077078.6209412,140755.0,55.878,16.422,171.934,0.066,2.403,2.526,-0.847,0.16,0.555,100.933,-30.804,34.2,0.2,0.0,0.0,0.0
1790077078.6225688,140761.0,55.909,16.433,171.965,0.233,2.692,2.497,-0.849,0.158,0.553,100.933,-30.804,34.2,0.0,0.1,0.0,0.0
1790077078.6272159,140766.0,55.926,16.439,171.98,0.304,2.806,2.477,-0.85,0.157,0.553,100.933,-30.804,34.188,0.0,-0.1,0.0,0.0
1790077078.63606,140771.0,55.944,16.445,171.995,0.394,2.904,2.454,-0.85,0.157,0.553,100.933,-30.804,34.188,0.0,0.0,0.0,0.0
1790077078.6385229,140777.0,55.961,16.451,172.01,0.457,2.982,2.472,-0.851,0.156,0.552,100.933,-30.804,34.2,-0.3,0.1,0.0,0.0
1790077078.656897,140783.0,55.979,16.459,172.026,0.503,3.03,2.523,-0.851,0.156,0.552,100.933,-30.804,34.188,-0.1,-0.2,0.0,0.0
1790077078.65697,140789.0,56.016,16.475,172.059,0.625,3.153,2.574,-0.851,0.156,0.551,100.933,-30.804,34.188,0.1,0.0,0.0,0.0
1790077078.6569972,140794.0,56.035,16.484,172.076,0.673,3.236,2.597,-0.85,0.156,0.55,100.933,-30.804,34.2,0.0,0.1,0.0,0.0
1790077078.662445,140800.0,56.035,16.484,172.076,0.673,3.236,2.597,-0.85,0.156,0.55,100.933,-30.804,34.2,-0.2,0.3,0.0,0.0
1790077078.671377,140806.0,56.074,16.504,172.111,0.743,3.318,2.697,-0.85,0.155,0.548,100.933,-30.804,34.188,0.2,0.0,0.0,0.0
1790077078.672919,140811.0,56.093,16.515,172.13,0.781,3.352,2.782,-0.85,0.155,0.547,100.933,-30.804,34.2,0.0,0.3,0.0,0.0
1790077078.6790102,140818.0,56.113,16.527,172.15,0.856,3.356,2.864,-0.85,0.155,0.546,100.933,-30.804,34.188,0.0,-0.1,0.0,0.0
1790077078.6842802,140823.0,56.132,16.54,172.17,0.958,3.348,2.926,-0.85,0.155,0.544,100.933,-30.804,34.2,0.0,0.0,0.0,0.0
1790077078.6908832,140829.0,56.152,16.554,172.191,1.032,3.327,3.003,-0.85,0.155,0.543,100.933,-30.804,34.188,-0.2,-0.1,0.0,0.0
1790077078.695269,140834.0,56.191,16.585,172.235,1.084,3.284,3.161,-0.85,0.155,0.541,100.933,-30.804,34.188,0.2,0.0,0.0,0.0
1790077078.7050781,140840.0,56.209,16.602,172.258,1.104,3.206,3.242,-0.85,0.155,0.54,100.933,-30.804,34.2,0.0,0.0,0.0,0.0
1790077078.707226,140846.0,56.228,16.619,172.282,1.147,3.12,3.331,-0.85,0.155,0.539,100.933,-30.804,34.188,0.1,0.0,0.0,0.0
1790077078.712207,140851.0,56.246,16.637,172.306,1.179,3.052,3.438,-0.851,0.155,0.538,100.933,-30.804,34.188,0.1,0.0,0.0,0.0
1790077078.721998,140857.0,56.264,16.656,172.332,1.186,2.962,3.523,-0.851,0.155,0.536,100.933,-30.804,34.188,-0.3,-0.1,0.0,0.0
1790077078.723583,140862.0,56.282,16.675,172.357,1.176,2.821,3.625,-0.852,0.155,0.535,100.933,-30.804,34.2,0.0,0.3,0.0,0.0
1790077078.728708,140867.0,56.298,16.695,172.384,1.158,2.667,3.717,-0.852,0.156,0.533,100.933,-30.804,34.188,-0.1,0.0,0.0,0.0
1790077078.738152,140873.0,56.314,16.715,172.41,1.158,2.521,3.764,-0.852,0.156,0.532,100.933,-30.804,34.2,0.0,0.0,0.0,0.0
1790077078.7406101,140879.0,56.344,16.755,172.464,1.174,2.14,3.844,-0.852,0.157,0.531,100.933,-30.804,34.188,-0.1,0.0,0.0,0.0
1790077078.746594,140885.0,56.357,16.775,172.491,1.131,1.962,3.916,-0.852,0.157,0.53,100.934,-30.804,34.2,0.0,0.1,0.0,0.0
1790077078.7769349,140890.0,56.37,16.795,172.518,1.055,1.771,3.967,-0.852,0.157,0.53,100.934,-30.804,34.188,0.1,0.0,0.0,0.0
1790077078.777075,140896.0,56.381,16.815,172.544,1.009,1.569,3.988,-0.851,0.158,0.53,100.934,-30.804,34.188,0.0,0.0,0.0,0.0
1790077078.7771058,140902.0,56.391,16.834,172.57,1.0,1.36,3.995,-0.851,0.158,0.53,100.934,-30.804,34.188,0.0,0.0,0.0,0.0
1790077078.777128,140907.0,56.4,16.853,172.596,1.007,1.19,4.011,-0.85,0.158,0.53,100.934,-30.804,34.2,0.0,0.0,0.0,0.0
1790077078.777149,140913.0,56.408,16.871,172.622,0.979,1.053,4.023,-0.85,0.158,0.531,100.934,-30.804,34.2,0.0,0.2,0.0,0.0
1790077078.788971,140919.0,56.416,16.889,172.647,0.932,0.936,4.045,-0.849,0.159,0.531,100.934,-30.804,34.188,0.0,-0.1,0.0,0.0
1790077078.789033,140925.0,56.428,16.924,172.697,0.926,0.661,4.05,-0.847,0.159,0.531,100.934,-30.804,34.188,0.1,-0.1,0.0,0.0
1790077078.79165,140930.0,56.433,16.941,172.721,0.915,0.503,4.062,-0.845,0.159,0.531,100.934,-30.804,34.2,0.0,0.0,0.0,0.0
1790077078.797461,140936.0,56.436,16.958,172.746,0.894,0.356,4.069,-0.844,0.16,0.531,100.934,-30.792,34.2,0.2,0.0,0.0,0.0
1790077078.8127859,140941.0,56.44,16.975,172.77,0.884,0.207,4.09,-0.843,0.16,0.531,100.934,-30.804,34.188,0.0,0.0,0.0,0.0
1790077078.812864,140946.0,56.442,16.991,172.794,0.872,0.073,4.098,-0.843,0.161,0.53,100.932,-30.804,34.188,0.0,-0.1,0.0,0.0
1790077078.812895,140951.0,56.444,17.008,172.818,0.853,-0.046,4.09,-0.842,0.162,0.529,100.932,-30.804,34.188,-0.2,-0.1,0.0,0.0
1790077078.817944,140956.0,56.445,17.025,172.842,0.845,-0.174,4.063,-0.842,0.163,0.528,100.932,-30.804,34.188,-0.2,0.0,0.0,0.0
1790077078.826163,140962.0,56.446,17.041,172.865,0.827,-0.329,4.009,-0.841,0.163,0.528,100.932,-30.804,34.2,0.1,0.2,0.0,0.0
1790077078.828703,140967.0,56.446,17.056,172.888,0.767,-0.503,3.96,-0.84,0.165,0.528,100.932,-30.804,34.2,0.2,0.1,0.0,0.0
1790077078.9131892,140973.0,56.445,17.071,172.909,0.708,-0.649,3.896,-0.84,0.165,0.528,100.932,-30.804,34.188,0.0,-0.1,0.0,0.0
1790077078.913725,140979.0,56.441,17.097,172.95,0.65,-0.897,3.762,-0.838,0.166,0.528,100.932,-30.804,34.2,0.0,0.2,0.0,0.0
1790077078.913852,140984.0,56.438,17.109,172.969,0.6,-1.022,3.674,-0.838,0.165,0.529,100.932,-30.804,34.188,-0.2,-0.1,0.0,0.0
1790077078.913884,140990.0,56.435,17.119,172.987,0.573,-1.127,3.598,-0.836,0.165,0.529,100.932,-30.804,34.2,0.3,0.0,0.0,0.0
1790077078.91396,140995.0,56.431,17.128,173.003,0.552,-1.235,3.549,-0.835,0.165,0.53,100.932,-30.804,34.2,-0.2,0.1,0.0,0.0
1790077078.914134,141001.0,56.426,17.136,173.019,0.481,-1.317,3.487,-0.835,0.164,0.531,100.932,-30.804,34.2,0.0,0.0,0.0,0.0
1790077078.914158,141006.0,56.421,17.143,173.034,0.412,-1.382,3.433,-0.834,0.164,0.531,100.933,-30.804,34.188,0.2,0.0,0.0,0.0
1790077078.915075,141011.0,56.416,17.149,173.048,0.359,-1.457,3.394,-0.834,0.163,0.531,100.933,-30.804,34.188,0.2,0.0,0.0,0.0
1790077078.915222,141017.0,56.411,17.153,173.06,0.31,-1.523,3.324,-0.834,0.162,0.531,100.933,-30.804,34.2,-0.1,0.0,0.0,0.0
1790077078.915313,141022.0,56.405,17.157,173.073,0.263,-1.592,3.259,-0.834,0.162,0.531,100.933,-30.804,34.2,-0.2,0.0,0.0,0.0
1790077078.915345,141027.0,56.4,17.16,173.084,0.178,-1.66,3.2,-0.835,0.163,0.531,100.933,-30.804,34.188,-0.1,0.0,0.0,0.0
1790077078.9153652,141033.0,56.394,17.162,173.096,0.091,-1.723,3.14,-0.835,0.165,0.531,100.933,-30.804,34.2,0.0,0.1,0.0,0.0
1790077078.9153862,141038.0,56.387,17.165,173.107,0.012,-1.789,3.087,-0.835,0.166,0.531,100.933,-30.804,34.188,0.1,-0.1,0.0,0.0
1790077078.915406,141044.0,56.381,17.166,173.118,-0.068,-1.855,3.01,-0.835,0.168,0.531,100.933,-30.804,34.2,0.0,0.2,0.0,0.0
1790077078.915426,141049.0,56.368,17.167,173.138,-0.272,-2.023,2.825,-0.837,0.17,0.531,100.933,-30.804,34.2,-0.1,0.1,0.0,0.0
1790077078.916391,141054.0,56.361,17.166,173.147,-0.368,-2.118,2.756,-0.837,0.17,0.53,100.933,-30.804,34.2,0.0,0.0,0.0,0.0
1790077078.921275,141060.0,56.353,17.163,173.156,-0.466,-2.228,2.681,-0.837,0.171,0.53,100.933,-30.804,34.188,0.0,-0.2,0.0,0.0
1790077078.926687,141065.0,56.346,17.16,173.162,-0.557,-2.369,2.57,-0.838,0.171,0.53,100.933,-30.804,34.2,0.0,0.1,0.0,0.0
1790077078.9320152,141070.0,56.337,17.154,173.168,-0.621,-2.497,2.46,-0.838,0.17,0.53,100.933,-30.804,34.2,0.0,0.1,0.0,0.0
1790077078.9382799,141076.0,56.329,17.147,173.172,-0.671,-2.641,2.38,-0.839,0.17,0.531,100.933,-30.804,34.2,-0.1,-0.1,0.0,0.0
1790077078.943562,141082.0,56.32,17.139,173.175,-0.734,-2.777,2.296,-0.84,0.169,0.531,100.933,-30.804,34.188,-0.1,-0.2,0.0,0.0
1790077078.958878,141088.0,56.311,17.129,173.176,-0.788,-2.868,2.216,-0.841,0.168,0.532,100.933,-30.804,34.2,0.0,0.2,0.0,0.0
1790077078.959006,141093.0,56.301,17.118,173.177,-0.843,-2.946,2.14,-0.842,0.168,0.533,100.933,-30.804,34.2,0.1,0.0,0.0,0.0
1790077078.959177,141098.0,56.291,17.106,173.176,-0.903,-3.046,2.046,-0.843,0.168,0.534,100.933,-30.804,34.2,0.0,0.0,0.0,0.0
1790077078.971682,141104.0,56.27,17.077,173.171,-1.052,-3.223,1.856,-0.844,0.167,0.536,100.933,-30.804,34.188,0.1,0.0,0.0,0.0
1790077078.972012,141109.0,56.26,17.061,173.167,-1.097,-3.277,1.75,-0.845,0.167,0.537,100.933,-30.804,34.188,0.0,-0.1,0.0,0.0
1790077078.9761012,141114.0,56.26,17.061,173.167,-1.097,-3.277,1.75,-0.845,0.167,0.537,100.933,-30.804,34.188,0.0,0.0,0.0,0.0
1790077078.988064,141120.0,56.237,17.025,173.155,-1.089,-3.387,1.558,-0.845,0.167,0.54,100.933,-30.804,34.188,0.0,0.0,0.0,0.0
1790077078.9881332,141125.0,56.226,17.006,173.147,-1.099,-3.44,1.444,-0.845,0.167,0.541,100.932,-30.804,34.188,-0.2,0.5,0.0,0.0
1790077078.991648,141130.0,56.214,16.985,173.138,-1.122,-3.498,1.323,-0.844,0.167,0.542,100.932,-30.804,34.188,0.0,-0.2,0.0,0.0
1790077078.9966762,141135.0,56.202,16.963,173.128,-1.099,-3.558,1.22,-0.844,0.166,0.543,100.932,-30.804,34.2,0.0,0.2,0.0,0.0
1790077079.003674,141141.0,56.189,16.941,173.117,-1.085,-3.588,1.16,-0.843,0.166,0.544,100.932,-30.804,34.188,0.0,0.0,0.0,0.0
1790077079.009859,141147.0,56.177,16.919,173.106,-1.067,-3.589,1.109,-0.843,0.166,0.545,100.932,-30.804,34.188,0.0,-0.1,0.0,0.0
1790077079.020746,141153.0,56.164,16.896,173.094,-1.003,-3.566,1.032,-0.842,0.165,0.545,100.932,-30.804,34.188,-0.3,0.0,0.0,0.0
1790077079.020808,141158.0,56.152,16.873,173.081,-0.935,-3.545,0.954,-0.841,0.164,0.545,100.932,-30.804,34.2,0.0,0.0,0.0,0.0
1790077079.025292,141164.0,56.14,16.849,173.067,-0.881,-3.533,0.886,-0.84,0.164,0.545,100.932,-30.804,34.188,-0.1,0.0,0.0,0.0
1790077079.030547,141169.0,56.116,16.801,173.038,-0.761,-3.5,0.704,-0.838,0.163,0.546,100.932,-30.804,34.2,0.0,0.0,0.0,0.0
1790077079.037059,141174.0,56.105,16.776,173.022,-0.731,-3.494,0.631,-0.838,0.162,0.546,100.932,-30.804,34.2,0.0,0.1,0.0,0.0
1790077079.0415108,141180.0,56.093,16.751,173.005,-0.674,-3.455,0.58,-0.838,0.161,0.547,100.932,-30.804,34.188,0.0,-0.2,0.0,0.0
1790077079.047062,141186.0,56.082,16.725,172.988,-0.563,-3.404,0.532,-0.838,0.16,0.547,100.932,-30.804,34.2,-0.1,0.2,0.0,0.0
1790077079.055042,141191.0,56.071,16.7,172.97,-0.456,-3.363,0.462,-0.838,0.159,0.547,100.932,-30.804,34.2,0.0,0.1,0.0,0.0
1790077079.061153,141197.0,56.061,16.674,172.951,-0.359,-3.331,0.408,-0.838,0.158,0.547,100.932,-30.804,34.188,-0.1,-0.2,0.0,0.0
1790077079.0753121,141202.0,56.051,16.648,172.932,-0.284,-3.323,0.356,-0.839,0.157,0.548,100.932,-30.804,34.2,0.0,0.1,0.0,0.0
1790077079.07549,141208.0,56.04,16.622,172.912,-0.212,-3.341,0.32,-0.84,0.156,0.548,100.932,-30.804,34.2,0.1,0.0,0.0,0.0
1790077079.075566,141214.0,56.021,16.571,172.872,0.012,-3.287,0.323,-0.842,0.156,0.548,100.932,-30.804,34.188,0.1,-0.2,0.0,0.0
1790077079.0819042,141220.0,56.012,16.547,172.853,0.137,-3.301,0.344,-0.843,0.155,0.547,100.932,-30.804,34.2,-0.1,0.1,0.0,0.0
1790077079.0880451,141226.0,56.003,16.524,172.834,0.239,-3.321,0.364,-0.844,0.156,0.547,100.932,-30.804,34.188,0.1,-0.2,0.0,0.0
1790077079.093651,141232.0,55.994,16.502,172.815,0.309,-3.327,0.391,-0.845,0.156,0.546,100.932,-30.804,34.188,-0.2,-0.3,0.0,0.0
1790077079.108793,141237.0,55.985,16.481,172.797,0.385,-3.341,0.433,-0.846,0.156,0.545,100.932,-30.804,34.188,0.1,0.0,0.0,0.0
1790077079.108907,141243.0,55.976,16.46,172.78,0.458,-3.347,0.466,-0.846,0.156,0.544,100.932,-30.804,34.2,0.0,0.2,0.0,0.0
1790077079.11024,141249.0,55.968,16.44,172.763,0.519,-3.351,0.482,-0.846,0.156,0.543,100.933,-30.804,34.188,0.0,0.0,0.0,0.0
1790077079.1224608,141254.0,55.952,16.403,172.729,0.66,-3.38,0.552,-0.846,0.155,0.54,100.933,-30.804,34.2,0.2,0.0,0.0,0.0
1790077079.122535,141259.0,55.943,16.385,172.713,0.686,-3.413,0.6,-0.845,0.155,0.54,100.933,-30.804,34.2,0.0,0.0,0.0,0.0
1790077079.126992,141266.0,55.935,16.367,172.697,0.709,-3.446,0.663,-0.844,0.154,0.539,100.933,-30.804,34.2,0.2,0.1,0.0,0.0
1790077079.132229,141271.0,55.926,16.349,172.681,0.737,-3.509,0.718,-0.843,0.153,0.538,100.933,-30.804,34.188,-0.3,-0.1,0.0,0.0
1790077079.138113,141276.0,55.917,16.332,172.666,0.776,-3.56,0.798,-0.843,0.153,0.538,100.933,-30.804,34.188,-0.1,-0.1,0.0,0.0
1790077079.1436238,141282.0,55.908,16.316,172.651,0.805,-3.609,0.894,-0.843,0.152,0.539,100.933,-30.804,34.188,0.2,0.0,0.0,0.0
1790077079.152982,141287.0,55.898,16.3,172.637,0.858,-3.67,0.982,-0.843,0.152,0.539,100.933,-30.804,34.2,-0.2,0.0,0.0,0.0
1790077079.154528,141293.0,55.887,16.285,172.623,0.949,-3.721,1.091,-0.844,0.151,0.54,100.933,-30.804,34.2,-0.1,0.1,0.0,0.0
1790077079.160627,141299.0,55.877,16.271,172.611,1.024,-3.743,1.192,-0.844,0.151,0.54,100.933,-30.804,34.2,0.0,0.1,0.0,0.0
1790077079.171372,141304.0,55.856,16.245,172.587,1.1,-3.793,1.361,-0.845,0.151,0.541,100.933,-30.804,34.188,0.2,-0.2,0.0,0.0
1790077079.171914,141310.0,55.844,16.234,172.576,1.123,-3.834,1.448,-0.846,0.151,0.541,100.933,-30.804,34.188,0.0,0.0,0.0,0.0
1790077079.176726,141315.0,55.833,16.223,172.567,1.197,-3.872,1.546,-0.846,0.152,0.542,100.933,-30.804,34.188,0.0,-0.1,0.0,0.0
1790077079.188983,141321.0,55.821,16.213,172.557,1.272,-3.922,1.603,-0.847,0.152,0.542,100.933,-30.804,34.188,0.1,0.0,0.0,0.0
1790077079.189066,141327.0,55.809,16.204,172.548,1.353,-3.945,1.666,-0.847,0.152,0.542,100.933,-30.804,34.2,-0.1,0.1,0.0,0.0
1790077079.194452,141333.0,55.797,16.196,172.54,1.425,-3.945,1.756,-0.847,0.152,0.543,100.933,-30.804,34.2,0.0,0.1,0.0,0.0
1790077079.201718,141339.0,55.773,16.183,172.526,1.498,-3.941,1.913,-0.847,0.152,0.543,100.933,-30.804,34.188,0.0,0.0,0.0,0.0
1790077079.20703,141345.0,55.761,16.178,172.52,1.541,-3.908,1.983,-0.848,0.152,0.543,100.933,-30.804,34.188,0.2,-0.1,0.0,0.0
1790077079.2121542,141351.0,55.749,16.173,172.515,1.611,-3.89,2.041,-0.848,0.153,0.542,100.933,-30.804,34.2,0.0,0.2,0.0,0.0
1790077079.222446,141356.0,55.737,16.17,172.511,1.681,-3.867,2.124,-0.848,0.153,0.542,100.933,-30.804,34.188,0.0,-0.2,0.0,0.0
1790077079.223562,141362.0,55.726,16.168,172.507,1.741,-3.824,2.224,-0.848,0.153,0.542,100.933,-30.804,34.188,-0.1,-0.1,0.0,0.0
1790077079.2293582,141368.0,55.714,16.166,172.505,1.795,-3.789,2.284,-0.848,0.153,0.542,100.933,-30.804,34.188,0.0,-0.3,0.0,0.0
1790077079.2352169,141374.0,55.691,16.167,172.502,1.915,-3.766,2.392,-0.848,0.155,0.542,100.932,-30.804,34.2,0.0,0.0,0.0,0.0
1790077079.240588,141379.0,55.679,16.168,172.501,1.935,-3.709,2.446,-0.847,0.156,0.542,100.932,-30.804,34.2,0.2,0.0,0.0,0.0
1790077079.245627,141384.0,55.668,16.171,172.502,1.954,-3.646,2.475,-0.847,0.157,0.542,100.932,-30.804,34.2,0.0,0.3,0.0,0.0
1790077079.253645,141390.0,55.657,16.174,172.503,1.978,-3.571,2.489,-0.846,0.157,0.542,100.932,-30.804,34.188,-0.3,-0.1,0.0,0.0
1790077079.2566788,141395.0,55.646,16.178,172.504,2.004,-3.487,2.497,-0.846,0.158,0.543,100.932,-30.804,34.2,0.1,0.0,0.0,0.0
1790077079.261218,141400.0,55.636,16.182,172.506,2.015,-3.417,2.531,-0.845,0.159,0.543,100.932,-30.804,34.188,0.1,0.0,0.0,0.0
1790077079.266668,141405.0,55.625,16.187,172.509,2.011,-3.326,2.564,-0.844,0.159,0.544,100.932,-30.804,34.188,0.0,-0.3,0.0,0.0
1790077079.272327,141411.0,55.615,16.192,172.512,2.007,-3.228,2.567,-0.844,0.16,0.544,100.932,-30.804,34.2,0.0,0.1,0.0,0.0
1790077079.278063,141416.0,55.606,16.197,172.515,2.004,-3.108,2.571,-0.843,0.16,0.545,100.932,-30.804,34.2,-0.1,0.1,0.0,0.0
1790077079.286946,141422.0,55.596,16.203,172.519,2.035,-2.948,2.583,-0.842,0.16,0.546,100.932,-30.804,34.2,0.0,0.0,0.0,0.0
1790077079.2904,141428.0,55.587,16.209,172.523,2.079,-2.822,2.572,-0.84,0.16,0.546,100.932,-30.804,34.2,0.1,0.0,0.0,0.0
1790077079.295208,141434.0,55.579,16.216,172.527,2.093,-2.691,2.543,-0.839,0.16,0.547,100.933,-30.804,34.2,0.0,0.0,0.0,0.0
1790077079.321545,141439.0,55.564,16.229,172.536,2.168,-2.37,2.507,-0.837,0.16,0.548,100.933,-30.804,34.188,-0.1,-0.1,0.0,0.0
1790077079.3216798,141445.0,55.558,16.236,172.54,2.203,-2.195,2.492,-0.836,0.16,0.547,100.933,-30.804,34.188,0.3,0.0,0.0,0.0
1790077079.321719,141450.0,55.552,16.244,172.545,2.201,-2.054,2.499,-0.835,0.159,0.547,100.933,-30.804,34.2,-0.2,0.1,0.0,0.0
1790077079.321743,141456.0,55.547,16.251,172.55,2.211,-1.918,2.48,-0.835,0.159,0.547,100.933,-30.804,34.188,-0.1,-0.1,0.0,0.0
1790077079.324094,141462.0,55.543,16.259,172.555,2.236,-1.778,2.447,-0.835,0.159,0.547,100.933,-30.804,34.2,0.0,0.0,0.0,0.0
1790077079.329359,141468.0,55.539,16.267,172.56,2.243,-1.633,2.426,-0.835,0.16,0.546,100.933,-30.804,34.2,0.0,0.1,0.0,0.0
1790077079.33551,141474.0,55.535,16.284,172.573,2.258,-1.301,2.445,-0.836,0.16,0.546,100.933,-30.804,34.2,0.0,0.0,0.0,0.0
1790077079.341365,141480.0,55.535,16.284,172.573,2.258,-1.301,2.445,-0.836,0.16,0.546,100.933,-30.804,34.188,0.1,-0.1,0.0,0.0
1790077079.346108,141485.0,55.534,16.304,172.587,2.283,-0.986,2.454,-0.837,0.161,0.546,100.933,-30.804,34.2,0.0,0.1,0.0,0.0
1790077079.353033,141491.0,55.535,16.314,172.595,2.259,-0.84,2.469,-0.838,0.161,0.546,100.933,-30.804,34.2,0.2,0.0,0.0,0.0
1790077079.35826,141496.0,55.536,16.325,172.603,2.214,-0.708,2.482,-0.838,0.161,0.545,100.933,-30.804,34.2,-0.1,0.0,0.0,0.0
1790077079.363598,141502.0,55.538,16.336,172.612,2.171,-0.583,2.492,-0.838,0.162,0.545,100.933,-30.804,34.2,0.0,0.2,0.0,0.0
1790077079.36892,141507.0,55.541,16.347,172.622,2.129,-0.441,2.459,-0.838,0.162,0.544,100.933,-30.804,34.2,0.0,0.0,0.0,0.0
1790077079.374291,141513.0,55.545,16.358,172.631,2.114,-0.32,2.412,-0.838,0.163,0.543,100.933,-30.804,34.2,-0.2,0.0,0.0,0.0
1790077079.37923,141518.0,55.549,16.37,172.641,2.076,-0.235,2.399,-0.838,0.163,0.542,100.933,-30.804,34.2,0.0,0.2,0.0,0.0
1790077079.385824,141524.0,55.558,16.392,172.661,1.978,-0.098,2.388,-0.837,0.163,0.541,100.933,-30.804,34.2,0.2,0.0,0.0,0.0
1790077079.3907158,141529.0,55.564,16.403,172.672,1.914,-0.013,2.377,-0.837,0.163,0.54,100.933,-30.804,34.188,-0.1,-0.3,0.0,0.0
1790077079.3968441,141535.0,55.57,16.414,172.682,1.833,0.057,2.373,-0.837,0.163,0.539,100.933,-30.804,34.2,-0.1,0.0,0.0,0.0
1790077079.4024699,141541.0,55.576,16.424,172.692,1.759,0.095,2.343,-0.836,0.163,0.539,100.933,-30.804,34.2,0.0,0.3,0.0,0.0
1790077079.4122949,141546.0,55.582,16.433,172.702,1.681,0.138,2.313,-0.835,0.162,0.538,100.933,-30.804,34.2,0.1,-0.1,0.0,0.0
1790077079.41393,141552.0,55.589,16.442,172.712,1.584,0.203,2.32,-0.835,0.161,0.538,100.933,-30.804,34.188,-0.2,0.0,0.0,0.0
1790077079.41947,141557.0,55.596,16.45,172.722,1.487,0.267,2.347,-0.834,0.161,0.538,100.933,-30.804,34.2,-0.2,0.1,0.0,0.0
1790077079.423726,141562.0,55.603,16.458,172.732,1.423,0.32,2.397,-0.834,0.16,0.538,100.933,-30.804,34.2,-0.2,0.1,0.0,0.0
1790077079.429104,141567.0,55.61,16.466,172.742,1.358,0.392,2.426,-0.834,0.16,0.538,100.933,-30.804,34.2,0.0,0.0,0.0,0.0
1790077079.434483,141573.0,55.617,16.474,172.753,1.3,0.467,2.424,-0.834,0.159,0.538,100.933,-30.804,34.2,0.2,0.1,0.0,0.0
1790077079.4453602,141579.0,55.634,16.489,172.776,1.117,0.64,2.476,-0.835,0.16,0.538,100.933,-30.792,34.188,0.3,-0.2,0.0,0.0
1790077079.452097,141585.0,55.642,16.497,172.788,1.039,0.696,2.501,-0.835,0.16,0.538,100.933,-30.804,34.188,0.0,-0.2,0.0,0.0
1790077079.452241,141590.0,55.651,16.505,172.801,0.954,0.734,2.526,-0.835,0.161,0.537,100.933,-30.804,34.188,-0.1,0.0,0.0,0.0
1790077079.4599402,141595.0,55.66,16.513,172.814,0.857,0.755,2.525,-0.836,0.162,0.537,100.933,-30.804,34.2,-0.2,0.0,0.0,0.0
1790077079.4622378,141601.0,55.669,16.52,172.827,0.745,0.767,2.514,-0.836,0.163,0.536,100.933,-30.804,34.2,-0.3,0.2,0.0,0.0
1790077079.470814,141607.0,55.679,16.528,172.84,0.637,0.776,2.506,-0.837,0.163,0.535,100.933,-30.804,34.2,0.0,0.1,0.0,0.0
1790077079.4743419,141612.0,55.688,16.535,172.854,0.555,0.767,2.497,-0.837,0.163,0.534,100.933,-30.804,34.2,0.2,0.1,0.0,0.0
1790077079.505285,141618.0,55.698,16.541,172.867,0.424,0.771,2.501,-0.837,0.163,0.534,100.932,-30.804,34.188,0.2,-0.2,0.0,0.0
1790077079.505981,141624.0,55.717,16.552,172.894,0.194,0.714,2.488,-0.837,0.163,0.532,100.932,-30.804,34.2,-0.2,0.0,0.0,0.0
1790077079.506405,141630.0,55.726,16.556,172.907,0.122,0.673,2.492,-0.837,0.163,0.532,100.932,-30.804,34.2,0.0,0.1,0.0,0.0
1790077079.506656,141636.0,55.735,16.56,172.92,0.038,0.62,2.496,-0.836,0.162,0.532,100.932,-30.804,34.188,-0.1,-0.2,0.0,0.0
1790077079.507029,141641.0,55.744,16.563,172.933,-0.08,0.569,2.496,-0.836,0.162,0.532,100.932,-30.804,34.2,-0.1,0.0,0.0,0.0
1790077079.5086799,141647.0,55.752,16.565,172.946,-0.198,0.54,2.529,-0.836,0.161,0.532,100.932,-30.804,34.2,0.2,0.0,0.0,0.0
1790077079.520391,141653.0,55.761,16.567,172.958,-0.301,0.542,2.568,-0.836,0.161,0.532,100.932,-30.804,34.188,0.1,-0.1,0.0,0.0
1790077079.5204842,141659.0,55.777,16.569,172.984,-0.44,0.542,2.628,-0.836,0.16,0.533,100.932,-30.804,34.2,-0.1,0.1,0.0,0.0
1790077079.525386,141664.0,55.777,16.569,172.984,-0.44,0.542,2.628,-0.836,0.16,0.533,100.932,-30.804,34.2,0.2,0.0,0.0,0.0
1790077079.530533,141669.0,55.793,16.571,173.01,-0.531,0.46,2.637,-0.837,0.161,0.533,100.932,-30.804,34.188,-0.1,-0.3,0.0,0.0
1790077079.538367,141674.0,55.801,16.572,173.024,-0.606,0.415,2.661,-0.837,0.161,0.533,100.932,-30.804,34.2,0.0,0.0,0.0,0.0
1790077079.5418649,141680.0,55.808,16.573,173.037,-0.636,0.364,2.704,-0.837,0.161,0.533,100.932,-30.804,34.2,0.1,0.3,0.0,0.0
1790077079.547292,141686.0,55.815,16.574,173.051,-0.67,0.309,2.747,-0.838,0.162,0.532,100.932,-30.804,34.2,-0.1,0.1,0.0,0.0
1790077079.556633,141692.0,55.822,16.575,173.066,-0.74,0.277,2.766,-0.838,0.162,0.531,100.932,-30.804,34.188,0.0,-0.1,0.0,0.0
1790077079.5590441,141698.0,55.829,16.576,173.08,-0.805,0.211,2.742,-0.839,0.163,0.53,100.932,-30.804,34.2,0.1,0.1,0.0,0.0
1790077079.577384,141703.0,55.836,16.577,173.095,-0.86,0.132,2.734,-0.839,0.164,0.529,100.932,-30.804,34.188,0.0,-0.3,0.0,0.0
1790077079.5776708,141709.0,55.849,16.579,173.124,-0.952,0.01,2.773,-0.841,0.165,0.528,100.932,-30.804,34.2,0.0,0.0,0.0,0.0
1790077079.5777228,141714.0,55.855,16.579,173.139,-0.981,-0.112,2.768,-0.842,0.166,0.528,100.932,-30.804,34.2,-0.1,0.2,0.0,0.0
1790077079.581324,141720.0,55.86,16.579,173.153,-1.035,-0.223,2.734,-0.843,0.166,0.528,100.932,-30.804,34.188,0.3,-0.1,0.0,0.0
1790077079.5925272,141725.0,55.865,16.579,173.167,-1.082,-0.304,2.696,-0.844,0.166,0.529,100.932,-30.804,34.2,-0.1,0.0,0.0,0.0
1790077079.5927522,141731.0,55.87,16.578,173.18,-1.102,-0.407,2.669,-0.844,0.165,0.529,100.932,-30.804,34.188,0.0,0.0,0.0,0.0
1790077079.604238,141737.0,55.874,16.575,173.193,-1.108,-0.512,2.635,-0.844,0.165,0.529,100.932,-30.804,34.2,0.2,0.0,0.0,0.0
1790077079.604328,141742.0,55.878,16.573,173.204,-1.119,-0.624,2.597,-0.845,0.164,0.529,100.932,-30.804,34.2,-0.1,0.2,0.0,0.0
1790077079.60908,141747.0,55.881,16.569,173.215,-1.134,-0.724,2.565,-0.845,0.164,0.53,100.932,-30.804,34.2,0.0,-0.1,0.0,0.0
1790077079.613667,141752.0,55.884,16.565,173.225,-1.107,-0.803,2.546,-0.844,0.164,0.531,100.932,-30.804,34.188,0.0,-0.4,0.0,0.0
1790077079.619457,141758.0,55.886,16.561,173.235,-1.066,-0.858,2.523,-0.844,0.163,0.532,100.932,-30.804,34.2,0.0,0.0,0.0,0.0
1790077079.626373,141764.0,55.888,16.556,173.244,-1.01,-0.881,2.474,-0.844,0.163,0.533,100.932,-30.792,34.188,0.5,0.0,0.0,0.0
1790077079.6302989,141769.0,55.891,16.547,173.261,-0.848,-0.93,2.396,-0.843,0.163,0.535,100.932,-30.804,34.2,0.0,0.0,0.0,0.0
1790077079.6355789,141774.0,55.892,16.543,173.268,-0.742,-0.949,2.383,-0.842,0.163,0.536,100.932,-30.804,34.188,-0.2,-0.2,0.0,0.0
1790077079.6417768,141780.0,55.893,16.538,173.276,-0.667,-0.953,2.37,-0.841,0.162,0.536,100.932,-30.804,34.188,-0.1,0.0,0.0,0.0
1790077079.647189,141786.0,55.894,16.534,173.283,-0.602,-0.956,2.361,-0.841,0.162,0.537,100.932,-30.804,34.188,0.0,0.0,0.0,0.0
1790077079.654073,141793.0,55.894,16.53,173.29,-0.496,-0.947,2.337,-0.84,0.162,0.538,100.932,-30.804,34.2,0.1,0.4,0.0,0.0
1790077079.6592891,141798.0,55.895,16.526,173.297,-0.373,-0.896,2.278,-0.84,0.162,0.539,100.932,-30.816,34.2,-0.5,0.0,0.0,0.0
1790077079.678412,141804.0,55.897,16.52,173.309,-0.109,-0.773,2.174,-0.839,0.163,0.54,100.933,-30.804,34.2,0.1,0.0,0.0,0.0
1790077079.6785028,141810.0,55.898,16.517,173.315,0.041,-0.718,2.093,-0.839,0.163,0.54,100.933,-30.804,34.188,-0.1,-0.2,0.0,0.0
1790077079.6785338,141816.0,55.9,16.515,173.32,0.171,-0.672,2.008,-0.839,0.163,0.54,100.933,-30.804,34.2,0.2,0.0,0.0,0.0
1790077079.6902559,141821.0,55.902,16.513,173.324,0.285,-0.62,1.925,-0.839,0.163,0.54,100.933,-30.804,34.2,0.1,0.2,0.0,0.0
1790077079.690347,141827.0,55.904,16.512,173.329,0.404,-0.586,1.872,-0.839,0.164,0.539,100.933,-30.804,34.2,0.1,0.1,0.0,0.0
1790077079.693748,141832.0,55.907,16.511,173.333,0.514,-0.562,1.82,-0.839,0.164,0.539,100.933,-30.804,34.2,0.1,0.1,0.0,0.0
1790077079.699286,141838.0,55.91,16.51,173.336,0.618,-0.54,1.752,-0.839,0.164,0.539,100.933,-30.804,34.2,0.0,0.0,0.0,0.0
1790077079.705826,141844.0,55.913,16.509,173.34,0.736,-0.52,1.696,-0.84,0.164,0.539,100.933,-30.804,34.2,-0.2,0.0,0.0,0.0
1790077079.7119849,141850.0,55.92,16.509,173.345,1.045,-0.445,1.585,-0.841,0.164,0.539,100.933,-30.804,34.2,-0.1,0.2,0.0,0.0
1790077079.718179,141855.0,55.924,16.509,173.347,1.191,-0.412,1.568,-0.842,0.164,0.539,100.933,-30.804,34.2,0.2,0.0,0.0,0.0
1790077079.7218099,141860.0,55.928,16.511,173.349,1.346,-0.349,1.541,-0.843,0.164,0.54,100.933,-30.804,34.2,0.0,0.0,0.0,0.0
1790077079.7288692,141866.0,55.933,16.512,173.351,1.52,-0.281,1.506,-0.844,0.163,0.541,100.933,-30.804,34.2,0.2,0.0,0.0,0.0
1790077079.740642,141871.0,55.938,16.514,173.352,1.688,-0.225,1.446,-0.844,0.163,0.542,100.933,-30.804,34.2,-0.1,0.0,0.0,0.0
1790077079.740725,141877.0,55.942,16.516,173.352,1.854,-0.193,1.382,-0.845,0.162,0.544,100.933,-30.804,34.188,0.0,-0.1,0.0,0.0
1790077079.743937,141882.0,55.947,16.519,173.352,2.025,-0.152,1.355,-0.845,0.162,0.545,100.933,-30.804,34.2,0.0,0.2,0.0,0.0
1790077079.754755,141888.0,55.953,16.522,173.352,2.2,-0.089,1.34,-0.845,0.161,0.545,100.933,-30.804,34.2,0.0,0.0,0.0,0.0
1790077079.7548978,141893.0,55.958,16.525,173.351,2.339,-0.032,1.303,-0.845,0.161,0.546,100.933,-30.804,34.188,-0.3,-0.4,0.0,0.0
1790077079.760273,141899.0,55.963,16.529,173.35,2.439,0.017,1.248,-0.845,0.161,0.546,100.933,-30.804,34.2,0.2,0.1,0.0,-2.457993105053902e-07
1790077079.773099,141905.0,55.976,16.538,173.348,2.786,0.178,1.192,-0.844,0.161,0.546,100.933,-30.804,34.188,0.0,0.0,0.0,-2.457993105053902e-07
1790077079.7731771,141911.0,55.983,16.545,173.347,2.949,0.251,1.147,-0.844,0.162,0.545,100.933,-30.804,34.2,0.1,0.0,0.0,-2.457993105053902e-07
1790077079.777233,141916.0,55.989,16.552,173.346,3.116,0.246,1.107,-0.844,0.162,0.544,100.933,-30.804,34.2,-0.2,0.0,0.0,-2.457993105053902e-07
1790077079.7893481,141921.0,55.996,16.56,173.345,3.257,0.248,1.082,-0.844,0.163,0.543,100.933,-30.804,34.188,0.0,0.0,0.0,-2.457993105053902e-07
1790077079.789422,141927.0,56.004,16.569,173.344,3.367,0.26,1.066,-0.844,0.164,0.543,100.933,-30.804,34.188,0.0,0.0,0.0,-2.457993105053902e-07
1790077079.7940202,141933.0,56.011,16.578,173.343,3.483,0.295,1.036,-0.844,0.165,0.543,100.933,-30.804,34.2,0.2,0.0,0.0,-0.0024127415992552417
1790077079.804609,141939.0,56.026,16.599,173.342,3.686,0.398,0.956,-0.845,0.165,0.543,100.933,-30.804,34.2,0.2,0.0,0.0,-0.0024127415992552417
1790077079.8053272,141944.0,56.035,16.609,173.34,3.799,0.419,0.914,-0.846,0.165,0.543,100.933,-30.804,34.188,0.0,-0.2,0.0,-0.0024127415992552417
1790077079.810679,141949.0,56.043,16.62,173.338,3.881,0.419,0.897,-0.846,0.165,0.543,100.933,-30.804,34.188,0.0,0.0,0.0,-0.00505089579964988
1790077079.82195,141955.0,56.051,16.63,173.336,3.949,0.419,0.894,-0.846,0.164,0.544,100.933,-30.804,34.2,0.2,0.1,0.0,-0.00505089579964988
1790077079.822043,141960.0,56.059,16.641,173.334,4.026,0.435,0.91,-0.846,0.163,0.544,100.933,-30.804,34.188,0.0,0.0,0.0,-0.00505089579964988
1790077079.8272798,141966.0,56.067,16.652,173.331,4.095,0.476,0.917,-0.846,0.162,0.545,100.933,-30.804,34.2,0.0,0.1,0.0,-0.00505089579964988
1790077079.8394,141971.0,56.075,16.663,173.329,4.159,0.517,0.915,-0.846,0.162,0.546,100.933,-30.804,34.188,-0.2,-0.2,0.0,-0.00505089579964988
1790077079.839812,141977.0,56.083,16.674,173.326,4.207,0.579,0.957,-0.846,0.161,0.546,100.933,-30.804,34.188,0.1,0.0,0.0,-0.00505089579964988
1790077079.843678,141982.0,56.092,16.685,173.324,4.251,0.653,1.018,-0.847,0.16,0.546,100.934,-30.816,34.188,-0.4,0.0,0.0,-0.007568699998955708
1790077079.8545191,141988.0,56.101,16.698,173.323,4.324,0.695,1.075,-0.847,0.16,0.545,100.934,-30.804,34.2,0.3,0.3,0.0,-0.007568699998955708
1790077079.855705,141994.0,56.119,16.725,173.322,4.414,0.672,1.22,-0.848,0.16,0.544,100.934,-30.804,34.188,0.0,-0.2,0.0,-0.007568699998955708
1790077079.860571,141999.0,56.128,16.739,173.322,4.419,0.674,1.244,-0.848,0.16,0.543,100.934,-30.804,34.188,0.0,0.0,0.0,-0.010071612500178163
1790077079.868256,142004.0,56.137,16.753,173.322,4.421,0.689,1.308,-0.847,0.16,0.543,100.934,-30.816,34.2,-0.4,0.2,0.0,-0.010071612500178163
1790077079.871402,142010.0,56.146,16.769,173.324,4.411,0.694,1.375,-0.847,0.161,0.542,100.934,-30.804,34.188,0.0,-0.1,0.0,-0.010071612500178163
1790077079.876682,142015.0,56.154,16.784,173.325,4.387,0.673,1.41,-0.846,0.161,0.542,100.934,-30.804,34.188,0.1,0.0,0.0,-0.010071612500178163
1790077079.884969,142021.0,56.163,16.8,173.328,4.335,0.658,1.472,-0.846,0.161,0.542,100.934,-30.804,34.188,0.0,0.0,0.0,-0.012474204099271448
1790077079.888704,142027.0,56.171,16.816,173.33,4.278,0.662,1.54,-0.845,0.161,0.542,100.934,-30.804,34.188,0.0,0.0,0.0,-0.012474204099271448
1790077079.893507,142032.0,56.179,16.831,173.334,4.239,0.687,1.607,-0.845,0.161,0.542,100.934,-30.804,34.188,0.0,0.0,0.0,-0.012474204099271448
1790077079.9020731,142038.0,56.187,16.848,173.338,4.216,0.726,1.687,-0.844,0.16,0.542,100.934,-30.804,34.188,-0.1,-0.1,0.0,-0.012474204099271448
1790077079.904831,142043.0,56.195,16.864,173.342,4.204,0.743,1.772,-0.844,0.16,0.542,100.933,-30.804,34.2,-0.1,0.2,0.0,-0.012474204099271448
1790077079.910319,142049.0,56.203,16.881,173.347,4.186,0.74,1.851,-0.843,0.16,0.543,100.933,-30.804,34.188,-0.1,-0.2,0.0,-0.014987404098792468
1790077079.9154549,142054.0,56.217,16.916,173.358,4.15,0.752,1.966,-0.843,0.16,0.543,100.933,-30.804,34.188,-0.1,0.0,0.0,-0.014987404098792468
1790077079.920823,142059.0,56.225,16.934,173.365,4.111,0.772,2.032,-0.843,0.16,0.543,100.933,-30.804,34.2,0.1,0.2,0.0,-0.014987404098792468
1790077079.926761,142065.0,56.232,16.952,173.372,4.072,0.775,2.121,-0.843,0.16,0.543,100.933,-30.804,34.2,0.1,0.2,0.0,-0.014987404098792468
1790077079.933231,142071.0,56.239,16.971,173.381,4.03,0.728,2.216,-0.844,0.161,0.542,100.933,-30.804,34.188,0.2,-0.3,0.0,-0.01749897499976214
1790077079.9386911,142077.0,56.246,16.991,173.39,3.988,0.671,2.307,-0.844,0.162,0.541,100.933,-30.804,34.2,0.0,0.0,0.0,-0.01749897499976214
1790077079.944,142082.0,56.252,17.011,173.4,3.915,0.637,2.377,-0.845,0.163,0.54,100.933,-30.804,34.2,0.1,0.0,0.0,-0.01749897499976214
1790077079.954746,142088.0,56.259,17.031,173.411,3.817,0.582,2.432,-0.845,0.164,0.539,100.933,-30.804,34.2,0.0,0.0,0.0,-0.01749897499976214
1790077079.955217,142093.0,56.265,17.052,173.423,3.728,0.508,2.49,-0.845,0.165,0.538,100.933,-30.804,34.188,0.0,-0.1,0.0,-0.01749897499976214
1790077079.95931,142098.0,56.271,17.072,173.434,3.6,0.409,2.535,-0.846,0.166,0.537,100.933,-30.804,34.188,0.1,0.0,0.0,-0.020068075000017418
1790077079.970651,142104.0,56.276,17.092,173.447,3.467,0.309,2.57,-0.845,0.166,0.536,100.933,-30.804,34.188,0.1,-0.3,0.0,-0.020068075000017418
1790077079.971118,142110.0,56.285,17.132,173.473,3.23,0.107,2.665,-0.845,0.168,0.535,100.933,-30.804,34.188,0.1,0.0,0.0,-0.020068075000017418
1790077079.9772081,142116.0,56.289,17.152,173.486,3.102,0.044,2.718,-0.845,0.169,0.535,100.933,-30.804,34.188,-0.1,0.0,0.0,-0.020068075000017418
1790077079.9926798,142121.0,56.292,17.172,173.5,2.985,-0.068,2.762,-0.845,0.17,0.535,100.933,-30.804,34.2,-0.2,0.1,0.0,-0.02215962079935707
1790077079.992765,142127.0,56.294,17.19,173.514,2.861,-0.176,2.795,-0.844,0.17,0.536,100.933,-30.792,34.188,0.3,0.0,0.0,-0.02215962079935707
1790077079.9942741,142133.0,56.296,17.208,173.527,2.719,-0.244,2.808,-0.844,0.17,0.536,100.933,-30.804,34.2,0.0,0.2,0.0,-0.02215962079935707
1790077080.011462,142139.0,56.299,17.241,173.554,2.431,-0.383,2.807,-0.844,0.17,0.537,100.933,-30.804,34.2,-0.2,0.0,0.0,-0.02215962079935707
1790077080.011583,142144.0,56.299,17.256,173.567,2.273,-0.426,2.829,-0.843,0.17,0.537,100.933,-30.804,34.2,0.0,0.1,0.0,-0.02215962079935707
1790077080.0116138,142150.0,56.3,17.27,173.58,2.136,-0.474,2.862,-0.844,0.17,0.537,100.933,-30.804,34.188,0.0,-0.1,0.0,-0.02215962079935707
1790077080.0280168,142155.0,56.3,17.284,173.593,1.997,-0.534,2.896,-0.844,0.17,0.538,100.933,-30.804,34.188,0.1,-0.2,0.0,-0.02215962079935707
1790077080.02816,142161.0,56.3,17.297,173.607,1.824,-0.6,2.933,-0.844,0.17,0.538,100.933,-30.804,34.188,0.0,0.0,0.0,-0.02215962079935707
1790077080.0281951,142166.0,56.299,17.31,173.621,1.651,-0.646,2.975,-0.843,0.171,0.538,100.932,-30.804,34.188,-0.1,-0.1,0.0,-0.02215962079935707
1790077080.04069,142171.0,56.298,17.322,173.635,1.505,-0.675,3.001,-0.843,0.171,0.538,100.932,-30.804,34.188,0.0,0.0,0.0,-0.025731608299247456
1790077080.0407639,142177.0,56.297,17.333,173.648,1.378,-0.74,3.003,-0.843,0.171,0.538,100.932,-30.804,34.188,0.0,0.0,0.0,-0.025731608299247456
1790077080.044406,142183.0,56.295,17.344,173.662,1.241,-0.789,3.018,-0.843,0.172,0.538,100.932,-30.804,34.188,0.1,0.0,0.0,-0.028626666599302554
1790077080.076469,142189.0,56.291,17.363,173.69,0.938,-0.868,3.07,-0.843,0.172,0.539,100.932,-30.804,34.188,0.0,0.0,0.0,-0.028626666599302554
1790077080.07655,142194.0,56.289,17.371,173.704,0.787,-0.908,3.085,-0.842,0.172,0.539,100.932,-30.804,34.2,0.1,0.0,0.0,-0.028626666599302554
1790077080.076581,142200.0,56.286,17.379,173.718,0.612,-0.949,3.099,-0.842,0.172,0.539,100.932,-30.804,34.188,0.0,0.0,0.0,-0.028626666599302554
1790077080.076604,142206.0,56.283,17.385,173.732,0.445,-1.002,3.107,-0.841,0.172,0.54,100.932,-30.804,34.2,0.1,0.0,0.0,-0.028626666599302554
1790077080.07664,142212.0,56.279,17.391,173.746,0.319,-1.031,3.114,-0.841,0.172,0.541,100.932,-30.804,34.188,-0.2,0.0,0.0,-0.028626666599302554
1790077080.079575,142217.0,56.275,17.396,173.759,0.184,-1.033,3.107,-0.84,0.172,0.541,100.932,-30.816,34.2,-0.4,0.0,0.0,-0.03162666659930256
1790077080.08757,142223.0,56.272,17.4,173.773,0.049,-1.036,3.114,-0.84,0.172,0.542,100.932,-30.804,34.2,0.3,0.2,0.0,-0.03162666659930256
1790077080.0905101,142229.0,56.263,17.406,173.8,-0.191,-1.048,3.157,-0.839,0.171,0.542,100.933,-30.804,34.188,0.0,-0.1,0.0,-0.03225858329969924
1790077080.096156,142235.0,56.259,17.408,173.813,-0.294,-1.064,3.145,-0.839,0.17,0.543,100.933,-30.804,34.2,0.2,0.4,0.0,-0.03225858329969924
1790077080.1079922,142241.0,56.255,17.409,173.825,-0.389,-1.101,3.135,-0.839,0.17,0.543,100.933,-30.804,34.2,-0.1,0.1,0.0,-0.03225858329969924
1790077080.108845,142247.0,56.25,17.409,173.837,-0.466,-1.114,3.118,-0.839,0.169,0.544,100.933,-30.804,34.188,-0.2,-0.2,0.0,-0.03225858329969924
1790077080.1204731,142253.0,56.246,17.408,173.849,-0.55,-1.115,3.112,-0.839,0.167,0.544,100.933,-30.804,34.188,0.0,-0.1,0.0,-0.03225858329969924
1790077080.120564,142259.0,56.237,17.403,173.871,-0.796,-1.129,3.13,-0.839,0.166,0.544,100.933,-30.804,34.188,-0.2,-0.1,0.0,-0.03225858329969924
1790077080.130097,142265.0,56.237,17.403,173.871,-0.796,-1.129,3.13,-0.839,0.166,0.544,100.933,-30.804,34.188,0.0,-0.1,0.0,-0.03531140830018558
1790077080.133363,142271.0,56.228,17.395,173.894,-1.011,-1.175,3.163,-0.839,0.165,0.543,100.933,-30.804,34.188,0.0,0.0,0.0,-0.03531140830018558
1790077080.138901,142277.0,56.224,17.391,173.905,-1.097,-1.21,3.219,-0.839,0.165,0.543,100.933,-30.804,34.2,-0.2,0.0,0.0,-0.03531140830018558
1790077080.1436312,142282.0,56.219,17.387,173.917,-1.168,-1.23,3.258,-0.839,0.165,0.542,100.933,-30.804,34.2,-0.1,0.0,0.0,-0.037712687499879397
1790077080.2428968,142288.0,56.214,17.383,173.929,-1.256,-1.24,3.304,-0.84,0.165,0.542,100.933,-30.804,34.188,0.0,0.0,0.0,-0.0437126874998794
1790077080.242988,142293.0,56.21,17.378,173.942,-1.343,-1.261,3.336,-0.84,0.165,0.541,100.933,-30.804,34.188,-0.1,-0.2,0.0,-0.0437126874998794
1790077080.243217,142299.0,56.201,17.369,173.968,-1.577,-1.33,3.419,-0.839,0.164,0.54,100.933,-30.804,34.188,0.0,0.0,0.0,-0.0437126874998794
1790077080.2432609,142304.0,56.196,17.363,173.982,-1.693,-1.382,3.502,-0.839,0.164,0.54,100.933,-30.804,34.188,0.1,-0.1,0.0,-0.0437126874998794
1790077080.2433212,142310.0,56.19,17.358,173.996,-1.767,-1.404,3.59,-0.839,0.164,0.539,100.933,-30.804,34.2,0.0,0.0,0.0,-0.0437126874998794
1790077080.243377,142316.0,56.185,17.354,174.011,-1.851,-1.421,3.69,-0.84,0.164,0.539,100.933,-30.804,34.188,0.0,0.0,0.0,-0.0437126874998794
1790077080.2434042,142321.0,56.179,17.349,174.027,-1.954,-1.463,3.793,-0.84,0.164,0.539,100.933,-30.804,34.2,0.2,0.0,0.0,-0.0437126874998794
1790077080.243427,142326.0,56.174,17.344,174.044,-2.053,-1.529,3.86,-0.84,0.163,0.539,100.933,-30.804,34.2,0.0,0.1,0.0,-0.0437126874998794
1790077080.243448,142332.0,56.167,17.339,174.06,-2.157,-1.588,3.935,-0.841,0.163,0.539,100.933,-30.804,34.188,0.0,-0.2,0.0,-0.0437126874998794
1790077080.243544,142337.0,56.161,17.334,174.077,-2.244,-1.637,4.003,-0.841,0.163,0.539,100.933,-30.804,34.188,0.1,0.0,0.0,-0.0437126874998794
1790077080.2435908,142343.0,56.154,17.328,174.095,-2.316,-1.708,4.066,-0.842,0.163,0.538,100.933,-30.804,34.188,0.0,0.0,0.0,-0.0437126874998794
1790077080.243617,142349.0,56.147,17.323,174.113,-2.389,-1.79,4.146,-0.843,0.162,0.538,100.933,-30.804,34.188,0.1,0.0,0.0,-0.0437126874998794
1790077080.243639,142354.0,56.14,17.318,174.131,-2.431,-1.87,4.21,-0.843,0.162,0.538,100.932,-30.804,34.2,-0.1,0.1,0.0,-0.0437126874998794
1790077080.243785,142359.0,56.124,17.308,174.169,-2.575,-2.045,4.342,-0.844,0.163,0.537,100.932,-30.804,34.2,0.1,0.3,0.0,-0.0437126874998794
1790077080.24382,142365.0,56.116,17.303,174.189,-2.642,-2.149,4.425,-0.845,0.164,0.536,100.932,-30.804,34.188,0.0,-0.1,0.0,-0.0437126874998794
1790077080.2438452,142371.0,56.107,17.299,174.209,-2.722,-2.256,4.464,-0.845,0.164,0.535,100.932,-30.804,34.188,-0.1,0.0,0.0,-0.0437126874998794
1790077080.2438679,142377.0,56.098,17.294,174.23,-2.81,-2.347,4.515,-0.845,0.164,0.535,100.932,-30.804,34.188,0.0,0.0,0.0,-0.0437126874998794
1790077080.244082,142382.0,56.088,17.289,174.251,-2.871,-2.453,4.576,-0.845,0.164,0.534,100.932,-30.804,34.2,0.0,0.0,0.0,-0.0437126874998794
1790077080.2494988,142388.0,56.078,17.284,174.272,-2.929,-2.571,4.629,-0.845,0.164,0.533,100.932,-30.804,34.2,0.1,0.0,0.0,-0.0437126874998794
1790077080.255571,142394.0,56.057,17.275,174.315,-2.99,-2.804,4.729,-0.845,0.165,0.533,100.932,-30.804,34.2,-0.3,0.2,0.0,-0.0437126874998794
1790077080.260312,142399.0,56.057,17.275,174.315,-2.99,-2.804,4.729,-0.845,0.165,0.533,100.932,-30.804,34.188,-0.1,-0.3,0.0,-0.046712687499879404
1790077080.291441,142404.0,56.033,17.266,174.359,-3.036,-3.015,4.858,-0.844,0.165,0.533,100.932,-30.804,34.188,-0.1,0.0,0.0,-0.04969492499949411
1790077080.2915359,142410.0,56.02,17.261,174.381,-3.049,-3.14,4.879,-0.843,0.164,0.533,100.933,-30.804,34.188,0.0,-0.2,0.0,-0.04969492499949411
1790077080.291671,142416.0,56.006,17.256,174.402,-3.06,-3.273,4.894,-0.843,0.164,0.533,100.933,-30.804,34.2,0.2,0.3,0.0,-0.04969492499949411
1790077080.291719,142422.0,55.992,17.25,174.424,-3.075,-3.375,4.912,-0.843,0.164,0.533,100.933,-30.804,34.188,0.1,0.0,0.0,-0.04969492499949411
1790077080.291747,142427.0,55.977,17.245,174.445,-3.086,-3.452,4.941,-0.842,0.164,0.533,100.933,-30.804,34.188,0.0,-0.1,0.0,-0.04969492499949411
1790077080.294858,142433.0,55.962,17.24,174.467,-3.106,-3.516,4.979,-0.841,0.165,0.534,100.933,-30.804,34.2,0.0,0.1,0.0,-0.05269492499949411
1790077080.3068311,142439.0,55.931,17.23,174.511,-3.124,-3.597,5.011,-0.84,0.165,0.534,100.933,-30.804,34.188,-0.1,0.0,0.0,-0.05269492499949411
1790077080.3073049,142445.0,55.915,17.225,174.533,-3.133,-3.65,5.055,-0.839,0.166,0.534,100.933,-30.804,34.188,-0.1,-0.1,0.0,-0.05269492499949411
1790077080.313209,142451.0,55.898,17.22,174.556,-3.145,-3.703,5.078,-0.839,0.166,0.534,100.933,-30.804,34.2,0.0,0.1,0.0,-0.05362314160011011
1790077080.376435,142457.0,55.882,17.215,174.578,-3.141,-3.753,5.06,-0.838,0.165,0.534,100.933,-30.804,34.188,0.2,0.0,0.0,-0.05662314160011011
1790077080.3765929,142463.0,55.866,17.21,174.6,-3.133,-3.789,5.05,-0.838,0.165,0.533,100.933,-30.804,34.2,0.0,0.1,0.0,-0.05662314160011011
1790077080.376639,142468.0,55.849,17.205,174.622,-3.116,-3.8,5.053,-0.838,0.165,0.533,100.933,-30.804,34.188,-0.1,-0.1,0.0,-0.05662314160011011
1790077080.3766668,142474.0,55.816,17.195,174.664,-3.057,-3.868,5.017,-0.837,0.164,0.533,100.933,-30.804,34.188,0.1,-0.3,0.0,-0.05662314160011011
1790077080.376692,142480.0,55.799,17.189,174.685,-3.021,-3.908,5.001,-0.836,0.164,0.533,100.933,-30.804,34.2,0.0,0.1,0.0,-0.05662314160011011
1790077080.3767722,142486.0,55.783,17.184,174.706,-2.994,-3.919,4.992,-0.836,0.164,0.532,100.933,-30.804,34.2,0.0,0.2,0.0,-0.05662314160011011
1790077080.3767931,142491.0,55.766,17.178,174.727,-2.981,-3.948,4.98,-0.836,0.163,0.532,100.933,-30.804,34.188,0.0,-0.2,0.0,-0.05662314160011011
1790077080.376844,142497.0,55.749,17.172,174.747,-2.919,-3.98,4.978,-0.836,0.163,0.532,100.933,-30.804,34.2,0.2,0.0,0.0,-0.05662314160011011
1790077080.376881,142502.0,55.733,17.167,174.767,-2.835,-4.013,4.995,-0.836,0.162,0.532,100.933,-30.804,34.188,-0.1,0.0,0.0,-0.05662314160011011
1790077080.377066,142507.0,55.716,17.162,174.787,-2.779,-4.043,4.994,-0.837,0.162,0.532,100.933,-30.804,34.2,0.0,0.0,0.0,-0.05662314160011011
1790077080.377107,142513.0,55.699,17.157,174.807,-2.718,-4.054,4.995,-0.838,0.162,0.532,100.933,-30.804,34.188,-0.3,0.0,0.0,-0.05662314160011011
1790077080.379362,142518.0,55.683,17.152,174.827,-2.647,-4.075,4.98,-0.839,0.162,0.533,100.933,-30.804,34.188,0.0,-0.2,0.0,-0.05662314160011011
1790077080.413016,142524.0,55.666,17.148,174.846,-2.566,-4.088,4.943,-0.84,0.163,0.533,100.933,-30.804,34.188,0.0,0.0,0.0,-0.06262314160011011
1790077080.413218,142529.0,55.634,17.14,174.886,-2.411,-4.081,4.941,-0.842,0.163,0.534,100.933,-30.804,34.188,-0.2,-0.2,0.0,-0.06262314160011011
1790077080.4135838,142535.0,55.618,17.136,174.905,-2.359,-4.078,4.907,-0.843,0.163,0.534,100.932,-30.804,34.188,-0.3,0.0,0.0,-0.06262314160011011
1790077080.414016,142541.0,55.602,17.133,174.924,-2.254,-4.082,4.874,-0.843,0.162,0.534,100.932,-30.804,34.188,0.3,-0.1,0.0,-0.06262314160011011
1790077080.414068,142547.0,55.586,17.13,174.942,-2.126,-4.072,4.871,-0.844,0.162,0.534,100.932,-30.804,34.188,-0.1,0.0,0.0,-0.06262314160011011
1790077080.414391,142552.0,55.571,17.127,174.961,-2.006,-4.066,4.865,-0.844,0.162,0.534,100.932,-30.804,34.188,0.0,0.0,0.0,-0.06262314160011011
1790077080.419543,142558.0,55.556,17.125,174.98,-1.869,-3.937,4.831,-0.844,0.162,0.533,100.932,-30.804,34.188,0.1,0.0,0.0,-0.06262314160011011
1790077080.4253068,142564.0,55.527,17.124,175.017,-1.65,-3.857,4.753,-0.843,0.163,0.533,100.932,-30.804,34.188,0.0,0.0,0.0,-0.06562314160011011
1790077080.43086,142569.0,55.513,17.124,175.036,-1.565,-3.911,4.706,-0.842,0.164,0.533,100.932,-30.804,34.2,0.0,0.1,0.0,-0.06562314160011011
1790077080.460242,142574.0,55.498,17.124,175.054,-1.488,-3.939,4.661,-0.842,0.166,0.533,100.932,-30.804,34.2,0.0,0.1,0.0,-0.06570372080022935
1790077080.4603462,142580.0,55.483,17.125,175.073,-1.411,-3.945,4.616,-0.841,0.167,0.534,100.932,-30.804,34.188,-0.2,-0.2,0.0,-0.06570372080022935
1790077080.460374,142586.0,55.468,17.127,175.091,-1.317,-3.944,4.538,-0.841,0.169,0.534,100.932,-30.804,34.2,0.0,0.1,0.0,-0.06570372080022935
1790077080.460459,142591.0,55.454,17.128,175.109,-1.241,-3.889,4.455,-0.84,0.17,0.535,100.932,-30.804,34.188,0.0,0.0,0.0,-0.06570372080022935
1790077080.4606369,142596.0,55.439,17.131,175.127,-1.173,-3.827,4.362,-0.839,0.172,0.535,100.933,-30.804,34.188,0.0,0.0,0.0,-0.06570372080022935
1790077080.462338,142601.0,55.425,17.133,175.145,-1.094,-3.763,4.242,-0.839,0.173,0.536,100.933,-30.804,34.2,0.0,0.3,0.0,-0.06870372080022935
1790077080.470251,142606.0,55.411,17.135,175.161,-1.016,-3.671,4.11,-0.838,0.173,0.536,100.933,-30.804,34.2,0.0,0.1,0.0,-0.06870372080022935
1790077080.474574,142611.0,55.398,17.136,175.177,-0.944,-3.581,3.964,-0.837,0.174,0.537,100.933,-30.804,34.188,0.0,-0.2,0.0,-0.07064401659881696
1790077080.47824,142616.0,55.385,17.137,175.192,-0.858,-3.491,3.802,-0.837,0.174,0.538,100.933,-30.804,34.188,0.0,0.0,0.0,-0.07064401659881696
1790077080.610701,142622.0,55.373,17.138,175.205,-0.761,-3.38,3.624,-0.836,0.174,0.539,100.933,-30.804,34.188,0.2,0.0,0.0,-0.07364401659881696
1790077080.610789,142627.0,55.362,17.138,175.217,-0.64,-3.283,3.447,-0.836,0.174,0.54,100.933,-30.804,34.2,-0.1,0.0,0.0,-0.07364401659881696
1790077080.6108181,142633.0,55.351,17.138,175.227,-0.49,-3.193,3.276,-0.836,0.175,0.541,100.933,-30.804,34.188,-0.3,-0.1,0.0,-0.07364401659881696
1790077080.610852,142639.0,55.331,17.136,175.246,-0.241,-2.892,2.928,-0.836,0.175,0.542,100.933,-30.804,34.188,0.1,-0.1,0.0,-0.07364401659881696
1790077080.610928,142645.0,55.322,17.135,175.253,-0.14,-2.745,2.766,-0.836,0.175,0.543,100.933,-30.804,34.188,0.0,0.0,0.0,-0.07364401659881696
1790077080.6109629,142651.0,55.315,17.133,175.26,-0.051,-2.573,2.62,-0.836,0.175,0.544,100.933,-30.804,34.188,0.0,-0.1,0.0,-0.07364401659881696
1790077080.6109881,142657.0,55.308,17.131,175.265,0.061,-2.38,2.438,-0.836,0.175,0.544,100.933,-30.804,34.2,-0.1,0.3,0.0,-0.07364401659881696
1790077080.611011,142662.0,55.303,17.129,175.269,0.196,-2.204,2.234,-0.836,0.175,0.544,100.933,-30.804,34.2,0.2,0.0,0.0,-0.07364401659881696
1790077080.611032,142668.0,55.299,17.127,175.273,0.31,-2.04,2.07,-0.836,0.175,0.544,100.933,-30.804,34.188,0.0,0.0,0.0,-0.07364401659881696
1790077080.6112828,142673.0,55.296,17.124,175.275,0.409,-1.855,1.939,-0.836,0.175,0.544,100.933,-30.804,34.188,0.0,-0.1,0.0,-0.07364401659881696
1790077080.611329,142679.0,55.294,17.122,175.277,0.488,-1.648,1.797,-0.836,0.175,0.544,100.933,-30.804,34.2,0.1,0.2,0.0,-0.07364401659881696
1790077080.611352,142684.0,55.293,17.115,175.279,0.656,-1.269,1.486,-0.835,0.174,0.543,100.933,-30.804,34.188,-0.1,0.0,0.0,-0.07364401659881696
1790077080.611372,142690.0,55.295,17.112,175.278,0.771,-1.102,1.356,-0.835,0.173,0.543,100.933,-30.804,34.188,0.0,-0.1,0.0,-0.07364401659881696
1790077080.611393,142695.0,55.297,17.108,175.277,0.872,-0.934,1.223,-0.835,0.172,0.543,100.933,-30.804,34.2,0.0,0.0,0.0,-0.07364401659881696
1790077080.6114151,142701.0,55.3,17.104,175.274,0.986,-0.801,1.099,-0.834,0.172,0.542,100.933,-30.804,34.188,-0.1,-0.1,0.0,-0.07364401659881696
1790077080.6114361,142707.0,55.305,17.1,175.271,1.103,-0.655,1.001,-0.834,0.171,0.542,100.933,-30.804,34.188,0.0,0.0,0.0,-0.07364401659881696
1790077080.611456,142713.0,55.31,17.096,175.268,1.212,-0.485,0.918,-0.834,0.17,0.542,100.933,-30.804,34.188,-0.1,0.0,0.0,-0.07364401659881696
1790077080.611476,142718.0,55.316,17.091,175.264,1.292,-0.305,0.807,-0.833,0.17,0.543,100.933,-30.804,34.188,0.0,0.0,0.0,-0.07364401659881696
1790077080.611496,142723.0,55.323,17.087,175.259,1.351,-0.138,0.694,-0.833,0.17,0.543,100.933,-30.804,34.188,-0.1,-0.2,0.0,-0.07364401659881696
1790077080.611609,142728.0,55.33,17.082,175.253,1.433,0.034,0.59,-0.833,0.169,0.543,100.933,-30.804,34.188,0.3,0.0,0.0,-0.07364401659881696
1790077080.6116538,142734.0,55.348,17.074,175.242,1.552,0.353,0.463,-0.832,0.168,0.542,100.933,-30.804,34.188,0.0,-0.1,0.0,-0.07364401659881696
1790077080.611691,142739.0,55.359,17.069,175.236,1.609,0.496,0.384,-0.832,0.168,0.542,100.933,-30.804,34.188,0.0,0.1,0.0,-0.07364401659881696
1790077080.611715,142745.0,55.37,17.065,175.23,1.676,0.668,0.306,-0.832,0.167,0.541,100.933,-30.804,34.188,0.2,0.0,0.0,-0.07364401659881696
1790077080.6117618,142750.0,55.382,17.06,175.223,1.719,0.847,0.241,-0.832,0.167,0.541,100.933,-30.804,34.2,0.0,0.3,0.0,-0.07364401659881696
1790077080.616771,142755.0,55.396,17.055,175.216,1.716,0.985,0.171,-0.833,0.166,0.541,100.933,-30.804,34.188,0.0,-0.1,0.0,-0.07364401659881696
1790077080.622547,142761.0,55.41,17.05,175.208,1.722,1.129,0.148,-0.833,0.165,0.54,100.933,-30.804,34.188,0.0,0.0,0.0,-0.07664401659881696
1790077080.627946,142766.0,55.425,17.045,175.201,1.732,1.247,0.133,-0.834,0.164,0.54,100.933,-30.804,34.2,0.0,0.1,0.0,-0.07664401659881696
1790077080.6529741,142772.0,55.44,17.04,175.194,1.773,1.345,0.133,-0.835,0.163,0.539,100.933,-30.804,34.188,0.0,0.0,0.0,-0.07664401659881696
1790077080.653086,142778.0,55.456,17.035,175.187,1.814,1.421,0.167,-0.836,0.162,0.538,100.933,-30.792,34.188,0.2,-0.2,0.0,-0.07664401659881696
1790077080.653128,142783.0,55.473,17.031,175.18,1.814,1.479,0.191,-0.837,0.162,0.537,100.933,-30.804,34.188,0.0,0.0,0.0,-0.07664401659881696
1790077080.653152,142789.0,55.507,17.023,175.169,1.804,1.585,0.321,-0.839,0.161,0.536,100.933,-30.804,34.188,-0.2,-0.2,0.0,-0.07664401659881696
1790077080.6898959,142795.0,55.525,17.021,175.164,1.799,1.634,0.399,-0.841,0.161,0.535,100.933,-30.804,34.188,0.0,0.0,0.0,-0.08264401659881697
1790077080.690006,142800.0,55.543,17.019,175.161,1.818,1.668,0.471,-0.842,0.162,0.534,100.933,-30.804,34.188,-0.1,0.0,0.0,-0.08264401659881697
1790077080.690043,142806.0,55.561,17.018,175.158,1.805,1.676,0.553,-0.843,0.162,0.533,100.933,-30.804,34.188,0.0,-0.2,0.0,-0.08264401659881697
1790077080.690068,142811.0,55.579,17.018,175.157,1.757,1.684,0.63,-0.843,0.163,0.533,100.933,-30.804,34.188,0.2,0.0,0.0,-0.08264401659881697
1790077080.690089,142816.0,55.597,17.019,175.156,1.712,1.697,0.688,-0.843,0.164,0.532,100.933,-30.804,34.2,-0.1,0.3,0.0,-0.08264401659881697
1790077080.690207,142823.0,55.615,17.02,175.156,1.672,1.7,0.751,-0.844,0.165,0.531,100.933,-30.804,34.188,0.0,-0.3,0.0,-0.08264401659881697
1790077080.690917,142829.0,55.65,17.024,175.159,1.626,1.631,0.866,-0.844,0.166,0.53,100.933,-30.804,34.188,-0.2,-0.1,0.0,-0.08264401659881697
1790077080.6959622,142835.0,55.667,17.027,175.161,1.594,1.618,0.938,-0.843,0.166,0.53,100.933,-30.804,34.2,0.4,0.3,0.0,-0.08564401659881697
1790077080.701576,142840.0,55.684,17.029,175.164,1.54,1.569,1.018,-0.843,0.166,0.53,100.933,-30.804,34.188,-0.3,0.0,0.0,-0.08564401659881697
1790077080.707136,142845.0,55.7,17.032,175.167,1.475,1.523,1.095,-0.843,0.166,0.53,100.933,-30.804,34.188,0.1,0.1,0.0,-0.08864401659881697
1790077080.712266,142851.0,55.717,17.035,175.171,1.413,1.491,1.185,-0.843,0.165,0.53,100.933,-30.804,34.2,-0.2,0.2,0.0,-0.08864401659881697
1790077080.7203221,142856.0,55.732,17.038,175.175,1.355,1.464,1.289,-0.842,0.164,0.53,100.933,-30.804,34.188,0.0,-0.5,0.0,-0.09164401659881698
1790077080.723008,142861.0,55.748,17.04,175.179,1.306,1.458,1.371,-0.842,0.163,0.531,100.933,-30.804,34.188,-0.2,0.0,0.0,-0.09464401659881698
1790077080.728558,142867.0,55.763,17.043,175.184,1.27,1.444,1.447,-0.841,0.162,0.531,100.933,-30.804,34.188,0.3,0.1,0.0,-0.09464401659881698
1790077080.738948,142873.0,55.777,17.045,175.189,1.246,1.457,1.527,-0.841,0.162,0.532,100.933,-30.804,34.188,0.0,0.0,0.0,-0.09695645829924615
1790077080.740617,142879.0,55.806,17.052,175.201,1.244,1.455,1.698,-0.841,0.161,0.533,100.933,-30.804,34.188,0.2,0.0,0.0,-0.09695645829924615
1790077080.746807,142885.0,55.82,17.056,175.207,1.222,1.399,1.77,-0.842,0.161,0.534,100.933,-30.816,34.2,-0.4,0.2,0.0,-0.09695645829924615
1790077080.752832,142891.0,55.834,17.06,175.215,1.194,1.393,1.813,-0.842,0.161,0.534,100.933,-30.804,34.188,0.0,-0.3,0.0,-0.09945203329989455
1790077080.758582,142897.0,55.847,17.064,175.222,1.194,1.402,1.88,-0.843,0.162,0.535,100.933,-30.804,34.2,0.1,0.3,0.0,-0.09945203329989455
1790077080.7665029,142903.0,55.86,17.07,175.231,1.201,1.419,1.955,-0.843,0.163,0.535,100.933,-30.804,34.188,0.0,0.0,0.0,-0.09945203329989455
1790077080.770622,142909.0,55.886,17.083,175.251,1.175,1.452,2.072,-0.843,0.164,0.536,100.933,-30.804,34.188,0.0,-0.4,0.0,-0.09945203329989455
1790077080.776039,142915.0,55.899,17.09,175.262,1.157,1.5,2.127,-0.843,0.165,0.536,100.933,-30.804,34.188,0.1,0.1,0.0,-0.10163915409939364
1790077080.7854788,142920.0,55.912,17.098,175.273,1.146,1.538,2.17,-0.843,0.165,0.536,100.933,-30.804,34.188,0.1,-0.1,0.0,-0.10163915409939364
1790077080.7883499,142926.0,55.925,17.105,175.285,1.093,1.54,2.227,-0.842,0.165,0.536,100.933,-30.804,34.188,0.0,-0.2,0.0,-0.10163915409939364
1790077080.79359,142932.0,55.938,17.113,175.298,1.057,1.575,2.299,-0.842,0.165,0.536,100.933,-30.804,34.188,-0.1,0.0,0.0,-0.10370186249929247
1790077080.8014321,142937.0,55.951,17.121,175.311,1.046,1.616,2.354,-0.841,0.164,0.537,100.933,-30.804,34.2,0.3,0.5,0.0,-0.10370186249929247
1790077080.80356,142942.0,55.963,17.13,175.324,1.032,1.653,2.413,-0.841,0.164,0.538,100.933,-30.804,34.188,0.0,-0.2,0.0,-0.10370186249929247
1790077080.8093078,142948.0,55.976,17.138,175.337,1.052,1.7,2.485,-0.84,0.163,0.538,100.933,-30.804,34.188,0.0,0.0,0.0,-0.10370186249929247
1790077080.818927,142953.0,55.988,17.147,175.351,1.055,1.721,2.57,-0.839,0.162,0.539,100.933,-30.804,34.188,0.0,0.1,0.0,-0.10370186249929247
1790077080.820309,142959.0,56.012,17.165,175.38,1.037,1.809,2.728,-0.838,0.16,0.541,100.933,-30.804,34.188,0.0,-0.4,0.0,-0.10370186249929247
1790077080.8258681,142964.0,56.012,17.165,175.38,1.037,1.809,2.728,-0.838,0.16,0.541,100.933,-30.804,34.2,0.0,0.3,0.0,-0.10598046249942855
1790077080.8312168,142970.0,56.036,17.184,175.411,1.066,1.911,2.825,-0.838,0.16,0.541,100.933,-30.804,34.188,0.0,0.0,0.0,-0.10598046249942855
1790077080.8366232,142975.0,56.048,17.195,175.428,1.096,1.95,2.897,-0.838,0.16,0.541,100.933,-30.804,34.188,0.1,-0.1,0.0,-0.10598046249942855
1790077080.842858,142981.0,56.06,17.206,175.445,1.134,2.02,2.954,-0.838,0.16,0.541,100.933,-30.804,34.188,0.0,0.0,0.0,-0.10598046249942855
1790077080.8484612,142987.0,56.073,17.219,175.463,1.161,2.048,3.0,-0.838,0.161,0.541,100.933,-30.804,34.188,0.1,0.1,0.0,-0.10598046249942855
1790077080.853683,142992.0,56.085,17.232,175.482,1.184,2.055,3.06,-0.838,0.162,0.54,100.933,-30.804,34.188,-0.2,-0.3,0.0,-0.10891445000015665
1790077080.8586218,142997.0,56.097,17.246,175.501,1.217,1.924,3.098,-0.839,0.163,0.539,100.933,-30.804,34.188,0.0,0.0,0.0,-0.10891445000015665
1790077080.863483,143002.0,56.108,17.26,175.52,1.231,1.817,3.135,-0.84,0.164,0.538,100.933,-30.804,34.188,0.1,0.0,0.0,-0.10891445000015665
1790077080.869417,143008.0,56.12,17.275,175.541,1.219,1.861,3.209,-0.84,0.165,0.537,100.933,-30.804,34.2,0.0,0.4,0.0,-0.10891445000015665
1790077080.876103,143015.0,56.143,17.307,175.583,1.15,1.833,3.247,-0.841,0.166,0.537,100.933,-30.804,34.188,0.1,0.0,0.0,-0.11134529159899104
1790077080.886215,143020.0,56.154,17.323,175.605,1.089,1.834,3.265,-0.842,0.167,0.536,100.933,-30.804,34.2,0.0,0.2,0.0,-0.11134529159899104
1790077080.887316,143026.0,56.166,17.339,175.627,1.027,1.812,3.285,-0.842,0.168,0.535,100.934,-30.804,34.188,-0.1,-0.2,0.0,-0.11134529159899104
1790077080.892239,143031.0,56.177,17.356,175.65,1.021,1.79,3.321,-0.843,0.168,0.535,100.934,-30.804,34.188,0.1,0.0,0.0,-0.11134529159899104
1790077080.90488,143037.0,56.188,17.373,175.673,1.026,1.757,3.379,-0.844,0.169,0.534,100.934,-30.804,34.188,0.0,-0.1,0.0,-0.11134529159899104
1790077080.9050188,143042.0,56.2,17.39,175.697,1.01,1.726,3.415,-0.845,0.168,0.534,100.934,-30.804,34.188,0.0,0.1,0.0,-0.11134529159899104
1790077080.9099488,143048.0,56.211,17.407,175.72,0.991,1.7,3.433,-0.845,0.168,0.533,100.934,-30.804,34.188,0.1,0.0,0.0,-0.11374677499989048
1790077080.920418,143053.0,56.222,17.423,175.743,0.967,1.636,3.443,-0.846,0.168,0.533,100.934,-30.804,34.2,-0.3,0.1,0.0,-0.11374677499989048
1790077080.920523,143059.0,56.243,17.457,175.79,0.851,1.491,3.506,-0.847,0.169,0.531,100.934,-30.804,34.188,-0.1,-0.1,0.0,-0.11374677499989048
1790077080.925765,143064.0,56.243,17.457,175.79,0.851,1.491,3.506,-0.847,0.169,0.531,100.934,-30.804,34.188,0.1,-0.2,0.0,-0.11656599580019247
1790077080.944421,143070.0,56.263,17.489,175.837,0.75,1.28,3.56,-0.847,0.169,0.53,100.934,-30.804,34.188,0.2,0.2,0.0,-0.11656599580019247
1790077080.9445171,143076.0,56.272,17.505,175.861,0.697,1.168,3.594,-0.847,0.17,0.529,100.934,-30.804,34.188,0.0,-0.2,0.0,-0.11656599580019247
1790077080.944551,143081.0,56.281,17.521,175.885,0.664,1.048,3.62,-0.847,0.17,0.529,100.934,-30.804,34.188,0.0,0.0,0.0,-0.11656599580019247
1790077080.95644,143086.0,56.288,17.537,175.909,0.645,0.922,3.624,-0.846,0.171,0.528,100.933,-30.804,34.188,-0.1,0.1,0.0,-0.11656599580019247
1790077080.956518,143092.0,56.296,17.553,175.933,0.643,0.779,3.603,-0.846,0.172,0.528,100.933,-30.804,34.188,0.2,-0.1,0.0,-0.11656599580019247
1790077080.959986,143098.0,56.302,17.569,175.956,0.624,0.662,3.585,-0.846,0.172,0.528,100.933,-30.804,34.188,0.0,-0.1,0.0,-0.11907500829984202
1790077080.970337,143104.0,56.308,17.584,175.979,0.582,0.568,3.57,-0.845,0.173,0.528,100.933,-30.804,34.188,0.0,0.1,0.0,-0.11907500829984202
1790077080.971155,143110.0,56.319,17.614,176.025,0.537,0.42,3.534,-0.844,0.174,0.528,100.933,-30.804,34.188,0.0,0.0,0.0,-0.11907500829984202
1790077080.975994,143115.0,56.323,17.629,176.047,0.518,0.34,3.515,-0.843,0.174,0.527,100.933,-30.804,34.188,0.0,0.0,0.0,-0.12158559579984285
1790077080.9886541,143121.0,56.328,17.643,176.069,0.489,0.242,3.48,-0.843,0.175,0.527,100.933,-30.804,34.188,0.0,-0.1,0.0,-0.12158559579984285
1790077080.989748,143127.0,56.331,17.656,176.091,0.464,0.165,3.437,-0.842,0.175,0.527,100.933,-30.804,34.188,-0.1,0.0,0.0,-0.12158559579984285
1790077080.994257,143133.0,56.335,17.67,176.112,0.482,0.093,3.391,-0.841,0.176,0.527,100.933,-30.804,34.188,0.0,0.0,0.0,-0.12158559579984285
1790077081.004288,143138.0,56.338,17.682,176.132,0.49,0.008,3.33,-0.841,0.176,0.527,100.933,-30.804,34.188,0.0,0.0,0.0,-0.12363449580007001
1790077081.005378,143144.0,56.342,17.705,176.17,0.355,-0.174,3.213,-0.84,0.176,0.528,100.933,-30.804,34.188,-0.1,0.2,0.0,-0.12363449580007001
1790077081.010268,143149.0,56.342,17.705,176.17,0.355,-0.174,3.213,-0.84,0.176,0.528,100.933,-30.804,34.188,0.1,-0.4,0.0,-0.12363449580007001
1790077081.0209641,143154.0,56.344,17.715,176.188,0.326,-0.248,3.176,-0.84,0.176,0.528,100.933,-30.804,34.188,0.0,0.0,0.0,-0.12363449580007001
1790077081.021215,143160.0,56.347,17.731,176.221,0.341,-0.372,3.056,-0.839,0.174,0.529,100.933,-30.804,34.188,0.0,-0.2,0.0,-0.12363449580007001
1790077081.026078,143165.0,56.348,17.739,176.236,0.375,-0.393,3.021,-0.839,0.173,0.529,100.933,-30.804,34.188,0.0,-0.2,0.0,-0.12595885829941836
1790077081.037696,143171.0,56.349,17.746,176.25,0.405,-0.413,2.958,-0.839,0.173,0.529,100.933,-30.804,34.188,0.0,0.0,0.0,-0.12595885829941836
1790077081.0384471,143177.0,56.35,17.752,176.264,0.447,-0.438,2.902,-0.84,0.172,0.529,100.933,-30.804,34.188,0.3,0.1,0.0,-0.12595885829941836
1790077081.043803,143182.0,56.351,17.758,176.277,0.503,-0.469,2.86,-0.84,0.172,0.53,100.933,-30.804,34.188,0.0,0.0,0.0,-0.12829812499985566
1790077081.055889,143188.0,56.352,17.764,176.29,0.545,-0.492,2.821,-0.84,0.173,0.53,100.933,-30.804,34.188,0.0,0.0,0.0,-0.12829812499985566
1790077081.0559711,143194.0,56.354,17.775,176.314,0.594,-0.52,2.693,-0.843,0.173,0.531,100.933,-30.804,34.188,0.0,0.0,0.0,-0.12829812499985566
1790077081.060339,143199.0,56.354,17.775,176.314,0.594,-0.52,2.693,-0.843,0.173,0.531,100.933,-30.804,34.188,-0.2,0.0,0.0,-0.12829812499985566
1790077081.066336,143205.0,56.355,17.781,176.325,0.629,-0.526,2.636,-0.844,0.174,0.532,100.933,-30.804,34.188,0.0,-0.1,0.0,-0.12829812499985566
1790077081.072302,143211.0,56.357,17.791,176.346,0.683,-0.544,2.561,-0.846,0.174,0.533,100.933,-30.804,34.188,0.0,0.0,0.0,-0.13074068749992876
1790077081.077211,143216.0,56.357,17.791,176.346,0.683,-0.544,2.561,-0.846,0.174,0.533,100.933,-30.804,34.188,0.0,0.0,0.0,-0.13074068749992876
1790077081.085942,143222.0,56.36,17.8,176.366,0.786,-0.551,2.464,-0.847,0.174,0.533,100.933,-30.804,34.188,0.0,0.0,0.0,-0.13074068749992876
1790077081.089064,143228.0,56.361,17.804,176.375,0.815,-0.572,2.426,-0.846,0.173,0.533,100.933,-30.804,34.188,0.0,0.1,0.0,-0.13074068749992876
1790077081.094882,143233.0,56.362,17.808,176.383,0.856,-0.606,2.387,-0.846,0.173,0.533,100.933,-30.804,34.188,-0.3,-0.1,0.0,-0.13310410409903853
1790077081.100516,143239.0,56.364,17.815,176.398,0.956,-0.697,2.344,-0.846,0.172,0.533,100.933,-30.804,34.188,0.0,-0.2,0.0,-0.13310410409903853
1790077081.105718,143244.0,56.364,17.815,176.398,0.956,-0.697,2.344,-0.846,0.172,0.533,100.933,-30.804,34.188,-0.1,0.2,0.0,-0.13310410409903853
1790077081.1111748,143250.0,56.366,17.822,176.412,1.062,-0.684,2.31,-0.846,0.172,0.533,100.933,-30.804,34.2,0.2,0.3,0.0,-0.13310410409903853
1790077081.119356,143255.0,56.367,17.825,176.419,1.112,-0.706,2.281,-0.847,0.172,0.533,100.933,-30.804,34.2,0.2,0.3,0.0,-0.13561022499925457
1790077081.1228642,143261.0,56.368,17.829,176.425,1.157,-0.719,2.256,-0.847,0.172,0.533,100.933,-30.804,34.188,-0.2,-0.1,0.0,-0.13561022499925457
1790077081.128449,143267.0,56.369,17.832,176.431,1.175,-0.743,2.218,-0.848,0.172,0.533,100.933,-30.804,34.188,0.0,0.0,0.0,-0.13561022499925457
1790077081.143508,143272.0,56.369,17.835,176.436,1.183,-0.775,2.163,-0.849,0.172,0.534,100.933,-30.804,34.188,0.0,0.0,0.0,-0.13561022499925457
1790077081.143614,143277.0,56.37,17.837,176.441,1.2,-0.788,2.126,-0.849,0.171,0.534,100.933,-30.804,34.188,0.0,0.2,0.0,-0.13561022499925457
1790077081.143782,143282.0,56.371,17.839,176.445,1.244,-0.805,2.096,-0.85,0.172,0.535,100.932,-30.804,34.188,0.2,-0.1,0.0,-0.13861022499925457
1790077081.150985,143288.0,56.372,17.842,176.449,1.325,-0.84,2.052,-0.85,0.171,0.536,100.932,-30.804,34.188,0.0,0.0,0.0,-0.13890722079959233
1790077081.1557918,143294.0,56.372,17.846,176.456,1.433,-0.885,2.057,-0.85,0.171,0.537,100.932,-30.804,34.188,0.0,0.2,0.0,-0.13890722079959233
1790077081.161618,143300.0,56.372,17.848,176.46,1.499,-0.891,2.055,-0.849,0.171,0.539,100.932,-30.804,34.188,0.2,0.1,0.0,-0.13890722079959233
1790077081.168651,143307.0,56.371,17.851,176.463,1.554,-0.874,2.045,-0.848,0.171,0.54,100.932,-30.804,34.188,0.0,0.1,0.0,-0.13890722079959233
1790077081.174169,143313.0,56.371,17.853,176.465,1.603,-0.848,2.01,-0.848,0.171,0.54,100.932,-30.804,34.188,-0.2,0.0,0.0,-0.13890722079959233
1790077081.180039,143318.0,56.371,17.855,176.468,1.667,-0.82,1.968,-0.847,0.171,0.541,100.932,-30.804,34.188,-0.1,0.0,0.0,-0.1409791749989381
1790077081.186923,143324.0,56.37,17.86,176.472,1.81,-0.703,1.926,-0.846,0.17,0.541,100.932,-30.804,34.188,0.0,-0.1,0.0,-0.1409791749989381
1790077081.190746,143329.0,56.37,17.863,176.474,1.886,-0.659,1.91,-0.845,0.17,0.541,100.932,-30.804,34.188,0.0,0.0,0.0,-0.1409791749989381
1790077081.196199,143335.0,56.37,17.867,176.476,1.942,-0.624,1.9,-0.844,0.17,0.541,100.932,-30.804,34.188,0.0,0.0,0.0,-0.14304029579943744
1790077081.202191,143341.0,56.371,17.87,176.478,1.975,-0.587,1.858,-0.843,0.17,0.541,100.932,-30.804,34.188,-0.1,-0.3,0.0,-0.14304029579943744
1790077081.207226,143346.0,56.371,17.874,176.48,2.029,-0.543,1.814,-0.843,0.171,0.541,100.933,-30.804,34.188,0.0,0.1,0.0,-0.14517469159909524
1790077081.21355,143352.0,56.372,17.878,176.482,2.091,-0.503,1.809,-0.842,0.171,0.54,100.933,-30.804,34.188,0.1,0.1,0.0,-0.14517469159909524
1790077081.219102,143358.0,56.373,17.882,176.484,2.14,-0.478,1.799,-0.843,0.171,0.54,100.933,-30.804,34.188,-0.1,0.0,0.0,-0.14517469159909524
1790077081.2243378,143363.0,56.375,17.887,176.486,2.176,-0.452,1.754,-0.843,0.171,0.539,100.933,-30.804,34.188,-0.1,0.1,0.0,-0.14517469159909524
1790077081.229236,143368.0,56.376,17.891,176.487,2.218,-0.429,1.715,-0.843,0.171,0.539,100.933,-30.804,34.188,0.1,-0.1,0.0,-0.14517469159909524
1790077081.241295,143374.0,56.38,17.9,176.49,2.305,-0.407,1.704,-0.844,0.171,0.539,100.933,-30.804,34.188,0.2,0.0,0.0,-0.14817469159909524
1790077081.2414038,143379.0,56.382,17.904,176.491,2.332,-0.395,1.694,-0.845,0.17,0.539,100.933,-30.804,34.188,-0.2,0.2,0.0,-0.14817469159909524
1790077081.246819,143385.0,56.384,17.909,176.491,2.373,-0.374,1.703,-0.845,0.169,0.54,100.933,-30.804,34.188,0.0,0.0,0.0,-0.14862899579893565
1790077081.255837,143391.0,56.386,17.913,176.492,2.445,-0.317,1.71,-0.845,0.168,0.54,100.933,-30.804,34.188,0.1,0.0,0.0,-0.14862899579893565
1790077081.258195,143396.0,56.389,17.918,176.493,2.516,-0.285,1.739,-0.845,0.167,0.539,100.933,-30.792,34.188,0.3,0.0,0.0,-0.14862899579893565
1790077081.270854,143402.0,56.391,17.923,176.494,2.553,-0.265,1.806,-0.845,0.167,0.539,100.933,-30.804,34.188,-0.1,0.1,0.0,-0.14862899579893565
1790077081.2709398,143408.0,56.394,17.93,176.496,2.611,-0.221,1.851,-0.845,0.167,0.538,100.933,-30.804,34.188,-0.2,-0.1,0.0,-0.14862899579893565
1790077081.274153,143413.0,56.398,17.936,176.498,2.661,-0.182,1.853,-0.845,0.167,0.538,100.933,-30.804,34.2,0.2,0.4,0.0,-0.15162899579893566
1790077081.280517,143419.0,56.404,17.951,176.504,2.718,-0.235,1.91,-0.845,0.168,0.536,100.933,-30.804,34.188,-0.1,-0.2,0.0,-0.15164476249919973
1790077081.287266,143424.0,56.407,17.959,176.507,2.72,-0.27,1.919,-0.845,0.169,0.535,100.933,-30.804,34.188,-0.1,0.1,0.0,-0.15164476249919973
1790077081.291093,143430.0,56.41,17.968,176.511,2.708,-0.287,1.918,-0.844,0.17,0.535,100.933,-30.804,34.188,0.2,0.0,0.0,-0.15164476249919973
1790077081.2962089,143435.0,56.412,17.977,176.514,2.715,-0.293,1.924,-0.844,0.171,0.534,100.933,-30.804,34.188,0.0,-0.2,0.0,-0.15164476249919973
1790077081.305324,143440.0,56.415,17.986,176.518,2.741,-0.309,1.916,-0.844,0.172,0.534,100.933,-30.804,34.188,0.1,-0.2,0.0,-0.15164476249919973
1790077081.3073332,143446.0,56.418,17.995,176.523,2.723,-0.36,1.912,-0.844,0.172,0.533,100.933,-30.804,34.188,0.0,0.2,0.0,-0.1541089665988693
1790077081.313382,143452.0,56.42,18.005,176.527,2.68,-0.437,1.94,-0.844,0.172,0.533,100.933,-30.804,34.188,0.0,0.0,0.0,-0.1541089665988693
1790077081.325203,143457.0,56.422,18.014,176.531,2.642,-0.473,1.968,-0.844,0.172,0.533,100.933,-30.804,34.188,0.0,0.2,0.0,-0.15702489159884864
1790077081.325276,143463.0,56.423,18.022,176.535,2.608,-0.482,1.976,-0.844,0.172,0.533,100.933,-30.804,34.188,0.0,0.1,0.0,-0.15702489159884864
1790077081.329718,143468.0,56.425,18.031,176.539,2.6,-0.5,1.97,-0.844,0.171,0.533,100.932,-30.804,34.188,-0.2,-0.1,0.0,-0.15702489159884864
1790077081.337,143474.0,56.428,18.046,176.546,2.517,-0.6,1.985,-0.843,0.171,0.532,100.932,-30.804,34.188,0.0,0.0,0.0,-0.15702489159884864
1790077081.3407629,143479.0,56.428,18.046,176.546,2.517,-0.6,1.985,-0.843,0.171,0.532,100.932,-30.804,34.188,0.0,0.0,0.0,-0.15702489159884864
1790077081.346242,143485.0,56.43,18.06,176.552,2.421,-0.692,1.979,-0.844,0.171,0.532,100.932,-30.804,34.188,-0.2,-0.1,0.0,-0.15702489159884864
1790077081.353747,143490.0,56.432,18.067,176.556,2.418,-0.727,1.977,-0.845,0.171,0.531,100.932,-30.804,34.188,0.0,0.0,0.0,-0.15702489159884864
1790077081.357255,143496.0,56.433,18.074,176.559,2.407,-0.78,1.984,-0.845,0.172,0.53,100.932,-30.804,34.188,0.0,0.0,0.0,-0.1592312458000379
1790077081.362134,143501.0,56.433,18.081,176.563,2.341,-0.836,1.998,-0.845,0.172,0.53,100.932,-30.804,34.188,-0.1,-0.1,0.0,-0.1592312458000379
1790077081.379992,143507.0,56.434,18.088,176.566,2.274,-0.871,2.002,-0.845,0.173,0.529,100.932,-30.804,34.188,-0.1,0.2,0.0,-0.1592312458000379
1790077081.3801548,143513.0,56.435,18.095,176.57,2.226,-0.916,2.016,-0.846,0.174,0.528,100.932,-30.804,34.188,0.1,-0.1,0.0,-0.1592312458000379
1790077081.3802009,143518.0,56.436,18.102,176.575,2.169,-0.966,2.021,-0.846,0.174,0.527,100.932,-30.804,34.188,0.2,0.0,0.0,-0.1592312458000379
1790077081.3904839,143523.0,56.436,18.109,176.579,2.1,-0.999,2.023,-0.846,0.175,0.527,100.932,-30.804,34.188,-0.1,0.0,0.0,-0.1592312458000379
1790077081.3905559,143529.0,56.436,18.116,176.584,2.025,-1.05,2.049,-0.846,0.175,0.527,100.933,-30.804,34.188,0.2,-0.1,0.0,-0.1592312458000379
1790077081.395893,143534.0,56.435,18.128,176.592,1.865,-1.263,2.02,-0.845,0.175,0.526,100.933,-30.804,34.188,0.0,-0.1,0.0,-0.1622312458000379
1790077081.402451,143540.0,56.434,18.132,176.595,1.76,-1.376,2.006,-0.844,0.175,0.526,100.933,-30.804,34.188,0.0,-0.1,0.0,-0.1625149250001414
1790077081.407064,143546.0,56.432,18.136,176.598,1.682,-1.452,2.03,-0.844,0.175,0.526,100.933,-30.804,34.188,0.2,0.0,0.0,-0.1625149250001414
1790077081.412244,143551.0,56.43,18.139,176.601,1.628,-1.541,2.054,-0.844,0.174,0.526,100.933,-30.804,34.188,0.1,0.0,0.0,-0.16500381660007407
1790077081.420368,143557.0,56.427,18.141,176.604,1.546,-1.596,2.059,-0.844,0.174,0.526,100.933,-30.804,34.188,0.0,0.0,0.0,-0.16500381660007407
1790077081.424001,143563.0,56.425,18.144,176.607,1.468,-1.6,2.063,-0.844,0.174,0.526,100.933,-30.804,34.188,0.0,0.2,0.0,-0.16500381660007407
1790077081.430083,143568.0,56.422,18.145,176.609,1.388,-1.636,2.07,-0.844,0.174,0.525,100.933,-30.804,34.176,-0.1,-0.4,0.0,-0.16500381660007407
1790077081.437712,143574.0,56.419,18.146,176.612,1.279,-1.71,2.076,-0.844,0.174,0.525,100.933,-30.804,34.188,0.1,0.0,0.0,-0.16739434579940282
1790077081.441205,143580.0,56.413,18.147,176.617,1.101,-1.838,2.109,-0.845,0.175,0.525,100.933,-30.804,34.188,0.1,0.0,0.0,-0.16739434579940282
1790077081.4469628,143585.0,56.409,18.147,176.62,1.029,-1.911,2.128,-0.845,0.175,0.525,100.933,-30.804,34.188,0.2,0.0,0.0,-0.16739434579940282
1790077081.452372,143591.0,56.405,18.147,176.622,0.95,-2.021,2.122,-0.846,0.175,0.525,100.933,-30.804,34.188,0.0,0.0,0.0,-0.16739434579940282
1790077081.4572392,143596.0,56.401,18.145,176.624,0.895,-2.129,2.118,-0.846,0.174,0.525,100.933,-30.804,34.188,0.0,0.1,0.0,-0.16739434579940282
1790077081.4635332,143602.0,56.396,18.143,176.625,0.844,-2.212,2.126,-0.846,0.174,0.525,100.933,-30.804,34.188,-0.3,-0.2,0.0,-0.16990327079984127
1790077081.46851,143607.0,56.39,18.141,176.626,0.795,-2.274,2.124,-0.845,0.173,0.526,100.933,-30.804,34.188,0.0,0.1,0.0,-0.16990327079984127
1790077081.476135,143614.0,56.385,18.138,176.627,0.748,-2.357,2.137,-0.844,0.173,0.526,100.933,-30.804,34.188,0.0,0.0,0.0,-0.16990327079984127
1790077081.481225,143620.0,56.372,18.13,176.628,0.601,-2.475,2.183,-0.843,0.172,0.527,100.933,-30.804,34.188,-0.2,0.1,0.0,-0.16990327079984127
1790077081.4862232,143625.0,56.365,18.125,176.629,0.55,-2.521,2.206,-0.842,0.171,0.527,100.933,-30.804,34.188,0.1,0.0,0.0,-0.17234156249905938
1790077081.4933271,143631.0,56.357,18.119,176.629,0.345,-2.552,2.227,-0.842,0.171,0.528,100.933,-30.804,34.188,-0.1,0.0,0.0,-0.17234156249905938
1790077081.498545,143637.0,56.35,18.112,176.629,0.191,-2.587,2.249,-0.841,0.171,0.528,100.933,-30.804,34.188,0.0,-0.1,0.0,-0.17234156249905938
1790077081.504339,143643.0,56.342,18.106,176.629,0.207,-2.596,2.28,-0.841,0.17,0.529,100.933,-30.804,34.188,-0.1,0.0,0.0,-0.17449793749983655
1790077081.5092192,143648.0,56.334,18.099,176.63,0.184,-2.607,2.294,-0.841,0.17,0.529,100.933,-30.804,34.188,0.0,0.3,0.0,-0.17449793749983655
1790077081.519907,143653.0,56.326,18.092,176.631,0.174,-2.604,2.316,-0.842,0.17,0.529,100.933,-30.804,34.188,0.0,-0.2,0.0,-0.17449793749983655
1790077081.520274,143659.0,56.311,18.08,176.633,0.158,-2.565,2.361,-0.843,0.171,0.53,100.933,-30.804,34.188,0.0,0.2,0.0,-0.17449793749983655
1790077081.5253341,143664.0,56.311,18.08,176.633,0.158,-2.565,2.361,-0.843,0.171,0.53,100.933,-30.804,34.188,0.2,0.2,0.0,-0.17449793749983655
1790077081.5316339,143670.0,56.295,18.068,176.635,0.167,-2.582,2.387,-0.844,0.171,0.531,100.933,-30.804,34.188,0.0,0.1,0.0,-0.1768547250001575
1790077081.5365179,143675.0,56.288,18.062,176.637,0.167,-2.58,2.406,-0.844,0.171,0.531,100.933,-30.804,34.188,0.3,0.2,0.0,-0.1768547250001575
1790077081.542374,143681.0,56.28,18.057,176.638,0.151,-2.56,2.422,-0.844,0.171,0.532,100.933,-30.804,34.188,0.1,0.2,0.0,-0.1768547250001575
1790077081.547136,143686.0,56.272,18.051,176.64,0.119,-2.52,2.454,-0.845,0.171,0.532,100.933,-30.804,34.188,0.0,-0.1,0.0,-0.1768547250001575
1790077081.5528698,143691.0,56.265,18.045,176.643,0.097,-2.466,2.48,-0.845,0.17,0.532,100.933,-30.804,34.188,0.0,0.0,0.0,-0.17922687079990285
1790077081.558571,143697.0,56.258,18.04,176.646,0.057,-2.432,2.509,-0.846,0.17,0.532,100.933,-30.804,34.188,-0.3,-0.1,0.0,-0.17922687079990285
1790077081.563634,143702.0,56.251,18.035,176.649,0.002,-2.418,2.526,-0.845,0.171,0.531,100.933,-30.804,34.188,0.2,0.0,0.0,-0.17922687079990285
1790077081.5686889,143707.0,56.244,18.029,176.652,-0.031,-2.425,2.53,-0.845,0.171,0.531,100.933,-30.804,34.188,-0.2,0.0,0.0,-0.17922687079990285
1790077081.574193,143713.0,56.238,18.024,176.655,-0.068,-2.429,2.541,-0.845,0.171,0.531,100.933,-30.804,34.188,-0.2,-0.2,0.0,-0.18123279579886004
1790077081.580422,143719.0,56.224,18.013,176.663,-0.161,-2.389,2.61,-0.845,0.171,0.531,100.934,-30.804,34.188,0.2,0.0,0.0,-0.18123279579886004
1790077081.586834,143725.0,56.217,18.009,176.668,-0.17,-2.346,2.666,-0.845,0.171,0.531,100.934,-30.804,34.188,0.2,0.3,0.0,-0.18123279579886004
1790077081.5921202,143731.0,56.211,18.004,176.673,-0.167,-2.307,2.685,-0.845,0.171,0.532,100.934,-30.804,34.188,0.0,0.2,0.0,-0.18123279579886004
1790077081.59801,143736.0,56.204,18.0,176.678,-0.134,-2.28,2.675,-0.845,0.171,0.532,100.934,-30.804,34.188,-0.1,-0.2,0.0,-0.18123279579886004
1790077081.604136,143743.0,56.198,17.996,176.683,-0.114,-2.237,2.677,-0.844,0.171,0.533,100.934,-30.804,34.188,0.1,0.0,0.0,-0.18373811659985223
1790077081.609269,143748.0,56.191,17.991,176.687,-0.115,-2.2,2.67,-0.845,0.171,0.534,100.934,-30.804,34.188,-0.1,0.3,0.0,-0.18373811659985223
1790077081.6148648,143753.0,56.185,17.986,176.692,-0.116,-2.173,2.676,-0.845,0.17,0.535,100.934,-30.804,34.188,0.0,-0.1,0.0,-0.18373811659985223
1790077081.620395,143759.0,56.172,17.977,176.701,-0.061,-2.082,2.711,-0.845,0.169,0.537,100.934,-30.804,34.188,-0.1,0.0,0.0,-0.18373811659985223
1790077081.625408,143764.0,56.172,17.977,176.701,-0.061,-2.082,2.711,-0.845,0.169,0.537,100.934,-30.804,34.188,0.0,-0.1,0.0,-0.18624222079961328
1790077081.630507,143769.0,56.16,17.968,176.711,-0.056,-1.963,2.728,-0.845,0.169,0.538,100.934,-30.804,34.188,-0.1,0.2,0.0,-0.18624222079961328
1790077081.635506,143774.0,56.155,17.964,176.717,-0.024,-1.918,2.767,-0.845,0.169,0.538,100.934,-30.804,34.188,0.1,-0.1,0.0,-0.18624222079961328
1790077081.642011,143780.0,56.149,17.961,176.723,0.036,-1.857,2.776,-0.845,0.169,0.538,100.933,-30.804,34.188,0.0,0.0,0.0,-0.18624222079961328
1790077081.6473842,143786.0,56.145,17.958,176.729,0.057,-1.797,2.761,-0.846,0.169,0.537,100.933,-30.804,34.188,-0.1,-0.1,0.0,-0.18624222079961328
1790077081.653622,143792.0,56.14,17.955,176.735,0.028,-1.741,2.778,-0.846,0.169,0.536,100.933,-30.804,34.188,0.0,0.4,0.0,-0.188750433298992
1790077081.658674,143797.0,56.136,17.953,176.742,-0.008,-1.703,2.803,-0.846,0.17,0.536,100.933,-30.804,34.188,0.0,-0.1,0.0,-0.188750433298992
1790077081.663979,143802.0,56.132,17.951,176.749,-0.041,-1.67,2.81,-0.846,0.17,0.535,100.933,-30.804,34.188,0.0,0.0,0.0,-0.188750433298992
1790077081.669344,143808.0,56.129,17.949,176.757,-0.071,-1.613,2.82,-0.847,0.17,0.534,100.933,-30.816,34.188,-0.3,0.0,0.0,-0.188750433298992
1790077081.6748009,143813.0,56.126,17.947,176.765,-0.081,-1.553,2.824,-0.847,0.17,0.533,100.933,-30.804,34.188,0.3,0.0,0.0,-0.19083096659887816
1790077081.6804821,143819.0,56.121,17.944,176.781,-0.057,-1.497,2.848,-0.848,0.169,0.533,100.933,-30.804,34.188,-0.3,0.2,0.0,-0.19083096659887816
1790077081.68674,143825.0,56.119,17.943,176.789,-0.045,-1.447,2.887,-0.847,0.168,0.533,100.933,-30.804,34.188,0.0,-0.2,0.0,-0.19083096659887816
1790077081.6932638,143831.0,56.117,17.941,176.798,-0.039,-1.444,2.944,-0.847,0.168,0.532,100.933,-30.804,34.188,0.0,0.0,0.0,-0.1933391540995217
1790077081.69889,143837.0,56.115,17.94,176.807,-0.048,-1.454,2.995,-0.847,0.167,0.532,100.933,-30.804,34.188,0.0,0.3,0.0,-0.1933391540995217
1790077081.704343,143843.0,56.112,17.939,176.815,-0.054,-1.452,3.026,-0.847,0.166,0.532,100.933,-30.804,34.188,0.2,-0.4,0.0,-0.1933391540995217
1790077081.710625,143849.0,56.11,17.938,176.825,-0.042,-1.456,3.076,-0.847,0.166,0.532,100.933,-30.804,34.188,-0.1,-0.1,0.0,-0.19541162079985952
1790077081.7173362,143855.0,56.106,17.939,176.845,-0.015,-1.393,3.15,-0.847,0.167,0.531,100.933,-30.804,34.188,0.0,0.1,0.0,-0.19541162079985952
1790077081.722163,143861.0,56.104,17.94,176.856,0.003,-1.412,3.16,-0.847,0.168,0.53,100.933,-30.804,34.188,0.0,0.0,0.0,-0.19541162079985952
1790077081.7284758,143867.0,56.102,17.942,176.868,0.002,-1.435,3.174,-0.847,0.169,0.53,100.933,-30.804,34.188,0.0,0.0,0.0,-0.19541162079985952
1790077081.735368,143872.0,56.1,17.944,176.88,-0.029,-1.45,3.21,-0.847,0.17,0.529,100.933,-30.804,34.188,0.0,0.0,0.0,-0.19541162079985952
1790077081.739989,143878.0,56.098,17.946,176.892,-0.052,-1.476,3.214,-0.848,0.171,0.528,100.933,-30.804,34.188,0.0,0.0,0.0,-0.19541162079985952
1790077081.7459462,143884.0,56.093,17.951,176.917,-0.032,-1.549,3.198,-0.847,0.172,0.528,100.933,-30.804,34.176,0.3,-0.3,0.0,-0.1975685415993212
1790077081.752096,143890.0,56.09,17.953,176.928,-0.023,-1.547,3.173,-0.846,0.171,0.528,100.933,-30.804,34.176,0.0,-0.2,0.0,-0.1975685415993212
1790077081.7566872,143895.0,56.088,17.955,176.94,-0.019,-1.548,3.159,-0.845,0.171,0.528,100.933,-30.804,34.188,0.2,0.0,0.0,-0.1975685415993212
1790077081.762232,143900.0,56.085,17.956,176.951,-0.013,-1.549,3.159,-0.844,0.17,0.528,100.933,-30.804,34.188,0.2,0.0,0.0,-0.2000350999995135
1790077081.768973,143906.0,56.082,17.957,176.962,-0.02,-1.535,3.162,-0.843,0.169,0.528,100.933,-30.804,34.188,0.0,0.1,0.0,-0.2000350999995135
1790077081.773526,143912.0,56.08,17.958,176.973,-0.023,-1.533,3.188,-0.842,0.168,0.528,100.933,-30.804,34.188,-0.1,-0.1,0.0,-0.2000350999995135
1790077081.778548,143917.0,56.077,17.959,176.984,0.003,-1.532,3.219,-0.842,0.167,0.529,100.933,-30.804,34.188,-0.1,0.4,0.0,-0.2000350999995135
1790077081.785913,143924.0,56.074,17.96,176.995,0.026,-1.532,3.217,-0.842,0.167,0.529,100.933,-30.804,34.188,0.0,0.0,0.0,-0.20206825409986778
1790077081.7914062,143930.0,56.068,17.963,177.017,0.023,-1.519,3.212,-0.842,0.168,0.529,100.933,-30.804,34.188,-0.1,0.0,0.0,-0.20206825409986778
1790077081.79635,143935.0,56.066,17.964,177.028,0.031,-1.496,3.193,-0.842,0.169,0.529,100.933,-30.804,34.188,0.1,0.1,0.0,-0.20206825409986778
1790077081.8021388,143941.0,56.063,17.966,177.039,0.03,-1.463,3.181,-0.843,0.169,0.529,100.933,-30.804,34.188,-0.2,0.0,0.0,-0.2045535540994024
1790077081.807343,143946.0,56.061,17.968,177.051,0.023,-1.45,3.156,-0.843,0.169,0.529,100.933,-30.804,34.188,0.1,-0.2,0.0,-0.2045535540994024
1790077081.812186,143951.0,56.059,17.969,177.062,0.027,-1.475,3.122,-0.844,0.17,0.529,100.933,-30.804,34.188,0.1,0.0,0.0,-0.2045535540994024
1790077081.818678,143957.0,56.056,17.97,177.072,0.049,-1.499,3.074,-0.844,0.17,0.529,100.933,-30.804,34.188,0.1,0.4,0.0,-0.2045535540994024
1790077081.823694,143962.0,56.054,17.971,177.082,0.089,-1.518,3.024,-0.844,0.17,0.53,100.934,-30.804,34.188,-0.1,0.0,0.0,-0.20665446249913658
1790077081.8299751,143968.0,56.051,17.972,177.092,0.129,-1.498,3.011,-0.844,0.17,0.53,100.934,-30.804,34.188,0.1,-0.3,0.0,-0.20665446249913658
1790077081.837941,143974.0,56.049,17.973,177.102,0.148,-1.467,2.98,-0.844,0.171,0.531,100.934,-30.804,34.188,0.2,0.2,0.0,-0.20665446249913658
1790077081.84114,143980.0,56.044,17.975,177.121,0.188,-1.48,2.934,-0.845,0.171,0.532,100.934,-30.804,34.188,0.0,0.1,0.0,-0.20665446249913658
1790077081.8472881,143986.0,56.042,17.976,177.13,0.251,-1.456,2.89,-0.845,0.171,0.532,100.934,-30.804,34.188,0.0,-0.2,0.0,-0.20665446249913658
1790077081.857165,143991.0,56.04,17.977,177.139,0.324,-1.427,2.85,-0.845,0.171,0.533,100.934,-30.804,34.188,0.0,0.0,0.0,-0.20876889579958516
1790077081.857367,143996.0,56.038,17.978,177.147,0.381,-1.405,2.826,-0.845,0.171,0.533,100.934,-30.804,34.188,0.0,0.0,0.0,-0.20876889579958516
1790077081.862188,144001.0,56.036,17.979,177.155,0.405,-1.389,2.803,-0.845,0.171,0.534,100.934,-30.804,34.188,0.0,0.0,0.0,-0.20876889579958516
1790077081.8741372,144007.0,56.034,17.98,177.163,0.435,-1.349,2.785,-0.845,0.171,0.534,100.934,-30.804,34.188,0.0,0.3,0.0,-0.21176889579958516
1790077081.874432,144012.0,56.032,17.981,177.171,0.458,-1.306,2.75,-0.845,0.17,0.534,100.934,-30.816,34.188,-0.4,0.1,0.0,-0.21176889579958516
1790077081.879155,144018.0,56.031,17.982,177.179,0.466,-1.249,2.71,-0.845,0.17,0.535,100.934,-30.804,34.188,0.2,0.0,0.0,-0.21176889579958516
1790077081.8885329,144024.0,56.029,17.982,177.193,0.515,-1.123,2.59,-0.844,0.17,0.535,100.933,-30.804,34.188,0.2,-0.1,0.0,-0.2119255332989269
1790077081.8921988,144031.0,56.028,17.983,177.2,0.563,-1.094,2.552,-0.843,0.171,0.535,100.933,-30.804,34.188,-0.2,0.0,0.0,-0.2119255332989269
1790077081.903976,144037.0,56.028,17.983,177.206,0.589,-1.035,2.512,-0.842,0.171,0.535,100.933,-30.804,34.188,-0.2,0.2,0.0,-0.2119255332989269
1790077081.904042,144042.0,56.028,17.984,177.213,0.623,-0.987,2.458,-0.842,0.171,0.535,100.933,-30.804,34.188,0.0,0.0,0.0,-0.2119255332989269
1790077081.908579,144047.0,56.027,17.984,177.219,0.642,-0.955,2.389,-0.841,0.172,0.535,100.933,-30.804,34.176,0.1,-0.3,0.0,-0.2149255332989269
1790077081.913815,144052.0,56.028,17.985,177.225,0.658,-0.912,2.333,-0.841,0.172,0.534,100.933,-30.804,34.188,0.0,0.0,0.0,-0.2149265125000966
1790077081.9237819,144058.0,56.028,17.985,177.231,0.698,-0.852,2.299,-0.841,0.172,0.534,100.933,-30.804,34.176,-0.1,-0.2,0.0,-0.2149265125000966
1790077081.925506,144064.0,56.03,17.987,177.242,0.784,-0.807,2.199,-0.84,0.172,0.533,100.933,-30.804,34.188,0.4,0.0,0.0,-0.2149265125000966
1790077081.930518,144069.0,56.031,17.987,177.246,0.819,-0.809,2.135,-0.841,0.172,0.533,100.933,-30.804,34.176,0.0,-0.2,0.0,-0.2149265125000966
1790077081.9393458,144074.0,56.033,17.987,177.251,0.823,-0.757,2.085,-0.841,0.172,0.533,100.933,-30.804,34.188,-0.2,0.0,0.0,-0.21706267499976095
1790077081.9408798,144079.0,56.033,17.987,177.251,0.823,-0.757,2.085,-0.841,0.172,0.533,100.933,-30.804,34.176,0.0,0.0,0.0,-0.21706267499976095
1790077081.946214,144085.0,56.038,17.986,177.259,0.781,-0.654,1.996,-0.843,0.173,0.532,100.933,-30.804,34.188,0.1,0.0,0.0,-0.21706267499976095
1790077081.9585578,144090.0,56.04,17.986,177.263,0.792,-0.658,1.957,-0.843,0.173,0.531,100.933,-30.804,34.188,-0.1,0.1,0.0,-0.21706267499976095
1790077081.958753,144096.0,56.043,17.986,177.267,0.759,-0.659,1.935,-0.844,0.174,0.531,100.933,-30.804,34.188,0.0,0.1,0.0,-0.21706267499976095
1790077081.96299,144101.0,56.046,17.985,177.271,0.701,-0.658,1.903,-0.845,0.174,0.53,100.933,-30.804,34.188,0.1,0.0,0.0,-0.22033953749923968
1790077081.971575,144107.0,56.049,17.984,177.275,0.639,-0.697,1.856,-0.845,0.175,0.53,100.933,-30.804,34.188,0.0,0.0,0.0,-0.22033953749923968
1790077081.9742699,144113.0,56.053,17.983,177.278,0.584,-0.746,1.801,-0.846,0.175,0.529,100.933,-30.804,34.188,0.0,0.0,0.0,-0.22033953749923968
1790077081.980368,144119.0,56.059,17.977,177.282,0.524,-0.79,1.647,-0.846,0.174,0.529,100.933,-30.804,34.176,0.1,-0.2,0.0,-0.22033953749923968
1790077081.9913101,144124.0,56.059,17.977,177.282,0.524,-0.79,1.647,-0.846,0.174,0.529,100.933,-30.804,34.188,-0.1,0.1,0.0,-0.22033953749923968
1790077081.991522,144130.0,56.065,17.968,177.283,0.438,-0.87,1.513,-0.845,0.174,0.528,100.933,-30.804,34.188,0.0,0.1,0.0,-0.22033953749923968
1790077081.9966521,144135.0,56.069,17.962,177.283,0.371,-0.889,1.5,-0.845,0.173,0.528,100.933,-30.804,34.176,0.0,-0.3,0.0,-0.22333953749923968
1790077082.007332,144141.0,56.071,17.956,177.283,0.295,-0.912,1.498,-0.844,0.173,0.528,100.933,-30.804,34.188,0.0,0.0,0.0,-0.2235777041001711
1790077082.008109,144146.0,56.074,17.949,177.282,0.224,-0.952,1.471,-0.843,0.172,0.528,100.933,-30.804,34.188,0.0,0.0,0.0,-0.2235777041001711
1790077082.021364,144153.0,56.077,17.941,177.281,0.177,-0.994,1.428,-0.843,0.172,0.527,100.933,-30.804,34.188,0.1,0.0,0.0,-0.2235777041001711
1790077082.0214322,144159.0,56.081,17.925,177.278,0.065,-1.068,1.378,-0.842,0.172,0.528,100.933,-30.804,34.188,0.0,0.0,0.0,-0.2235777041001711
1790077082.026177,144164.0,56.081,17.925,177.278,0.065,-1.068,1.378,-0.842,0.172,0.528,100.933,-30.804,34.188,-0.3,0.0,0.0,-0.2258924165987992
1790077082.041429,144170.0,56.084,17.905,177.272,0.022,-1.162,1.27,-0.841,0.172,0.529,100.933,-30.804,34.176,0.1,-0.2,0.0,-0.2258924165987992
1790077082.0416052,144175.0,56.085,17.894,177.268,-0.009,-1.2,1.241,-0.84,0.171,0.53,100.933,-30.804,34.176,0.0,-0.3,0.0,-0.2258924165987992
1790077082.041725,144180.0,56.086,17.883,177.264,-0.031,-1.159,1.236,-0.84,0.171,0.53,100.933,-30.816,34.176,-0.4,-0.2,0.0,-0.2258924165987992
1790077082.054179,144186.0,56.088,17.872,177.26,-0.056,-1.111,1.246,-0.839,0.17,0.531,100.933,-30.804,34.188,0.0,0.2,0.0,-0.2287047707999591
1790077082.0543969,144192.0,56.089,17.86,177.256,-0.081,-1.109,1.245,-0.84,0.17,0.532,100.933,-30.804,34.176,0.2,-0.1,0.0,-0.2287047707999591
1790077082.058534,144197.0,56.09,17.849,177.252,-0.104,-1.087,1.248,-0.84,0.17,0.532,100.933,-30.804,34.188,0.1,0.2,0.0,-0.2287047707999591
1790077082.077161,144203.0,56.092,17.837,177.248,-0.118,-1.025,1.261,-0.84,0.17,0.532,100.933,-30.804,34.176,-0.1,-0.2,0.0,-0.2287047707999591
1790077082.07811,144209.0,56.095,17.815,177.242,-0.201,-0.982,1.298,-0.84,0.171,0.532,100.933,-30.804,34.188,0.0,0.1,0.0,-0.2317047707999591
1790077082.078181,144214.0,56.097,17.804,177.239,-0.263,-0.989,1.281,-0.84,0.171,0.531,100.933,-30.804,34.176,0.1,0.0,0.0,-0.2317047707999591
1790077082.0905511,144220.0,56.098,17.793,177.237,-0.293,-1.002,1.257,-0.841,0.172,0.53,100.933,-30.804,34.188,-0.2,0.1,0.0,-0.23228077909880085
1790077082.090724,144225.0,56.101,17.782,177.235,-0.336,-0.964,1.263,-0.841,0.173,0.53,100.933,-30.804,34.176,0.0,0.0,0.0,-0.23228077909880085
1790077082.093119,144231.0,56.103,17.771,177.233,-0.386,-0.959,1.256,-0.841,0.173,0.53,100.933,-30.804,34.176,0.0,-0.3,0.0,-0.23228077909880085
1790077082.1052039,144237.0,56.105,17.76,177.23,-0.425,-0.984,1.238,-0.842,0.173,0.53,100.933,-30.804,34.176,0.1,0.0,0.0,-0.23503752499964323
1790077082.1052868,144243.0,56.107,17.748,177.228,-0.454,-1.011,1.228,-0.842,0.173,0.53,100.933,-30.804,34.176,0.0,0.0,0.0,-0.23503752499964323
1790077082.111739,144248.0,56.109,17.736,177.225,-0.47,-1.035,1.217,-0.843,0.172,0.53,100.933,-30.804,34.188,-0.1,0.1,0.0,-0.23503752499964323
1790077082.121077,144254.0,56.113,17.711,177.219,-0.507,-1.074,1.27,-0.844,0.171,0.531,100.933,-30.804,34.176,0.1,-0.2,0.0,-0.23503752499964323
1790077082.1211882,144259.0,56.113,17.711,177.219,-0.507,-1.074,1.27,-0.844,0.171,0.531,100.933,-30.804,34.176,0.0,-0.1,0.0,-0.23503752499964323
1790077082.126678,144265.0,56.116,17.686,177.214,-0.502,-1.077,1.358,-0.845,0.169,0.533,100.933,-30.804,34.176,0.0,0.1,0.0,-0.23503752499964323
1790077082.137701,144271.0,56.118,17.673,177.211,-0.514,-1.055,1.377,-0.845,0.168,0.534,100.933,-30.804,34.176,0.3,0.0,0.0,-0.23754358329897515
1790077082.138582,144277.0,56.119,17.661,177.208,-0.509,-1.033,1.42,-0.845,0.168,0.535,100.933,-30.804,34.188,-0.3,0.2,0.0,-0.23754358329897515
1790077082.144235,144283.0,56.12,17.648,177.205,-0.487,-1.019,1.442,-0.845,0.167,0.535,100.933,-30.804,34.176,0.0,0.0,0.0,-0.23754358329897515
1790077082.1643,144289.0,56.123,17.623,177.2,-0.427,-0.996,1.498,-0.845,0.166,0.536,100.933,-30.804,34.176,0.1,-0.3,0.0,-0.23984514999901876
1790077082.164362,144294.0,56.124,17.611,177.198,-0.416,-0.989,1.558,-0.845,0.166,0.537,100.933,-30.804,34.188,0.0,0.1,0.0,-0.23984514999901876
1790077082.1643908,144299.0,56.125,17.6,177.197,-0.386,-0.962,1.611,-0.844,0.166,0.537,100.933,-30.804,34.176,-0.2,0.0,0.0,-0.23984514999901876
1790077082.1666849,144305.0,56.126,17.589,177.196,-0.339,-0.929,1.654,-0.844,0.166,0.537,100.933,-30.804,34.188,0.0,0.2,0.0,-0.23984514999901876
1790077082.178949,144311.0,56.128,17.579,177.196,-0.297,-0.872,1.671,-0.844,0.166,0.537,100.933,-30.804,34.176,0.0,0.0,0.0,-0.23984514999901876
1790077082.179038,144317.0,56.129,17.57,177.195,-0.265,-0.84,1.677,-0.843,0.166,0.537,100.933,-30.804,34.176,0.0,0.0,0.0,-0.23984514999901876
1790077082.1844711,144323.0,56.13,17.561,177.195,-0.233,-0.841,1.7,-0.843,0.166,0.537,100.933,-30.804,34.176,0.1,-0.3,0.0,-0.24245447499997683
1790077082.1905751,144329.0,56.133,17.543,177.196,-0.225,-0.79,1.763,-0.842,0.166,0.536,100.933,-30.804,34.176,-0.2,0.0,0.0,-0.24245447499997683
1790077082.1957078,144334.0,56.135,17.535,177.197,-0.239,-0.759,1.824,-0.842,0.166,0.536,100.933,-30.804,34.176,-0.1,-0.1,0.0,-0.24245447499997683
1790077082.2013261,144340.0,56.136,17.527,177.199,-0.226,-0.709,1.883,-0.842,0.166,0.536,100.933,-30.804,34.176,0.1,0.0,0.0,-0.24245447499997683
1790077082.2072399,144346.0,56.138,17.52,177.201,-0.168,-0.671,1.95,-0.843,0.165,0.537,100.933,-30.804,34.176,-0.1,0.1,0.0,-0.24245447499997683
1790077082.2134778,144352.0,56.14,17.514,177.204,-0.113,-0.628,2.008,-0.843,0.165,0.537,100.933,-30.804,34.188,0.0,0.2,0.0,-0.24245447499997683
1790077082.2185621,144357.0,56.142,17.508,177.208,-0.072,-0.584,2.052,-0.843,0.165,0.537,100.933,-30.804,34.176,0.2,-0.2,0.0,-0.24494552499963904
1790077082.224274,144363.0,56.144,17.502,177.211,-0.06,-0.558,2.092,-0.843,0.164,0.538,100.933,-30.804,34.176,0.3,0.0,0.0,-0.24494552499963904
1790077082.229401,144368.0,56.146,17.497,177.215,-0.05,-0.53,2.151,-0.844,0.164,0.538,100.933,-30.804,34.176,0.0,0.0,0.0,-0.24494552499963904
1790077082.235292,144374.0,56.151,17.489,177.225,-0.004,-0.439,2.287,-0.844,0.164,0.537,100.933,-30.804,34.176,0.0,0.0,0.0,-0.2469788707996486
1790077082.2416918,144380.0,56.153,17.486,177.231,0.004,-0.42,2.341,-0.845,0.164,0.537,100.934,-30.804,34.176,0.1,-0.1,0.0,-0.2469788707996486
1790077082.247117,144385.0,56.156,17.483,177.238,0.003,-0.394,2.394,-0.845,0.164,0.536,100.934,-30.804,34.176,0.0,0.0,0.0,-0.2469788707996486
1790077082.252372,144391.0,56.159,17.481,177.245,0.014,-0.379,2.458,-0.845,0.164,0.535,100.934,-30.804,34.176,-0.1,-0.1,0.0,-0.2469788707996486
1790077082.257192,144396.0,56.162,17.48,177.254,0.061,-0.379,2.511,-0.846,0.165,0.534,100.934,-30.804,34.176,0.0,0.0,0.0,-0.2492040375000215
1790077082.263745,144402.0,56.165,17.48,177.262,0.075,-0.409,2.551,-0.846,0.166,0.533,100.934,-30.804,34.176,0.0,0.0,0.0,-0.2492040375000215
1790077082.271279,144407.0,56.168,17.481,177.272,0.087,-0.441,2.594,-0.846,0.166,0.532,100.934,-30.804,34.176,-0.2,0.0,0.0,-0.2492040375000215
1790077082.274399,144413.0,56.171,17.482,177.282,0.104,-0.461,2.623,-0.846,0.167,0.532,100.934,-30.804,34.176,0.1,0.0,0.0,-0.2517369332999806
1790077082.280823,144419.0,56.175,17.484,177.302,0.097,-0.536,2.665,-0.846,0.168,0.532,100.934,-30.804,34.188,0.1,0.1,0.0,-0.2517369332999806
1790077082.286654,144425.0,56.177,17.486,177.313,0.086,-0.554,2.702,-0.845,0.168,0.533,100.934,-30.804,34.188,-0.3,0.1,0.0,-0.2517369332999806
1790077082.291182,144430.0,56.179,17.487,177.323,0.09,-0.566,2.717,-0.844,0.168,0.534,100.934,-30.804,34.176,0.1,-0.3,0.0,-0.2517369332999806
1790077082.297031,144436.0,56.18,17.49,177.333,0.236,-0.568,2.71,-0.844,0.168,0.535,100.934,-30.804,34.176,-0.1,-0.1,0.0,-0.2517369332999806
1790077082.303958,144442.0,56.181,17.492,177.344,0.373,-0.545,2.714,-0.843,0.168,0.537,100.934,-30.804,34.176,0.3,-0.1,0.0,-0.2543014832990593
1790077082.309242,144448.0,56.182,17.495,177.354,0.334,-0.493,2.708,-0.842,0.168,0.538,100.934,-30.804,34.176,0.0,0.0,0.0,-0.2543014832990593
1790077082.315945,144455.0,56.183,17.499,177.375,0.269,-0.378,2.741,-0.84,0.167,0.54,100.934,-30.804,34.188,-0.1,0.2,0.0,-0.2543014832990593
1790077082.321416,144460.0,56.184,17.501,177.385,0.248,-0.334,2.739,-0.839,0.167,0.54,100.934,-30.804,34.176,0.1,-0.1,0.0,-0.2543014832990593
1790077082.3269298,144465.0,56.185,17.502,177.395,0.264,-0.263,2.759,-0.839,0.166,0.541,100.934,-30.804,34.176,0.2,0.0,0.0,-0.2543014832990593
1790077082.334015,144471.0,56.187,17.505,177.406,0.278,-0.153,2.782,-0.838,0.166,0.541,100.934,-30.804,34.176,-0.1,0.0,0.0,-0.2543014832990593
1790077082.338227,144476.0,56.189,17.508,177.418,0.309,-0.04,2.78,-0.838,0.167,0.541,100.934,-30.804,34.176,0.0,0.0,0.0,-0.2567571749998024
1790077082.3435168,144482.0,56.191,17.511,177.43,0.343,0.039,2.787,-0.837,0.167,0.54,100.934,-30.804,34.176,-0.2,0.0,0.0,-0.2567571749998024
1790077082.349866,144487.0,56.194,17.515,177.442,0.356,0.09,2.8,-0.837,0.168,0.539,100.934,-30.804,34.176,-0.1,0.0,0.0,-0.2567571749998024
1790077082.354901,144493.0,56.197,17.52,177.455,0.37,0.138,2.803,-0.837,0.168,0.538,100.934,-30.804,34.176,0.0,0.0,0.0,-0.2589056625001831
1790077082.360348,144499.0,56.203,17.531,177.481,0.364,0.166,2.785,-0.837,0.17,0.535,100.934,-30.804,34.176,0.0,-0.2,0.0,-0.2589056625001831
1790077082.366169,144504.0,56.203,17.531,177.481,0.364,0.166,2.785,-0.837,0.17,0.535,100.934,-30.804,34.176,-0.1,-0.4,0.0,-0.2589056625001831
1790077082.371459,144510.0,56.211,17.543,177.51,0.256,0.154,2.79,-0.838,0.172,0.533,100.932,-30.804,34.176,0.0,0.1,0.0,-0.2589056625001831
1790077082.3781471,144516.0,56.215,17.549,177.525,0.171,0.142,2.808,-0.839,0.173,0.531,100.932,-30.804,34.176,0.4,0.1,0.0,-0.2613827458000742
1790077082.386637,144522.0,56.219,17.556,177.54,0.107,0.106,2.804,-0.84,0.174,0.53,100.932,-30.804,34.176,0.0,0.0,0.0,-0.2613827458000742
1790077082.389246,144528.0,56.223,17.562,177.555,0.044,0.032,2.801,-0.841,0.174,0.529,100.932,-30.804,34.176,0.0,0.0,0.0,-0.2613827458000742
1790077082.394218,144533.0,56.227,17.567,177.57,-0.016,-0.061,2.779,-0.841,0.174,0.528,100.932,-30.804,34.176,0.0,0.1,0.0,-0.2639019832990016
1790077082.401402,144539.0,56.234,17.576,177.599,-0.175,-0.261,2.794,-0.842,0.173,0.527,100.932,-30.804,34.176,0.2,-0.3,0.0,-0.2639019832990016
1790077082.40673,144545.0,56.237,17.58,177.613,-0.247,-0.323,2.814,-0.842,0.173,0.526,100.932,-30.804,34.176,0.1,0.3,0.0,-0.2639019832990016
1790077082.41226,144551.0,56.24,17.583,177.627,-0.313,-0.428,2.838,-0.843,0.172,0.525,100.932,-30.804,34.176,0.0,-0.2,0.0,-0.2639019832990016
1790077082.4189382,144557.0,56.243,17.585,177.64,-0.388,-0.525,2.859,-0.843,0.171,0.525,100.932,-30.804,34.176,0.0,0.1,0.0,-0.2639019832990016
1790077082.424302,144563.0,56.245,17.587,177.654,-0.459,-0.607,2.889,-0.843,0.171,0.525,100.932,-30.804,34.176,0.0,0.0,0.0,-0.2662953874998493
1790077082.438675,144569.0,56.247,17.59,177.681,-0.642,-0.85,2.958,-0.843,0.172,0.524,100.932,-30.804,34.176,0.1,0.1,0.0,-0.2662953874998493
1790077082.438828,144574.0,56.248,17.591,177.695,-0.739,-0.976,2.987,-0.844,0.172,0.523,100.932,-30.804,34.176,0.1,0.1,0.0,-0.2662953874998493
1790077082.441986,144580.0,56.247,17.592,177.709,-0.857,-1.114,3.015,-0.844,0.173,0.523,100.932,-30.804,34.176,-0.3,0.0,0.0,-0.2662953874998493
1790077082.454814,144586.0,56.246,17.592,177.723,-0.971,-1.227,3.041,-0.844,0.174,0.523,100.932,-30.804,34.176,0.2,-0.1,0.0,-0.26873096249910305
1790077082.4549801,144592.0,56.245,17.592,177.737,-1.047,-1.321,3.041,-0.844,0.174,0.523,100.932,-30.804,34.176,0.1,-0.1,0.0,-0.26873096249910305
1790077082.458997,144598.0,56.244,17.592,177.751,-1.091,-1.411,3.031,-0.844,0.175,0.523,100.932,-30.804,34.176,0.0,0.1,0.0,-0.26873096249910305
1790077082.468648,144604.0,56.239,17.589,177.778,-1.247,-1.606,2.98,-0.843,0.176,0.523,100.932,-30.804,34.176,0.0,0.0,0.0,-0.26873096249910305
1790077082.471322,144610.0,56.235,17.587,177.791,-1.31,-1.702,2.942,-0.843,0.176,0.524,100.932,-30.804,34.176,-0.2,-0.2,0.0,-0.26873096249910305
1790077082.476526,144615.0,56.232,17.584,177.803,-1.366,-1.786,2.895,-0.842,0.176,0.524,100.932,-30.804,34.176,-0.2,-0.1,0.0,-0.2711717749989475
1790077082.4856682,144621.0,56.227,17.58,177.814,-1.417,-1.878,2.853,-0.842,0.176,0.526,100.932,-30.804,34.176,0.2,-0.1,0.0,-0.2711717749989475
1790077082.48787,144626.0,56.222,17.575,177.825,-1.454,-1.957,2.817,-0.841,0.176,0.527,100.932,-30.804,34.176,-0.2,0.1,0.0,-0.2711717749989475
1790077082.493807,144632.0,56.217,17.569,177.835,-1.466,-2.003,2.794,-0.84,0.176,0.528,100.932,-30.804,34.176,0.1,0.0,0.0,-0.2734961790993111
1790077082.501546,144638.0,56.211,17.563,177.845,-1.494,-2.053,2.765,-0.839,0.175,0.528,100.932,-30.804,34.176,0.2,0.0,0.0,-0.2734961790993111
1790077082.504672,144643.0,56.205,17.556,177.854,-1.511,-2.05,2.748,-0.839,0.174,0.529,100.932,-30.804,34.176,0.0,0.1,0.0,-0.2734961790993111
1790077082.510528,144649.0,56.199,17.549,177.862,-1.513,-2.009,2.74,-0.839,0.173,0.53,100.932,-30.804,34.176,0.0,-0.2,0.0,-0.2734961790993111
1790077082.517504,144654.0,56.187,17.533,177.879,-1.472,-2.002,2.718,-0.838,0.172,0.532,100.932,-30.804,34.176,0.0,0.0,0.0,-0.2734961790993111
1790077082.521698,144660.0,56.181,17.525,177.886,-1.452,-1.995,2.673,-0.838,0.172,0.533,100.932,-30.804,34.176,0.0,0.0,0.0,-0.2734961790993111
1790077082.526891,144665.0,56.175,17.516,177.893,-1.457,-1.975,2.61,-0.838,0.172,0.534,100.932,-30.804,34.176,0.2,0.2,0.0,-0.27585312909941423
1790077082.536032,144671.0,56.169,17.507,177.899,-1.458,-1.976,2.562,-0.839,0.171,0.535,100.932,-30.804,34.176,-0.2,0.0,0.0,-0.27812839999969585
1790077082.537584,144676.0,56.163,17.497,177.905,-1.418,-1.962,2.536,-0.839,0.171,0.535,100.932,-30.804,34.176,0.1,0.1,0.0,-0.27812839999969585
1790077082.543608,144682.0,56.158,17.488,177.911,-1.354,-1.921,2.51,-0.839,0.171,0.535,100.932,-30.804,34.176,0.1,0.0,0.0,-0.27812839999969585
1790077082.552932,144687.0,56.152,17.48,177.917,-1.287,-1.869,2.464,-0.839,0.171,0.535,100.932,-30.804,34.176,0.0,-0.1,0.0,-0.27812839999969585
1790077082.554131,144692.0,56.148,17.471,177.923,-1.216,-1.834,2.437,-0.84,0.171,0.535,100.932,-30.804,34.176,-0.2,0.0,0.0,-0.27812839999969585
1790077082.5594182,144698.0,56.143,17.462,177.929,-1.142,-1.804,2.436,-0.84,0.171,0.535,100.932,-30.804,34.176,0.0,0.1,0.0,-0.27812839999969585
1790077082.568489,144705.0,56.135,17.446,177.939,-1.016,-1.705,2.4,-0.841,0.169,0.535,100.932,-30.804,34.176,0.0,-0.1,0.0,-0.28060742499947083
1790077082.572288,144711.0,56.131,17.438,177.944,-0.935,-1.675,2.369,-0.841,0.169,0.535,100.932,-30.804,34.176,-0.2,-0.1,0.0,-0.28060742499947083
1790077082.577478,144716.0,56.128,17.43,177.949,-0.868,-1.662,2.369,-0.841,0.169,0.535,100.932,-30.804,34.176,0.0,0.0,0.0,-0.28060742499947083
1790077082.5883641,144722.0,56.124,17.423,177.954,-0.8,-1.636,2.365,-0.842,0.169,0.535,100.932,-30.804,34.176,-0.2,0.1,0.0,-0.282646954098891
1790077082.5892859,144728.0,56.121,17.416,177.959,-0.721,-1.608,2.348,-0.842,0.169,0.535,100.932,-30.804,34.176,0.1,0.0,0.0,-0.282646954098891
1790077082.595812,144734.0,56.115,17.403,177.969,-0.588,-1.528,2.385,-0.842,0.169,0.536,100.932,-30.804,34.176,0.0,-0.1,0.0,-0.282646954098891
1790077082.6046588,144740.0,56.112,17.397,177.975,-0.652,-1.473,2.399,-0.842,0.169,0.536,100.932,-30.804,34.176,-0.1,0.1,0.0,-0.282646954098891
1790077082.608186,144746.0,56.109,17.391,177.981,-0.694,-1.414,2.388,-0.842,0.169,0.536,100.932,-30.804,34.176,0.0,-0.1,0.0,-0.282646954098891
1790077082.618943,144752.0,56.107,17.385,177.986,-0.58,-1.377,2.362,-0.842,0.169,0.537,100.933,-30.804,34.176,-0.1,0.3,0.0,-0.285646954098891
1790077082.619452,144758.0,56.105,17.38,177.992,-0.47,-1.373,2.372,-0.843,0.169,0.536,100.933,-30.804,34.176,-0.2,-0.5,0.0,-0.285646954098891
1790077082.625507,144764.0,56.101,17.372,178.004,-0.282,-1.265,2.407,-0.843,0.169,0.536,100.933,-30.804,34.176,0.2,0.1,0.0,-0.2856736665999051
1790077082.631144,144770.0,56.1,17.369,178.011,-0.165,-1.201,2.398,-0.843,0.17,0.536,100.933,-30.804,34.176,0.0,0.0,0.0,-0.2856736665999051
1790077082.63715,144776.0,56.098,17.367,178.018,-0.064,-1.2,2.376,-0.843,0.17,0.536,100.933,-30.804,34.176,-0.1,0.3,0.0,-0.2856736665999051
1790077082.642147,144781.0,56.097,17.366,178.025,0.029,-1.21,2.378,-0.843,0.17,0.535,100.933,-30.804,34.176,0.0,0.0,0.0,-0.2856736665999051
1790077082.6470752,144786.0,56.096,17.365,178.032,0.147,-1.189,2.381,-0.843,0.17,0.535,100.933,-30.804,34.176,0.0,0.1,0.0,-0.28817460829886843
1790077082.6599271,144792.0,56.096,17.365,178.039,0.22,-1.134,2.383,-0.844,0.17,0.534,100.933,-30.804,34.176,0.0,-0.1,0.0,-0.28817460829886843
1790077082.6600251,144797.0,56.095,17.366,178.047,0.274,-1.068,2.386,-0.844,0.17,0.533,100.933,-30.804,34.176,-0.1,-0.1,0.0,-0.28817460829886843
1790077082.6635299,144802.0,56.096,17.367,178.054,0.345,-1.024,2.391,-0.843,0.17,0.533,100.933,-30.804,34.176,-0.2,0.0,0.0,-0.29052183329913533
1790077082.674416,144808.0,56.096,17.368,178.062,0.423,-1.008,2.425,-0.844,0.169,0.532,100.933,-30.804,34.176,0.0,0.0,0.0,-0.29052183329913533
1790077082.675005,144813.0,56.096,17.37,178.07,0.499,-1.015,2.455,-0.844,0.169,0.532,100.933,-30.804,34.176,0.0,-0.1,0.0,-0.29052183329913533
1790077082.680674,144819.0,56.097,17.374,178.086,0.606,-1.028,2.487,-0.844,0.168,0.532,100.933,-30.804,34.176,0.2,0.1,0.0,-0.29052183329913533
1790077082.686882,144825.0,56.097,17.377,178.094,0.655,-1.009,2.545,-0.844,0.168,0.531,100.933,-30.804,34.176,0.0,0.0,0.0,-0.29319603329931854
1790077082.691276,144830.0,56.097,17.377,178.094,0.655,-1.009,2.545,-0.844,0.168,0.531,100.933,-30.804,34.176,0.0,-0.2,0.0,-0.29319603329931854
1790077082.7056031,144836.0,56.098,17.383,178.111,0.791,-1.084,2.619,-0.844,0.167,0.531,100.933,-30.804,34.176,0.0,0.4,0.0,-0.29319603329931854
1790077082.7057989,144841.0,56.098,17.388,178.12,0.842,-1.126,2.639,-0.844,0.167,0.531,100.933,-30.804,34.176,0.0,-0.3,0.0,-0.29319603329931854
1790077082.709064,144848.0,56.097,17.392,178.129,0.898,-1.119,2.647,-0.844,0.167,0.531,100.933,-30.804,34.176,-0.2,0.3,0.0,-0.29319603329931854
1790077082.720043,144854.0,56.097,17.402,178.147,0.985,-1.153,2.687,-0.845,0.167,0.53,100.933,-30.804,34.176,0.0,0.0,0.0,-0.295633583299059
1790077082.720758,144859.0,56.097,17.407,178.157,1.007,-1.159,2.728,-0.844,0.168,0.53,100.933,-30.804,34.176,0.1,0.0,0.0,-0.295633583299059
1790077082.7256489,144864.0,56.097,17.413,178.167,1.032,-1.123,2.756,-0.844,0.168,0.53,100.933,-30.804,34.176,0.1,-0.2,0.0,-0.295633583299059
1790077082.739043,144870.0,56.096,17.42,178.177,1.084,-1.096,2.788,-0.843,0.168,0.53,100.933,-30.804,34.176,0.0,0.1,0.0,-0.295633583299059
1790077082.7391691,144875.0,56.096,17.427,178.188,1.138,-1.097,2.806,-0.842,0.169,0.53,100.933,-30.804,34.176,0.0,0.1,0.0,-0.295633583299059
1790077082.742048,144880.0,56.095,17.435,178.199,1.15,-1.11,2.833,-0.841,0.169,0.53,100.933,-30.804,34.176,0.0,-0.3,0.0,-0.295633583299059
1790077082.747013,144886.0,56.094,17.443,178.21,1.169,-1.099,2.868,-0.84,0.169,0.531,100.933,-30.804,34.176,0.3,0.1,0.0,-0.29843869999895106
1790077082.753837,144892.0,56.093,17.451,178.222,1.169,-1.071,2.893,-0.839,0.169,0.531,100.933,-30.804,34.176,0.0,0.2,0.0,-0.29843869999895106
1790077082.7585511,144897.0,56.092,17.459,178.233,1.185,-1.064,2.919,-0.838,0.169,0.532,100.933,-30.804,34.176,-0.1,0.0,0.0,-0.29843869999895106
1790077082.770742,144903.0,56.091,17.468,178.245,1.228,-1.042,2.928,-0.838,0.169,0.532,100.933,-30.804,34.176,0.1,-0.1,0.0,-0.29843869999895106
1790077082.77104,144909.0,56.089,17.485,178.269,1.199,-0.94,2.941,-0.837,0.17,0.532,100.933,-30.804,34.176,0.0,0.0,0.0,-0.29843869999895106
1790077082.775788,144914.0,56.089,17.485,178.269,1.199,-0.94,2.941,-0.837,0.17,0.532,100.933,-30.804,34.176,0.0,0.0,0.0,-0.30143869999895107
1790077082.7880151,144920.0,56.087,17.504,178.295,1.193,-0.859,2.951,-0.837,0.171,0.531,100.933,-30.804,34.176,0.1,-0.1,0.0,-0.30143869999895107
1790077082.78823,144926.0,56.087,17.514,178.308,1.199,-0.835,2.951,-0.837,0.171,0.53,100.933,-30.804,34.176,0.1,0.0,0.0,-0.30143869999895107
1790077082.792286,144931.0,56.087,17.524,178.322,1.188,-0.836,2.949,-0.838,0.172,0.529,100.933,-30.804,34.176,-0.1,-0.1,0.0,-0.3016546540995478
1790077082.806719,144937.0,56.088,17.535,178.336,1.175,-0.838,2.964,-0.838,0.172,0.528,100.933,-30.804,34.176,0.0,0.2,0.0,-0.3016546540995478
1790077082.806842,144943.0,56.088,17.545,178.35,1.136,-0.817,2.997,-0.839,0.173,0.527,100.933,-30.804,34.176,0.0,0.0,0.0,-0.3016546540995478
1790077082.809803,144948.0,56.089,17.556,178.365,1.059,-0.786,3.035,-0.839,0.173,0.526,100.933,-30.804,34.176,0.0,-0.1,0.0,-0.303812229099276
1790077082.821665,144955.0,56.091,17.577,178.395,0.931,-0.762,3.077,-0.84,0.173,0.526,100.933,-30.804,34.176,-0.1,-0.1,0.0,-0.303812229099276
1790077082.821758,144960.0,56.092,17.588,178.411,0.88,-0.762,3.102,-0.84,0.173,0.526,100.933,-30.804,34.176,0.1,0.0,0.0,-0.303812229099276
1790077082.8265312,144965.0,56.093,17.598,178.426,0.825,-0.754,3.122,-0.841,0.173,0.527,100.933,-30.804,34.176,-0.1,0.0,0.0,-0.30668087499943797
1790077082.837018,144971.0,56.094,17.608,178.442,0.732,-0.753,3.142,-0.841,0.173,0.527,100.933,-30.804,34.176,0.1,-0.1,0.0,-0.30668087499943797
1790077082.8429801,144977.0,56.094,17.617,178.457,0.653,-0.791,3.162,-0.842,0.173,0.527,100.933,-30.804,34.176,-0.2,0.1,0.0,-0.30668087499943797
1790077082.845742,144983.0,56.095,17.626,178.473,0.602,-0.844,3.157,-0.843,0.173,0.528,100.933,-30.804,34.164,-0.1,-0.2,0.0,-0.30668087499943797
1790077082.85122,144989.0,56.095,17.643,178.504,0.508,-0.872,3.178,-0.843,0.174,0.528,100.933,-30.804,34.176,0.1,0.2,0.0,-0.30668087499943797
1790077082.856343,144994.0,56.095,17.643,178.504,0.508,-0.872,3.178,-0.843,0.174,0.528,100.933,-30.804,34.176,0.1,0.0,0.0,-0.30883187909930715
1790077082.861263,145000.0,56.095,17.66,178.535,0.451,-0.921,3.154,-0.844,0.175,0.529,100.933,-30.804,34.164,-0.1,-0.2,0.0,-0.30883187909930715
1790077082.871228,145005.0,56.095,17.668,178.551,0.412,-0.927,3.152,-0.844,0.175,0.529,100.933,-30.804,34.176,0.0,0.1,0.0,-0.3108950415989966
1790077082.871532,145010.0,56.095,17.677,178.566,0.356,-0.917,3.143,-0.843,0.176,0.529,100.933,-30.804,34.164,0.2,-0.1,0.0,-0.3108950415989966
1790077082.877419,145016.0,56.094,17.684,178.582,0.313,-0.916,3.123,-0.843,0.176,0.529,100.933,-30.804,34.176,0.0,0.3,0.0,-0.3108950415989966
1790077082.89287,145022.0,56.094,17.692,178.597,0.278,-0.944,3.132,-0.843,0.176,0.53,100.933,-30.804,34.176,0.0,0.0,0.0,-0.3132297332995222
1790077082.893245,145029.0,56.093,17.699,178.613,0.254,-0.966,3.169,-0.843,0.176,0.53,100.933,-30.804,34.176,0.1,0.1,0.0,-0.3132297332995222
1790077082.895917,145034.0,56.092,17.713,178.644,0.216,-0.962,3.188,-0.843,0.175,0.53,100.933,-30.804,34.164,0.0,-0.2,0.0,-0.3132297332995222
1790077082.904041,145040.0,56.091,17.72,178.659,0.2,-0.915,3.21,-0.843,0.175,0.531,100.933,-30.804,34.164,0.0,0.0,0.0,-0.3132297332995222
1790077082.906935,145045.0,56.09,17.727,178.675,0.183,-0.873,3.236,-0.843,0.174,0.532,100.933,-30.816,34.176,-0.5,0.3,0.0,-0.3132297332995222
1790077082.912284,145051.0,56.09,17.734,178.691,0.178,-0.821,3.231,-0.843,0.174,0.533,100.933,-30.804,34.176,0.1,0.4,0.0,-0.3132297332995222
1790077082.919452,145056.0,56.09,17.74,178.706,0.148,-0.766,3.2,-0.842,0.173,0.533,100.933,-30.804,34.176,0.0,0.0,0.0,-0.3132297332995222
1790077082.923497,145062.0,56.09,17.746,178.721,0.13,-0.708,3.167,-0.842,0.173,0.534,100.933,-30.804,34.176,0.1,0.3,0.0,-0.3132297332995222
1790077082.929024,145068.0,56.09,17.751,178.735,0.135,-0.657,3.146,-0.842,0.172,0.534,100.933,-30.804,34.164,0.2,-0.5,0.0,-0.31597769579966556
1790077082.943095,145074.0,56.091,17.761,178.764,0.143,-0.566,3.169,-0.843,0.172,0.535,100.933,-30.804,34.176,0.0,0.0,0.0,-0.31597769579966556
1790077082.9431748,145079.0,56.092,17.767,178.779,0.175,-0.528,3.167,-0.844,0.171,0.536,100.933,-30.804,34.176,0.2,0.1,0.0,-0.31597769579966556
1790077082.945659,145084.0,56.093,17.772,178.793,0.211,-0.461,3.166,-0.845,0.172,0.536,100.933,-30.804,34.176,-0.1,0.1,0.0,-0.3188282666000305
1790077082.954033,145090.0,56.094,17.778,178.808,0.228,-0.384,3.169,-0.845,0.172,0.536,100.933,-30.804,34.176,0.0,0.0,0.0,-0.3188282666000305
1790077082.956125,145095.0,56.095,17.785,178.824,0.22,-0.328,3.165,-0.845,0.172,0.537,100.933,-30.804,34.176,0.0,0.0,0.0,-0.3188282666000305
1790077082.961199,145100.0,56.097,17.791,178.839,0.204,-0.287,3.148,-0.845,0.173,0.537,100.933,-30.804,34.176,0.0,0.2,0.0,-0.3188282666000305
1790077082.972849,145106.0,56.099,17.797,178.854,0.18,-0.223,3.132,-0.845,0.173,0.537,100.933,-30.804,34.176,-0.1,-0.2,0.0,-0.3188282666000305
1790077082.974114,145111.0,56.101,17.803,178.87,0.176,-0.173,3.115,-0.845,0.173,0.537,100.933,-30.804,34.176,-0.1,0.1,0.0,-0.32173491249996006
1790077082.9780679,145116.0,56.101,17.803,178.87,0.176,-0.173,3.115,-0.845,0.173,0.537,100.933,-30.804,34.176,0.0,-0.1,0.0,-0.32173491249996006
1790077082.986345,145122.0,56.107,17.815,178.9,0.218,-0.044,3.096,-0.845,0.172,0.538,100.933,-30.804,34.164,0.0,-0.2,0.0,-0.32173491249996006
1790077082.988514,145127.0,56.11,17.821,178.915,0.231,0.025,3.11,-0.845,0.172,0.538,100.933,-30.804,34.176,0.0,0.0,0.0,-0.32173491249996006
1790077082.993549,145132.0,56.113,17.828,178.931,0.247,0.07,3.128,-0.845,0.171,0.538,100.933,-30.804,34.176,-0.1,0.2,0.0,-0.32173491249996006
1790077083.0053551,145138.0,56.116,17.834,178.946,0.268,0.137,3.133,-0.844,0.17,0.538,100.933,-30.816,34.164,-0.4,-0.4,0.0,-0.32173491249996006
1790077083.006274,145143.0,56.12,17.84,178.961,0.302,0.235,3.128,-0.845,0.17,0.538,100.933,-30.804,34.176,0.0,0.1,0.0,-0.32173491249996006
1790077083.009757,145148.0,56.125,17.846,178.977,0.347,0.339,3.128,-0.845,0.169,0.539,100.933,-30.804,34.176,0.0,0.0,0.0,-0.3242414166001254
1790077083.018474,145154.0,56.135,17.86,179.008,0.371,0.506,3.122,-0.845,0.169,0.538,100.933,-30.804,34.176,0.0,0.0,0.0,-0.3242414166001254
1790077083.0223281,145160.0,56.141,17.867,179.024,0.416,0.556,3.116,-0.845,0.169,0.538,100.933,-30.804,34.176,0.1,0.0,0.0,-0.3242414166001254
1790077083.026819,145165.0,56.147,17.875,179.04,0.462,0.607,3.114,-0.845,0.17,0.538,100.933,-30.804,34.164,0.3,-0.1,0.0,-0.3265360374993179
1790077083.037499,145171.0,56.153,17.883,179.057,0.509,0.649,3.111,-0.846,0.17,0.537,100.933,-30.804,34.176,0.1,0.0,0.0,-0.3265360374993179
1790077083.037756,145176.0,56.159,17.892,179.073,0.559,0.669,3.102,-0.846,0.17,0.537,100.933,-30.804,34.164,0.0,-0.1,0.0,-0.3265360374993179
1790077083.04219,145181.0,56.159,17.892,179.073,0.559,0.669,3.102,-0.846,0.17,0.537,100.933,-30.804,34.176,0.0,0.2,0.0,-0.3265360374993179
1790077083.048537,145187.0,56.172,17.909,179.106,0.607,0.695,3.108,-0.846,0.17,0.537,100.932,-30.804,34.164,-0.2,-0.5,0.0,-0.3265360374993179
1790077083.0543182,145193.0,56.179,17.918,179.123,0.584,0.708,3.121,-0.847,0.17,0.536,100.932,-30.804,34.176,-0.2,0.2,0.0,-0.3265360374993179
1790077083.060492,145199.0,56.192,17.936,179.156,0.582,0.675,3.114,-0.846,0.17,0.535,100.932,-30.804,34.164,0.0,0.0,0.0,-0.3290415415991447
1790077083.0774999,145204.0,56.198,17.944,179.172,0.591,0.67,3.096,-0.846,0.17,0.535,100.932,-30.804,34.176,0.1,0.2,0.0,-0.3290415415991447
1790077083.077575,145210.0,56.205,17.953,179.189,0.607,0.683,3.099,-0.845,0.17,0.534,100.932,-30.804,34.164,0.1,0.0,0.0,-0.3290415415991447
1790077083.077605,145216.0,56.211,17.962,179.205,0.606,0.666,3.116,-0.845,0.17,0.534,100.932,-30.804,34.164,-0.1,-0.2,0.0,-0.3290415415991447
1790077083.097097,145221.0,56.218,17.971,179.222,0.603,0.626,3.117,-0.845,0.171,0.533,100.932,-30.804,34.164,0.0,0.1,0.0,-0.33204154159914473
1790077083.097195,145227.0,56.224,17.98,179.239,0.607,0.568,3.13,-0.845,0.171,0.533,100.932,-30.804,34.176,0.0,0.4,0.0,-0.33204154159914473
1790077083.097235,145232.0,56.23,17.989,179.256,0.593,0.515,3.149,-0.845,0.171,0.532,100.932,-30.804,34.176,0.0,0.0,0.0,-0.33204154159914473
1790077083.0999901,145237.0,56.236,17.999,179.272,0.583,0.464,3.146,-0.846,0.171,0.532,100.932,-30.804,34.164,0.2,-0.1,0.0,-0.3322745415993268
1790077083.107708,145243.0,56.241,18.007,179.289,0.575,0.406,3.13,-0.846,0.171,0.531,100.932,-30.804,34.164,0.0,-0.1,0.0,-0.3322745415993268
1790077083.112869,145249.0,56.252,18.025,179.322,0.526,0.349,3.166,-0.847,0.171,0.531,100.932,-30.804,34.164,0.0,-0.1,0.0,-0.33465759579994486
1790077083.127372,145255.0,56.257,18.033,179.339,0.517,0.285,3.194,-0.846,0.171,0.531,100.932,-30.804,34.164,0.1,0.0,0.0,-0.33465759579994486
1790077083.1274629,145261.0,56.262,18.042,179.355,0.474,0.23,3.209,-0.847,0.171,0.531,100.932,-30.804,34.164,0.0,-0.3,0.0,-0.33465759579994486
1790077083.127497,145266.0,56.267,18.05,179.372,0.41,0.212,3.218,-0.847,0.172,0.531,100.932,-30.804,34.164,0.0,0.0,0.0,-0.33465759579994486
1790077083.140265,145272.0,56.271,18.058,179.389,0.345,0.188,3.217,-0.847,0.172,0.531,100.932,-30.792,34.164,0.3,-0.3,0.0,-0.33729435409914005
1790077083.140338,145277.0,56.276,18.066,179.406,0.317,0.15,3.219,-0.847,0.172,0.53,100.932,-30.804,34.164,-0.1,0.1,0.0,-0.33729435409914005
1790077083.143622,145282.0,56.28,18.073,179.422,0.309,0.085,3.193,-0.847,0.172,0.53,100.932,-30.804,34.164,-0.1,0.1,0.0,-0.33729435409914005
1790077083.1538801,145288.0,56.284,18.08,179.438,0.293,-0.003,3.163,-0.847,0.172,0.53,100.932,-30.804,34.164,0.0,0.1,0.0,-0.33729435409914005
1790077083.155402,145294.0,56.29,18.093,179.469,0.212,-0.147,3.123,-0.848,0.172,0.53,100.932,-30.804,34.164,0.0,-0.3,0.0,-0.3399603457990452
1790077083.16131,145300.0,56.293,18.098,179.483,0.155,-0.226,3.103,-0.848,0.172,0.53,100.932,-30.804,34.164,0.1,0.0,0.0,-0.3399603457990452
1790077083.175458,145305.0,56.296,18.103,179.498,0.12,-0.307,3.101,-0.848,0.172,0.53,100.933,-30.804,34.164,-0.1,-0.1,0.0,-0.3399603457990452
1790077083.175585,145311.0,56.298,18.108,179.512,0.084,-0.345,3.106,-0.848,0.172,0.53,100.933,-30.804,34.164,-0.2,0.0,0.0,-0.3399603457990452
1790077083.1781602,145316.0,56.3,18.112,179.526,0.01,-0.378,3.102,-0.848,0.172,0.53,100.933,-30.804,34.164,-0.1,-0.1,0.0,-0.3399603457990452
1790077083.187073,145322.0,56.302,18.116,179.54,-0.011,-0.45,3.071,-0.848,0.172,0.53,100.933,-30.804,34.164,0.0,-0.1,0.0,-0.3399603457990452
1790077083.1885812,145327.0,56.304,18.118,179.553,0.008,-0.542,3.023,-0.848,0.171,0.53,100.933,-30.804,34.164,0.0,-0.1,0.0,-0.3424664040998323
1790077083.194251,145333.0,56.305,18.121,179.565,-0.009,-0.64,2.999,-0.847,0.171,0.53,100.933,-30.804,34.164,0.2,-0.2,0.0,-0.3424664040998323
1790077083.213155,145339.0,56.306,18.124,179.588,-0.017,-0.736,2.958,-0.847,0.172,0.531,100.933,-30.804,34.164,0.0,0.1,0.0,-0.34497102499881294
1790077083.213382,145345.0,56.306,18.126,179.6,-0.046,-0.774,2.927,-0.846,0.172,0.531,100.933,-30.804,34.164,0.1,-0.2,0.0,-0.34497102499881294
1790077083.2134268,145350.0,56.306,18.127,179.611,-0.092,-0.812,2.89,-0.846,0.173,0.531,100.933,-30.804,34.164,0.0,0.1,0.0,-0.34497102499881294
1790077083.2215161,145356.0,56.305,18.128,179.622,-0.109,-0.865,2.859,-0.845,0.173,0.531,100.933,-30.804,34.164,0.0,0.0,0.0,-0.34497102499881294
1790077083.223975,145363.0,56.305,18.128,179.632,-0.149,-0.914,2.827,-0.845,0.174,0.531,100.933,-30.804,34.164,0.1,0.0,0.0,-0.34497102499881294
1790077083.2298691,145368.0,56.304,18.128,179.642,-0.241,-0.975,2.761,-0.844,0.174,0.53,100.933,-30.804,34.164,-0.3,0.1,0.0,-0.34497102499881294
1790077083.235522,145374.0,56.302,18.125,179.66,-0.328,-1.076,2.605,-0.842,0.175,0.53,100.933,-30.804,34.164,0.1,0.0,0.0,-0.34497102499881294
1790077083.241112,145380.0,56.3,18.123,179.669,-0.334,-1.129,2.533,-0.842,0.175,0.529,100.933,-30.804,34.164,0.2,0.1,0.0,-0.3471641665993957
1790077083.25337,145386.0,56.299,18.12,179.676,-0.37,-1.147,2.452,-0.842,0.175,0.529,100.933,-30.804,34.164,0.0,0.0,0.0,-0.3471641665993957
1790077083.25348,145392.0,56.298,18.116,179.683,-0.428,-1.144,2.393,-0.842,0.175,0.529,100.933,-30.804,34.164,-0.1,-0.3,0.0,-0.3471641665993957
1790077083.259048,145398.0,56.297,18.112,179.69,-0.465,-1.192,2.357,-0.841,0.175,0.529,100.933,-30.804,34.152,0.0,-0.3,0.0,-0.3499378499996965
1790077083.26424,145403.0,56.295,18.107,179.696,-0.498,-1.237,2.298,-0.842,0.175,0.529,100.933,-30.804,34.164,0.0,0.0,0.0,-0.3499378499996965
1790077083.274514,145409.0,56.292,18.095,179.706,-0.589,-1.276,2.148,-0.843,0.176,0.53,100.933,-30.804,34.164,0.0,0.0,0.0,-0.3499378499996965
1790077083.2754319,145414.0,56.291,18.088,179.71,-0.612,-1.317,2.081,-0.843,0.176,0.53,100.933,-30.804,34.164,0.1,0.2,0.0,-0.3499378499996965
1790077083.2811468,145420.0,56.291,18.088,179.71,-0.612,-1.317,2.081,-0.843,0.176,0.53,100.933,-30.804,34.164,-0.2,-0.2,0.0,-0.3499378499996965
1790077083.286158,145425.0,56.288,18.072,179.716,-0.677,-1.369,1.947,-0.845,0.177,0.531,100.933,-30.804,34.164,0.0,0.0,0.0,-0.3499378499996965
1790077083.292195,145430.0,56.286,18.063,179.718,-0.715,-1.383,1.876,-0.845,0.177,0.532,100.933,-30.804,34.164,0.0,0.2,0.0,-0.3520926790995873
1790077083.296653,145435.0,56.284,18.053,179.72,-0.769,-1.385,1.81,-0.845,0.177,0.532,100.933,-30.804,34.164,0.0,0.0,0.0,-0.3520926790995873
1790077083.303759,145441.0,56.283,18.043,179.721,-0.837,-1.38,1.768,-0.845,0.177,0.532,100.933,-30.804,34.164,0.3,0.0,0.0,-0.3520926790995873
1790077083.308876,145447.0,56.282,18.032,179.722,-0.886,-1.392,1.711,-0.845,0.177,0.531,100.933,-30.804,34.152,-0.1,-0.3,0.0,-0.35489006249990784
1790077083.3269079,145453.0,56.28,18.02,179.722,-0.903,-1.407,1.63,-0.844,0.176,0.531,100.933,-30.804,34.164,0.1,0.1,0.0,-0.35489006249990784
1790077083.327554,145458.0,56.279,18.008,179.721,-0.889,-1.402,1.542,-0.844,0.176,0.53,100.933,-30.804,34.164,-0.1,0.3,0.0,-0.35489006249990784
1790077083.32761,145464.0,56.278,17.982,179.718,-0.904,-1.448,1.428,-0.843,0.175,0.529,100.933,-30.804,34.164,0.0,0.0,0.0,-0.35489006249990784
1790077083.33773,145470.0,56.277,17.968,179.715,-0.981,-1.485,1.399,-0.843,0.174,0.528,100.933,-30.804,34.164,0.0,-0.2,0.0,-0.3573085915995762
1790077083.337793,145476.0,56.276,17.953,179.712,-1.033,-1.495,1.357,-0.842,0.173,0.529,100.933,-30.804,34.164,-0.1,-0.1,0.0,-0.3573085915995762
1790077083.343573,145482.0,56.275,17.937,179.709,-1.063,-1.489,1.33,-0.842,0.172,0.529,100.933,-30.804,34.164,0.1,0.1,0.0,-0.3573085915995762
1790077083.353765,145488.0,56.274,17.92,179.705,-1.074,-1.453,1.293,-0.841,0.171,0.53,100.933,-30.804,34.164,-0.4,0.2,0.0,-0.3573085915995762
1790077083.356094,145494.0,56.274,17.904,179.7,-1.046,-1.422,1.259,-0.841,0.17,0.53,100.931,-30.804,34.164,0.0,-0.1,0.0,-0.3573085915995762
1790077083.360986,145500.0,56.272,17.869,179.69,-1.015,-1.38,1.242,-0.841,0.169,0.532,100.931,-30.804,34.164,-0.2,0.2,0.0,-0.35992445000010775
1790077083.378159,145505.0,56.272,17.851,179.684,-0.991,-1.373,1.243,-0.84,0.168,0.533,100.931,-30.804,34.164,0.1,0.0,0.0,-0.35992445000010775
1790077083.378231,145510.0,56.271,17.834,179.679,-0.966,-1.356,1.241,-0.84,0.168,0.533,100.931,-30.804,34.164,0.0,0.0,0.0,-0.35992445000010775
1790077083.378536,145516.0,56.27,17.816,179.673,-0.924,-1.318,1.229,-0.84,0.168,0.533,100.931,-30.804,34.164,0.1,0.0,0.0,-0.35992445000010775
1790077083.392056,145521.0,56.27,17.8,179.668,-0.851,-1.238,1.217,-0.841,0.168,0.533,100.931,-30.804,34.152,0.0,-0.3,0.0,-0.3619440415990539
1790077083.39224,145527.0,56.27,17.784,179.663,-0.792,-1.192,1.22,-0.841,0.169,0.533,100.931,-30.804,34.164,0.1,-0.1,0.0,-0.3619440415990539
1790077083.3936691,145532.0,56.271,17.769,179.659,-0.778,-1.159,1.229,-0.842,0.17,0.532,100.931,-30.804,34.152,0.0,-0.3,0.0,-0.3619440415990539
1790077083.398633,145537.0,56.271,17.755,179.655,-0.761,-1.123,1.223,-0.842,0.171,0.532,100.931,-30.804,34.164,-0.2,0.2,0.0,-0.3619440415990539
1790077083.404276,145543.0,56.272,17.741,179.652,-0.746,-1.105,1.24,-0.843,0.171,0.531,100.931,-30.804,34.164,0.0,0.0,0.0,-0.36431353749940176
1790077083.410462,145549.0,56.274,17.714,179.647,-0.729,-1.154,1.248,-0.843,0.172,0.53,100.931,-30.804,34.164,0.0,0.4,0.0,-0.36431353749940176
1790077083.4207098,145554.0,56.274,17.714,179.647,-0.729,-1.154,1.248,-0.843,0.172,0.53,100.931,-30.804,34.152,0.0,-0.4,0.0,-0.36431353749940176
1790077083.420799,145559.0,56.275,17.688,179.641,-0.666,-1.227,1.24,-0.843,0.172,0.529,100.932,-30.804,34.152,0.0,-0.2,0.0,-0.36431353749940176
1790077083.441959,145565.0,56.276,17.675,179.638,-0.654,-1.249,1.24,-0.843,0.171,0.529,100.932,-30.804,34.164,0.1,0.2,0.0,-0.36431353749940176
1790077083.442045,145570.0,56.277,17.662,179.635,-0.657,-1.253,1.277,-0.843,0.171,0.529,100.932,-30.804,34.152,0.2,-0.4,0.0,-0.36431353749940176
1790077083.4420748,145576.0,56.277,17.649,179.632,-0.662,-1.264,1.306,-0.844,0.17,0.529,100.932,-30.804,34.152,0.0,0.0,0.0,-0.36431353749940176
1790077083.442985,145581.0,56.278,17.635,179.629,-0.672,-1.272,1.349,-0.844,0.169,0.53,100.932,-30.804,34.164,-0.3,0.1,0.0,-0.3670089499995811
1790077083.4482188,145586.0,56.278,17.622,179.627,-0.655,-1.254,1.429,-0.844,0.168,0.53,100.932,-30.804,34.164,0.1,0.1,0.0,-0.3670089499995811
1790077083.453642,145592.0,56.278,17.61,179.624,-0.615,-1.25,1.495,-0.845,0.168,0.53,100.932,-30.804,34.152,0.0,-0.1,0.0,-0.3670089499995811
1790077083.4604218,145598.0,56.279,17.597,179.623,-0.589,-1.266,1.541,-0.845,0.167,0.53,100.932,-30.804,34.152,0.3,-0.1,0.0,-0.36931457499886167
1790077083.464098,145603.0,56.279,17.585,179.621,-0.558,-1.279,1.6,-0.845,0.167,0.53,100.932,-30.804,34.152,0.3,-0.1,0.0,-0.36931457499886167
1790077083.470697,145609.0,56.279,17.564,179.62,-0.443,-1.358,1.761,-0.846,0.166,0.529,100.932,-30.804,34.152,0.3,0.0,0.0,-0.36931457499886167
1790077083.480324,145616.0,56.279,17.555,179.621,-0.417,-1.408,1.826,-0.846,0.166,0.528,100.932,-30.804,34.152,0.0,0.1,0.0,-0.37175869579950815
1790077083.4896681,145622.0,56.278,17.546,179.622,-0.421,-1.442,1.897,-0.847,0.166,0.527,100.932,-30.804,34.152,-0.1,-0.1,0.0,-0.37175869579950815
1790077083.490048,145628.0,56.278,17.538,179.623,-0.385,-1.467,1.952,-0.847,0.167,0.527,100.932,-30.804,34.164,0.1,0.3,0.0,-0.37175869579950815
1790077083.49415,145633.0,56.277,17.531,179.625,-0.317,-1.479,1.995,-0.847,0.167,0.527,100.932,-30.804,34.164,0.1,0.3,0.0,-0.37175869579950815
1790077083.5019178,145639.0,56.275,17.519,179.632,-0.206,-1.559,2.122,-0.847,0.168,0.527,100.932,-30.804,34.152,0.0,-0.2,0.0,-0.37175869579950815
1790077083.526954,145645.0,56.273,17.514,179.636,-0.176,-1.585,2.187,-0.846,0.169,0.528,100.932,-30.804,34.152,0.1,0.0,0.0,-0.3769162040990778
1790077083.5270982,145651.0,56.271,17.51,179.64,-0.135,-1.61,2.255,-0.846,0.169,0.528,100.932,-30.804,34.152,-0.1,0.1,0.0,-0.3769162040990778
1790077083.527138,145657.0,56.269,17.506,179.645,-0.091,-1.638,2.326,-0.846,0.169,0.528,100.932,-30.804,34.152,0.0,-0.4,0.0,-0.3769162040990778
1790077083.5271611,145662.0,56.267,17.503,179.651,-0.064,-1.649,2.391,-0.845,0.169,0.528,100.932,-30.804,34.152,0.0,-0.2,0.0,-0.3769162040990778
1790077083.530005,145668.0,56.264,17.5,179.657,-0.032,-1.675,2.47,-0.845,0.168,0.529,100.932,-30.804,34.152,0.0,0.0,0.0,-0.3769162040990778
1790077083.535288,145674.0,56.261,17.498,179.663,-0.022,-1.69,2.541,-0.844,0.168,0.529,100.932,-30.804,34.152,0.0,-0.1,0.0,-0.3769162040990778
1790077083.543317,145679.0,56.254,17.494,179.677,0.054,-1.672,2.667,-0.843,0.166,0.531,100.933,-30.804,34.152,-0.1,0.1,0.0,-0.3772139374996186
1790077083.563046,145685.0,56.251,17.493,179.684,0.13,-1.667,2.696,-0.843,0.166,0.531,100.933,-30.804,34.152,-0.1,0.0,0.0,-0.3802139374996186
1790077083.5631201,145691.0,56.247,17.492,179.691,0.235,-1.662,2.729,-0.843,0.166,0.531,100.933,-30.804,34.152,0.3,0.0,0.0,-0.3802139374996186
1790077083.5631528,145697.0,56.244,17.493,179.699,0.32,-1.662,2.782,-0.843,0.166,0.531,100.933,-30.804,34.152,0.0,0.0,0.0,-0.3802139374996186
1790077083.564346,145703.0,56.24,17.494,179.707,0.393,-1.635,2.83,-0.843,0.167,0.531,100.933,-30.804,34.152,-0.1,0.2,0.0,-0.3802139374996186
1790077083.571328,145709.0,56.237,17.497,179.717,0.448,-1.611,2.864,-0.843,0.168,0.53,100.933,-30.804,34.152,0.0,-0.1,0.0,-0.3802139374996186
1790077083.576986,145714.0,56.23,17.505,179.738,0.517,-1.607,2.937,-0.843,0.17,0.529,100.933,-30.804,34.152,0.0,0.0,0.0,-0.38071019999915734
1790077083.5802062,145719.0,56.23,17.505,179.738,0.517,-1.607,2.937,-0.843,0.17,0.529,100.933,-30.804,34.152,0.0,-0.2,0.0,-0.38071019999915734
1790077083.5869381,145724.0,56.223,17.516,179.761,0.644,-1.612,2.926,-0.843,0.173,0.529,100.933,-30.804,34.152,0.0,-0.1,0.0,-0.38071019999915734
1790077083.5915189,145730.0,56.219,17.523,179.773,0.712,-1.606,2.907,-0.843,0.174,0.529,100.933,-30.804,34.152,-0.2,0.1,0.0,-0.38071019999915734
1790077083.5971441,145735.0,56.216,17.529,179.784,0.737,-1.61,2.904,-0.843,0.174,0.529,100.933,-30.804,34.14,-0.1,-0.2,0.0,-0.38322076249896786
1790077083.603919,145741.0,56.212,17.536,179.796,0.747,-1.609,2.902,-0.842,0.174,0.53,100.933,-30.804,34.14,0.0,-0.2,0.0,-0.38322076249896786
1790077083.6091259,145748.0,56.208,17.542,179.807,0.794,-1.572,2.904,-0.841,0.173,0.531,100.933,-30.804,34.14,0.2,-0.3,0.0,-0.38322076249896786
1790077083.6244018,145754.0,56.201,17.555,179.829,0.922,-1.458,2.928,-0.841,0.171,0.532,100.933,-30.804,34.14,0.0,0.0,0.0,-0.38563528749946274
1790077083.624489,145760.0,56.198,17.562,179.84,1.003,-1.381,2.94,-0.84,0.17,0.533,100.933,-30.804,34.14,0.0,-0.3,0.0,-0.38563528749946274
1790077083.627251,145765.0,56.195,17.568,179.85,1.05,-1.331,2.918,-0.84,0.169,0.533,100.933,-30.804,34.128,0.1,-0.7,0.0,-0.38563528749946274
1790077083.6322172,145771.0,56.192,17.575,179.861,1.117,-1.325,2.904,-0.84,0.169,0.533,100.933,-30.804,34.128,0.0,-0.6,0.0,-0.38563528749946274
1790077083.639214,145778.0,56.189,17.582,179.871,1.211,-1.338,2.908,-0.84,0.169,0.533,100.933,-30.804,34.116,0.0,-1.3,0.0,-0.3878999291002401
1790077083.645966,145784.0,56.184,17.597,179.892,1.317,-1.349,2.896,-0.841,0.17,0.531,100.933,-30.804,34.092,0.1,-2.0,0.0,-0.3878999291002401
1790077083.6568902,145790.0,56.181,17.606,179.903,1.312,-1.38,2.9,-0.841,0.171,0.53,100.933,-30.804,34.056,0.0,-3.1,0.0,-0.3878999291002401
1790077083.657844,145796.0,56.178,17.614,179.914,1.291,-1.431,2.924,-0.841,0.171,0.529,100.933,-30.804,34.044,0.0,-3.0,0.0,-0.39021504580014155
1790077083.663538,145802.0,56.175,17.623,179.925,1.281,-1.479,2.94,-0.84,0.172,0.53,100.933,-30.804,34.032,-0.1,-3.3,0.0,-0.39021504580014155
1790077083.6696808,145807.0,56.172,17.631,179.937,1.261,-1.52,2.936,-0.84,0.173,0.531,100.933,-30.804,34.008,-0.1,-3.6,0.0,-0.39021504580014155
1790077083.673818,145812.0,56.168,17.64,179.947,1.268,-1.504,2.916,-0.839,0.173,0.532,100.933,-30.804,33.984,0.0,-3.6,0.0,-0.39021504580014155
1790077083.679371,145818.0,56.164,17.648,179.958,1.304,-1.452,2.877,-0.839,0.172,0.533,100.933,-30.804,33.972,-0.1,-3.3,0.0,-0.39021504580014155
1790077083.685926,145823.0,56.161,17.656,179.968,1.339,-1.397,2.851,-0.838,0.172,0.534,100.933,-30.804,33.948,0.0,-3.1,0.0,-0.39021504580014155
1790077083.689121,145828.0,56.157,17.663,179.978,1.406,-1.325,2.811,-0.838,0.172,0.535,100.933,-30.804,33.948,0.0,-3.1,0.0,-0.3925622915994609
1790077083.695246,145834.0,56.151,17.679,179.997,1.568,-1.09,2.741,-0.837,0.171,0.537,100.933,-30.804,33.936,-0.1,-1.9,0.0,-0.3925622915994609
1790077083.703177,145840.0,56.149,17.687,-179.994,1.658,-0.902,2.735,-0.837,0.17,0.538,100.933,-30.804,33.936,0.0,-1.2,0.0,-0.3925622915994609
1790077083.707368,145846.0,56.148,17.696,-179.985,1.769,-0.737,2.693,-0.836,0.169,0.538,100.933,-30.804,33.936,0.1,-0.6,0.0,-0.39504265409923395
1790077083.7136042,145852.0,56.148,17.705,-179.976,1.884,-0.624,2.627,-0.836,0.169,0.537,100.933,-30.804,33.924,0.2,-0.7,0.0,-0.39504265409923395
1790077083.7218628,145857.0,56.149,17.714,-179.967,1.996,-0.544,2.588,-0.837,0.169,0.536,100.932,-30.804,33.936,0.0,-0.1,0.0,-0.39504265409923395
1790077083.7250922,145863.0,56.15,17.725,-179.958,2.074,-0.469,2.576,-0.838,0.17,0.534,100.932,-30.804,33.936,0.0,-0.1,0.0,-0.39504265409923395
1790077083.730378,145869.0,56.155,17.748,-179.937,2.17,-0.331,2.563,-0.841,0.171,0.531,100.932,-30.804,33.924,0.0,-0.3,0.0,-0.39504265409923395
1790077083.737696,145874.0,56.158,17.76,-179.927,2.158,-0.314,2.566,-0.842,0.171,0.53,100.932,-30.804,33.936,0.0,0.0,0.0,-0.39504265409923395
1790077083.740958,145880.0,56.162,17.772,-179.917,2.154,-0.327,2.532,-0.842,0.171,0.529,100.932,-30.804,33.936,-0.2,0.3,0.0,-0.39754898329993016
1790077083.746154,145885.0,56.165,17.784,-179.906,2.176,-0.323,2.515,-0.843,0.171,0.529,100.932,-30.804,33.924,-0.1,-0.3,0.0,-0.39754898329993016
1790077083.754647,145890.0,56.169,17.796,-179.896,2.193,-0.333,2.504,-0.843,0.171,0.529,100.932,-30.804,33.936,0.0,0.1,0.0,-0.39754898329993016
1790077083.758209,145896.0,56.172,17.808,-179.887,2.214,-0.328,2.473,-0.844,0.171,0.529,100.932,-30.804,33.936,0.2,0.0,0.0,-0.40003542909980755
1790077083.7636108,145902.0,56.176,17.819,-179.877,2.221,-0.341,2.462,-0.844,0.171,0.529,100.932,-30.804,33.936,0.1,0.0,0.0,-0.40003542909980755
1790077083.768687,145907.0,56.179,17.831,-179.867,2.193,-0.39,2.474,-0.845,0.172,0.529,100.932,-30.804,33.936,-0.2,0.1,0.0,-0.40003542909980755
1790077083.774289,145913.0,56.183,17.843,-179.858,2.178,-0.438,2.49,-0.846,0.172,0.529,100.932,-30.804,33.924,0.0,-0.3,0.0,-0.40003542909980755
1790077083.779267,145918.0,56.186,17.854,-179.848,2.158,-0.489,2.5,-0.846,0.172,0.529,100.932,-30.804,33.924,0.0,-0.2,0.0,-0.40003542909980755
1790077083.788655,145924.0,56.191,17.877,-179.828,2.066,-0.523,2.551,-0.847,0.172,0.529,100.932,-30.804,33.924,0.0,-0.2,0.0,-0.4025388915993972
1790077083.7920918,145930.0,56.194,17.887,-179.819,2.024,-0.562,2.553,-0.847,0.172,0.529,100.932,-30.804,33.936,0.2,0.1,0.0,-0.4025388915993972
1790077083.797169,145936.0,56.196,17.898,-179.809,1.99,-0.578,2.563,-0.847,0.173,0.529,100.932,-30.804,33.924,-0.1,-0.1,0.0,-0.4025388915993972
1790077083.803649,145941.0,56.199,17.909,-179.799,1.96,-0.624,2.573,-0.846,0.173,0.528,100.932,-30.804,33.936,0.1,0.4,0.0,-0.4025388915993972
1790077083.807862,145946.0,56.201,17.92,-179.789,1.908,-0.667,2.577,-0.846,0.173,0.528,100.932,-30.804,33.936,-0.1,0.3,0.0,-0.4050263249999262
1790077083.8133519,145952.0,56.203,17.93,-179.778,1.841,-0.692,2.58,-0.846,0.174,0.527,100.932,-30.804,33.924,0.0,-0.3,0.0,-0.4050263249999262
1790077083.820204,145957.0,56.205,17.941,-179.768,1.784,-0.769,2.615,-0.846,0.174,0.526,100.932,-30.804,33.936,0.1,0.0,0.0,-0.4050263249999262
1790077083.823614,145962.0,56.206,17.951,-179.757,1.681,-0.862,2.642,-0.846,0.174,0.525,100.932,-30.804,33.936,-0.1,-0.1,0.0,-0.4050263249999262
1790077083.829013,145968.0,56.207,17.96,-179.747,1.582,-0.949,2.633,-0.845,0.175,0.525,100.932,-30.804,33.924,0.1,-0.2,0.0,-0.4050263249999262
1790077083.834603,145973.0,56.208,17.969,-179.737,1.519,-1.05,2.633,-0.845,0.174,0.525,100.932,-30.804,33.936,0.0,0.0,0.0,-0.4050263249999262
1790077083.8392498,145978.0,56.208,17.977,-179.728,1.463,-1.103,2.62,-0.844,0.174,0.526,100.932,-30.804,33.936,0.0,0.0,0.0,-0.4075250790992868
1790077083.845463,145984.0,56.207,17.991,-179.71,1.355,-1.142,2.595,-0.844,0.173,0.527,100.933,-30.804,33.924,0.0,-0.2,0.0,-0.4075250790992868
1790077083.8540978,145990.0,56.206,17.997,-179.701,1.322,-1.156,2.602,-0.843,0.173,0.528,100.933,-30.804,33.936,0.0,0.0,0.0,-0.4075250790992868
1790077083.857151,145996.0,56.205,18.003,-179.693,1.284,-1.188,2.617,-0.843,0.173,0.529,100.933,-30.804,33.924,0.0,0.0,0.0,-0.40994326249929147
1790077083.8622139,146001.0,56.204,18.009,-179.685,1.241,-1.237,2.63,-0.843,0.173,0.53,100.933,-30.804,33.924,0.2,-0.1,0.0,-0.40994326249929147
1790077083.870004,146006.0,56.202,18.013,-179.677,1.196,-1.247,2.614,-0.843,0.172,0.532,100.933,-30.804,33.936,0.0,0.1,0.0,-0.40994326249929147
1790077083.873547,146012.0,56.2,18.017,-179.67,1.128,-1.248,2.58,-0.842,0.172,0.533,100.933,-30.804,33.936,0.0,0.0,0.0,-0.40994326249929147
1790077083.879203,146018.0,56.198,18.021,-179.663,1.119,-1.248,2.55,-0.842,0.172,0.535,100.933,-30.804,33.936,-0.1,0.0,0.0,-0.40994326249929147
1790077083.885108,146023.0,56.196,18.024,-179.657,1.131,-1.206,2.528,-0.842,0.171,0.536,100.933,-30.804,33.936,0.2,0.0,0.0,-0.40994326249929147
1790077083.889975,146029.0,56.194,18.026,-179.651,1.098,-1.129,2.523,-0.841,0.171,0.536,100.933,-30.804,33.936,0.2,0.0,0.0,-0.41247154159937055
1790077083.895207,146034.0,56.191,18.031,-179.639,1.092,-0.995,2.451,-0.841,0.171,0.537,100.933,-30.804,33.924,-0.1,-0.2,0.0,-0.41247154159937055
1790077083.9430232,146039.0,56.191,18.031,-179.639,1.092,-0.995,2.451,-0.841,0.171,0.537,100.933,-30.804,33.936,0.2,0.1,0.0,-0.41847154159937056
1790077083.943114,146044.0,56.19,18.033,-179.633,1.036,-0.948,2.42,-0.841,0.171,0.537,100.932,-30.804,33.936,0.3,0.0,0.0,-0.41847154159937056
1790077083.943143,146050.0,56.189,18.036,-179.621,0.949,-0.887,2.358,-0.842,0.171,0.536,100.932,-30.804,33.936,-0.2,0.1,0.0,-0.41847154159937056
1790077083.943637,146055.0,56.188,18.038,-179.615,0.886,-0.851,2.341,-0.842,0.172,0.536,100.932,-30.804,33.936,0.2,0.0,0.0,-0.41847154159937056
1790077083.943746,146061.0,56.188,18.039,-179.61,0.892,-0.834,2.312,-0.843,0.172,0.537,100.932,-30.804,33.936,-0.1,0.2,0.0,-0.41847154159937056
1790077083.943778,146066.0,56.188,18.04,-179.605,0.904,-0.826,2.265,-0.843,0.172,0.537,100.932,-30.804,33.936,-0.2,0.0,0.0,-0.41847154159937056
1790077083.9438012,146071.0,56.188,18.041,-179.6,0.883,-0.805,2.249,-0.844,0.172,0.537,100.932,-30.804,33.936,0.0,0.0,0.0,-0.41847154159937056
1790077083.9438221,146077.0,56.189,18.041,-179.594,0.838,-0.758,2.239,-0.845,0.172,0.537,100.932,-30.804,33.936,0.0,-0.1,0.0,-0.41847154159937056
1790077083.944074,146082.0,56.19,18.041,-179.589,0.782,-0.696,2.197,-0.845,0.172,0.537,100.932,-30.804,33.924,0.1,-0.1,0.0,-0.41847154159937056
1790077083.987704,146088.0,56.191,18.041,-179.585,0.748,-0.692,2.144,-0.845,0.172,0.537,100.932,-30.804,33.924,-0.1,-0.1,0.0,-0.41868812909960984
1790077083.9878201,146094.0,56.193,18.037,-179.579,0.68,-0.689,1.918,-0.844,0.171,0.537,100.932,-30.804,33.936,0.1,0.0,0.0,-0.41868812909960984
1790077083.987936,146099.0,56.193,18.037,-179.579,0.68,-0.689,1.918,-0.844,0.171,0.537,100.932,-30.804,33.936,0.1,0.0,0.0,-0.41868812909960984
1790077083.9882839,146105.0,56.196,18.029,-179.576,0.605,-0.641,1.808,-0.843,0.171,0.536,100.932,-30.804,33.936,0.1,0.0,0.0,-0.41868812909960984
1790077083.988327,146111.0,56.199,18.026,-179.574,0.551,-0.567,1.84,-0.843,0.171,0.536,100.932,-30.804,33.936,0.0,0.1,0.0,-0.41868812909960984
1790077083.9883509,146118.0,56.201,18.022,-179.572,0.522,-0.52,1.903,-0.843,0.17,0.535,100.932,-30.804,33.936,-0.1,0.1,0.0,-0.41868812909960984
1790077083.988373,146124.0,56.205,18.016,-179.566,0.482,-0.51,1.964,-0.843,0.17,0.535,100.932,-30.804,33.936,0.0,0.0,0.0,-0.41868812909960984
1790077083.9919791,146130.0,56.207,18.012,-179.563,0.464,-0.542,1.981,-0.843,0.169,0.536,100.932,-30.804,33.936,-0.3,0.0,0.0,-0.42168812909960984
1790077084.008167,146136.0,56.209,18.009,-179.56,0.461,-0.526,2.003,-0.843,0.169,0.536,100.932,-30.804,33.936,-0.2,0.1,0.0,-0.42468812909960985
1790077084.008328,146141.0,56.211,18.005,-179.558,0.44,-0.547,2.02,-0.844,0.168,0.536,100.932,-30.804,33.924,0.2,-0.1,0.0,-0.42468812909960985
1790077084.008369,146146.0,56.213,18.0,-179.555,0.432,-0.58,2.025,-0.845,0.167,0.536,100.932,-30.804,33.924,0.2,-0.1,0.0,-0.42468812909960985
1790077084.012,146151.0,56.215,17.996,-179.553,0.397,-0.583,2.021,-0.845,0.166,0.537,100.932,-30.804,33.936,-0.1,0.1,0.0,-0.425308049999876
1790077084.030551,146157.0,56.217,17.991,-179.551,0.391,-0.576,2.024,-0.846,0.166,0.537,100.932,-30.804,33.924,0.0,-0.1,0.0,-0.425308049999876
1790077084.038604,146163.0,56.22,17.986,-179.549,0.408,-0.575,2.041,-0.847,0.166,0.537,100.932,-30.804,33.936,0.2,0.1,0.0,-0.425308049999876
1790077084.106865,146169.0,56.224,17.976,-179.545,0.391,-0.63,2.066,-0.847,0.166,0.536,100.933,-30.804,33.936,0.0,0.0,0.0,-0.425308049999876
1790077084.107038,146175.0,56.224,17.976,-179.545,0.391,-0.63,2.066,-0.847,0.166,0.536,100.933,-30.804,33.924,-0.1,-0.2,0.0,-0.425308049999876
1790077084.107129,146181.0,56.228,17.967,-179.539,0.388,-0.638,2.105,-0.847,0.167,0.536,100.933,-30.804,33.936,-0.1,0.0,0.0,-0.425308049999876
1790077084.1072,146186.0,56.23,17.964,-179.536,0.36,-0.654,2.127,-0.847,0.167,0.535,100.933,-30.804,33.936,0.0,0.1,0.0,-0.425308049999876
1790077084.1072361,146191.0,56.232,17.96,-179.532,0.349,-0.637,2.161,-0.846,0.168,0.535,100.933,-30.804,33.924,0.0,-0.2,0.0,-0.425308049999876
1790077084.107262,146197.0,56.233,17.957,-179.528,0.359,-0.624,2.151,-0.845,0.168,0.534,100.933,-30.804,33.936,-0.2,0.0,0.0,-0.425308049999876
1790077084.107284,146202.0,56.235,17.954,-179.525,0.369,-0.615,2.135,-0.845,0.168,0.534,100.933,-30.804,33.936,0.0,0.4,0.0,-0.425308049999876
1790077084.107305,146208.0,56.237,17.951,-179.521,0.384,-0.607,2.156,-0.845,0.167,0.533,100.933,-30.804,33.936,0.0,0.0,0.0,-0.425308049999876
1790077084.107327,146214.0,56.241,17.944,-179.513,0.413,-0.673,2.159,-0.844,0.167,0.533,100.933,-30.804,33.924,-0.1,-0.3,0.0,-0.425308049999876
1790077084.107348,146219.0,56.241,17.944,-179.513,0.413,-0.673,2.159,-0.844,0.167,0.533,100.933,-30.804,33.936,0.0,0.3,0.0,-0.425308049999876
1790077084.107452,146225.0,56.244,17.939,-179.505,0.451,-0.725,2.221,-0.845,0.167,0.533,100.932,-30.804,33.936,0.2,0.0,0.0,-0.425308049999876
1790077084.107521,146231.0,56.246,17.937,-179.501,0.464,-0.739,2.258,-0.846,0.167,0.532,100.932,-30.804,33.924,0.1,-0.1,0.0,-0.425308049999876
1790077084.107552,146236.0,56.247,17.935,-179.496,0.483,-0.757,2.287,-0.846,0.167,0.532,100.932,-30.804,33.924,0.1,-0.1,0.0,-0.425308049999876
1790077084.107575,146241.0,56.249,17.933,-179.491,0.469,-0.809,2.288,-0.847,0.167,0.532,100.932,-30.804,33.924,0.0,0.0,0.0,-0.425308049999876
1790077084.109018,146247.0,56.25,17.931,-179.487,0.47,-0.879,2.303,-0.847,0.167,0.531,100.932,-30.804,33.924,-0.3,0.0,0.0,-0.431308049999876
1790077084.117175,146253.0,56.251,17.929,-179.482,0.457,-0.944,2.341,-0.848,0.167,0.53,100.932,-30.804,33.924,0.2,-0.1,0.0,-0.431308049999876
1790077084.1204522,146259.0,56.253,17.926,-179.472,0.465,-1.098,2.362,-0.847,0.167,0.529,100.932,-30.804,33.924,0.0,-0.1,0.0,-0.434308049999876
1790077084.127528,146264.0,56.253,17.924,-179.467,0.488,-1.185,2.359,-0.847,0.168,0.529,100.932,-30.804,33.924,0.1,-0.1,0.0,-0.434308049999876
1790077084.188384,146270.0,56.252,17.923,-179.463,0.5,-1.253,2.364,-0.846,0.168,0.529,100.932,-30.804,33.936,-0.1,0.2,0.0,-0.4411903124988894
1790077084.188554,146275.0,56.251,17.921,-179.458,0.521,-1.319,2.358,-0.846,0.168,0.529,100.932,-30.804,33.924,-0.2,-0.3,0.0,-0.4411903124988894
1790077084.188591,146281.0,56.25,17.919,-179.454,0.516,-1.393,2.34,-0.846,0.168,0.529,100.932,-30.804,33.924,0.3,0.0,0.0,-0.4411903124988894
1790077084.1886148,146286.0,56.249,17.917,-179.45,0.499,-1.455,2.32,-0.845,0.169,0.53,100.932,-30.804,33.924,0.0,-0.2,0.0,-0.4411903124988894
1790077084.18864,146292.0,56.247,17.915,-179.446,0.54,-1.523,2.295,-0.845,0.169,0.53,100.932,-30.804,33.924,-0.1,0.1,0.0,-0.4411903124988894
1790077084.188662,146298.0,56.244,17.912,-179.443,0.585,-1.594,2.274,-0.845,0.169,0.53,100.932,-30.804,33.924,0.0,-0.1,0.0,-0.4411903124988894
1790077084.188698,146303.0,56.242,17.91,-179.44,0.593,-1.64,2.257,-0.845,0.169,0.531,100.932,-30.804,33.924,0.0,0.0,0.0,-0.4411903124988894
1790077084.188721,146309.0,56.236,17.906,-179.434,0.603,-1.671,2.218,-0.844,0.172,0.532,100.932,-30.804,33.936,-0.1,0.2,0.0,-0.4411903124988894
1790077084.188929,146315.0,56.233,17.904,-179.431,0.617,-1.686,2.184,-0.845,0.173,0.532,100.932,-30.804,33.924,0.1,-0.2,0.0,-0.4411903124988894
1790077084.189439,146321.0,56.229,17.902,-179.428,0.659,-1.733,2.137,-0.845,0.173,0.532,100.932,-30.804,33.924,-0.1,0.0,0.0,-0.4411903124988894
1790077084.189501,146327.0,56.226,17.9,-179.425,0.658,-1.769,2.085,-0.845,0.174,0.532,100.932,-30.804,33.924,0.1,0.1,0.0,-0.4411903124988894
1790077084.1935842,146332.0,56.223,17.898,-179.423,0.647,-1.794,2.044,-0.845,0.174,0.532,100.932,-30.804,33.924,-0.1,0.0,0.0,-0.4411903124988894
1790077084.234485,146338.0,56.219,17.896,-179.421,0.669,-1.814,2.006,-0.845,0.174,0.532,100.932,-30.792,33.924,0.4,-0.1,0.0,-0.44358243749884424
1790077084.2346659,146343.0,56.216,17.893,-179.419,0.651,-1.82,1.974,-0.845,0.174,0.532,100.932,-30.804,33.924,-0.2,0.0,0.0,-0.44358243749884424
1790077084.234891,146348.0,56.213,17.89,-179.418,0.635,-1.835,1.925,-0.845,0.174,0.532,100.933,-30.804,33.924,0.2,0.1,0.0,-0.44358243749884424
1790077084.2349482,146354.0,56.206,17.881,-179.418,0.595,-1.826,1.799,-0.845,0.174,0.532,100.933,-30.804,33.924,0.0,0.0,0.0,-0.44358243749884424
1790077084.234973,146359.0,56.203,17.876,-179.419,0.58,-1.843,1.742,-0.844,0.174,0.533,100.933,-30.804,33.924,0.0,0.0,0.0,-0.44358243749884424
1790077084.234995,146365.0,56.199,17.871,-179.42,0.579,-1.872,1.695,-0.844,0.174,0.533,100.933,-30.804,33.924,0.0,0.0,0.0,-0.44358243749884424
1790077084.235017,146370.0,56.196,17.865,-179.421,0.585,-1.847,1.668,-0.844,0.174,0.533,100.933,-30.804,33.924,-0.3,0.1,0.0,-0.44358243749884424
1790077084.237264,146376.0,56.193,17.859,-179.423,0.601,-1.801,1.641,-0.844,0.174,0.534,100.933,-30.804,33.924,0.1,0.0,0.0,-0.44607351250015204
1790077084.242429,146381.0,56.19,17.854,-179.425,0.618,-1.773,1.602,-0.844,0.174,0.534,100.933,-30.804,33.924,0.0,-0.1,0.0,-0.44607351250015204
1790077084.2534459,146387.0,56.187,17.848,-179.426,0.636,-1.734,1.582,-0.844,0.174,0.534,100.933,-30.804,33.924,0.2,-0.1,0.0,-0.4484265624996624
1790077084.254542,146393.0,56.184,17.843,-179.428,0.686,-1.691,1.556,-0.843,0.174,0.534,100.933,-30.804,33.924,0.0,0.0,0.0,-0.4484265624996624
1790077084.26026,146399.0,56.182,17.837,-179.43,0.724,-1.662,1.49,-0.843,0.175,0.534,100.933,-30.804,33.924,0.0,-0.1,0.0,-0.4484265624996624
1790077084.273561,146404.0,56.178,17.826,-179.435,0.726,-1.589,1.394,-0.843,0.175,0.534,100.933,-30.804,33.924,-0.2,0.0,0.0,-0.4509316665993538
1790077084.2736409,146410.0,56.176,17.82,-179.438,0.75,-1.565,1.351,-0.843,0.175,0.533,100.933,-30.804,33.924,0.3,0.1,0.0,-0.4509316665993538
1790077084.27868,146416.0,56.175,17.814,-179.441,0.768,-1.54,1.278,-0.844,0.174,0.531,100.933,-30.804,33.936,-0.2,0.3,0.0,-0.4509316665993538
1790077084.284616,146422.0,56.175,17.808,-179.444,0.766,-1.571,1.245,-0.845,0.174,0.529,100.933,-30.804,33.924,0.1,0.0,0.0,-0.4509316665993538
1790077084.288512,146427.0,56.174,17.802,-179.448,0.796,-1.628,1.237,-0.844,0.174,0.53,100.933,-30.804,33.924,0.0,-0.3,0.0,-0.4509316665993538
1790077084.294528,146433.0,56.173,17.795,-179.453,0.814,-1.612,1.198,-0.843,0.174,0.531,100.933,-30.804,33.924,-0.1,-0.1,0.0,-0.4509316665993538
1790077084.303573,146439.0,56.17,17.78,-179.463,0.842,-1.534,1.13,-0.841,0.172,0.534,100.933,-30.804,33.924,0.1,-0.3,0.0,-0.45344126249983674
1790077084.306077,146445.0,56.17,17.78,-179.463,0.842,-1.534,1.13,-0.841,0.172,0.534,100.933,-30.804,33.924,0.0,0.0,0.0,-0.45344126249983674
1790077084.3121548,146451.0,56.168,17.763,-179.475,0.862,-1.496,1.046,-0.84,0.171,0.533,100.933,-30.804,33.924,-0.1,0.0,0.0,-0.45344126249983674
1790077084.318793,146457.0,56.167,17.754,-179.482,0.848,-1.439,0.993,-0.841,0.171,0.534,100.933,-30.804,33.924,0.0,-0.1,0.0,-0.45585953330009943
1790077084.3240378,146462.0,56.167,17.746,-179.488,0.904,-1.411,1.002,-0.841,0.171,0.534,100.933,-30.804,33.924,0.1,0.0,0.0,-0.45585953330009943
1790077084.329856,146468.0,56.166,17.738,-179.494,0.929,-1.407,1.031,-0.841,0.171,0.535,100.933,-30.816,33.924,-0.3,0.0,0.0,-0.45585953330009943
1790077084.33702,146474.0,56.165,17.721,-179.507,0.898,-1.367,0.974,-0.841,0.172,0.535,100.932,-30.804,33.924,-0.1,0.1,0.0,-0.4582059082997148
1790077084.340514,146479.0,56.165,17.721,-179.507,0.898,-1.367,0.974,-0.841,0.172,0.535,100.932,-30.804,33.924,0.0,-0.1,0.0,-0.4582059082997148
1790077084.3461802,146485.0,56.165,17.706,-179.519,0.935,-1.301,0.935,-0.841,0.172,0.534,100.932,-30.804,33.924,-0.1,0.0,0.0,-0.4582059082997148
1790077084.355244,146491.0,56.165,17.698,-179.525,0.924,-1.335,0.933,-0.841,0.172,0.534,100.932,-30.804,33.912,-0.1,-0.2,0.0,-0.4582059082997148
1790077084.358677,146497.0,56.165,17.689,-179.531,0.918,-1.372,0.944,-0.841,0.172,0.533,100.932,-30.804,33.924,0.3,0.0,0.0,-0.4582059082997148
1790077084.364363,146503.0,56.165,17.681,-179.538,0.918,-1.362,0.938,-0.841,0.171,0.533,100.932,-30.804,33.924,0.0,0.0,0.0,-0.4582059082997148
1790077084.3741639,146508.0,56.165,17.673,-179.544,0.927,-1.335,0.951,-0.841,0.171,0.532,100.932,-30.804,33.912,-0.2,-0.1,0.0,-0.4607107082993025
1790077084.375186,146514.0,56.166,17.657,-179.557,0.938,-1.329,0.949,-0.841,0.17,0.531,100.932,-30.804,33.924,0.0,0.1,0.0,-0.4607107082993025
1790077084.3805041,146519.0,56.166,17.657,-179.557,0.938,-1.329,0.949,-0.841,0.17,0.531,100.932,-30.804,33.912,0.0,-0.4,0.0,-0.4607107082993025
1790077084.387012,146525.0,56.167,17.641,-179.569,0.901,-1.338,1.042,-0.841,0.169,0.532,100.932,-30.804,33.912,0.1,0.0,0.0,-0.46319486249994957
1790077084.391488,146530.0,56.167,17.633,-179.574,0.857,-1.297,1.097,-0.842,0.169,0.532,100.932,-30.804,33.912,0.1,0.1,0.0,-0.46319486249994957
1790077084.397391,146536.0,56.168,17.626,-179.579,0.86,-1.26,1.141,-0.842,0.169,0.532,100.932,-30.804,33.924,0.0,0.3,0.0,-0.46319486249994957
1790077084.406896,146541.0,56.168,17.619,-179.583,0.879,-1.253,1.194,-0.843,0.169,0.533,100.932,-30.804,33.912,0.0,-0.2,0.0,-0.46319486249994957
1790077084.408525,146547.0,56.169,17.612,-179.587,0.871,-1.234,1.262,-0.843,0.169,0.533,100.932,-30.804,33.912,-0.1,-0.1,0.0,-0.46319486249994957
1790077084.41415,146552.0,56.169,17.606,-179.591,0.857,-1.18,1.309,-0.844,0.169,0.534,100.932,-30.804,33.912,-0.1,-0.2,0.0,-0.46319486249994957
1790077084.419292,146558.0,56.17,17.6,-179.594,0.829,-1.135,1.362,-0.845,0.169,0.534,100.932,-30.804,33.912,0.1,0.1,0.0,-0.46525276659958764
1790077084.424223,146563.0,56.171,17.595,-179.596,0.781,-1.119,1.432,-0.845,0.169,0.534,100.932,-30.804,33.912,0.0,-0.3,0.0,-0.46525276659958764
1790077084.4415538,146568.0,56.172,17.59,-179.597,0.767,-1.108,1.505,-0.845,0.169,0.534,100.932,-30.804,33.912,-0.1,0.0,0.0,-0.46525276659958764
1790077084.4417331,146574.0,56.173,17.582,-179.598,0.805,-1.108,1.629,-0.846,0.17,0.534,100.932,-30.804,33.912,0.0,0.0,0.0,-0.46525276659958764
1790077084.441768,146579.0,56.174,17.579,-179.597,0.762,-1.124,1.668,-0.847,0.171,0.534,100.932,-30.804,33.912,0.0,-0.2,0.0,-0.46525276659958764
1790077084.446301,146585.0,56.174,17.579,-179.597,0.762,-1.124,1.668,-0.847,0.171,0.534,100.932,-30.804,33.912,-0.2,-0.1,0.0,-0.4686632249999093
1790077084.459601,146590.0,56.175,17.574,-179.594,0.663,-1.041,1.804,-0.846,0.172,0.534,100.932,-30.804,33.912,0.1,-0.1,0.0,-0.4686632249999093
1790077084.4597042,146596.0,56.176,17.572,-179.591,0.622,-1.028,1.868,-0.846,0.172,0.533,100.932,-30.804,33.912,-0.1,0.0,0.0,-0.4686632249999093
1790077084.463182,146601.0,56.176,17.571,-179.587,0.613,-1.015,1.922,-0.846,0.172,0.533,100.932,-30.804,33.912,0.1,-0.1,0.0,-0.4686632249999093
1790077084.471945,146607.0,56.177,17.571,-179.583,0.596,-1.005,1.982,-0.846,0.172,0.533,100.932,-30.804,33.912,0.0,0.1,0.0,-0.4716632249999093
1790077084.474081,146612.0,56.177,17.57,-179.578,0.556,-1.001,2.029,-0.845,0.172,0.533,100.932,-30.804,33.9,0.1,-0.2,0.0,-0.4716632249999093
1790077084.4797618,146618.0,56.177,17.569,-179.574,0.536,-0.995,2.09,-0.845,0.171,0.534,100.932,-30.804,33.912,0.0,0.0,0.0,-0.47170402499905323
1790077084.489012,146624.0,56.178,17.568,-179.563,0.49,-0.942,2.243,-0.844,0.169,0.535,100.932,-30.804,33.9,0.1,-0.2,0.0,-0.47170402499905323
1790077084.491816,146630.0,56.178,17.567,-179.558,0.451,-0.918,2.306,-0.844,0.168,0.536,100.932,-30.804,33.912,0.2,0.1,0.0,-0.47170402499905323
1790077084.497132,146636.0,56.178,17.566,-179.552,0.427,-0.856,2.361,-0.844,0.167,0.536,100.932,-30.804,33.9,0.0,-0.3,0.0,-0.47373819159984126
1790077084.504234,146641.0,56.178,17.566,-179.545,0.423,-0.766,2.44,-0.843,0.167,0.536,100.932,-30.804,33.9,-0.3,-0.1,0.0,-0.47373819159984126
1790077084.508956,146647.0,56.179,17.566,-179.537,0.435,-0.725,2.521,-0.843,0.167,0.536,100.932,-30.804,33.9,0.2,-0.3,0.0,-0.47373819159984126
1790077084.519547,146653.0,56.18,17.567,-179.529,0.42,-0.724,2.564,-0.843,0.167,0.536,100.932,-30.804,33.9,0.1,0.0,0.0,-0.47373819159984126
1790077084.520389,146659.0,56.181,17.57,-179.511,0.305,-0.695,2.643,-0.842,0.168,0.534,100.933,-30.804,33.9,0.0,-0.2,0.0,-0.4764844290999463
1790077084.525864,146664.0,56.181,17.573,-179.501,0.301,-0.685,2.686,-0.842,0.169,0.533,100.933,-30.804,33.9,0.2,0.0,0.0,-0.4764844290999463
1790077084.535712,146670.0,56.182,17.576,-179.49,0.288,-0.673,2.741,-0.842,0.17,0.532,100.933,-30.804,33.9,0.0,-0.2,0.0,-0.4764844290999463
1790077084.53714,146676.0,56.183,17.58,-179.478,0.235,-0.667,2.807,-0.842,0.171,0.531,100.933,-30.804,33.888,0.1,-0.4,0.0,-0.4764844290999463
1790077084.54372,146681.0,56.184,17.584,-179.465,0.186,-0.695,2.842,-0.842,0.171,0.53,100.933,-30.804,33.888,-0.2,-0.3,0.0,-0.4764844290999463
1790077084.548506,146687.0,56.184,17.588,-179.453,0.118,-0.728,2.873,-0.841,0.172,0.53,100.933,-30.804,33.888,0.0,-0.5,0.0,-0.47875383329956095
1790077084.554261,146693.0,56.185,17.592,-179.44,0.081,-0.747,2.885,-0.841,0.172,0.53,100.933,-30.804,33.888,0.0,-0.3,0.0,-0.47875383329956095
1790077084.559956,146698.0,56.185,17.596,-179.427,0.064,-0.733,2.888,-0.841,0.171,0.53,100.933,-30.804,33.876,0.0,-0.9,0.0,-0.47875383329956095
1790077084.565207,146704.0,56.186,17.602,-179.401,0.01,-0.811,2.948,-0.841,0.17,0.531,100.933,-30.804,33.864,-0.1,-1.0,0.0,-0.47875383329956095
1790077084.571279,146710.0,56.186,17.602,-179.401,0.01,-0.811,2.948,-0.841,0.17,0.531,100.933,-30.804,33.852,-0.1,-1.3,0.0,-0.48078222499898404
1790077084.577117,146716.0,56.185,17.609,-179.376,-0.014,-0.851,3.043,-0.842,0.169,0.532,100.933,-30.804,33.84,0.0,-1.3,0.0,-0.48078222499898404
1790077084.5903192,146721.0,56.184,17.611,-179.363,-0.059,-0.881,3.076,-0.842,0.169,0.533,100.933,-30.804,33.816,0.1,-2.4,0.0,-0.48078222499898404
1790077084.590395,146727.0,56.183,17.614,-179.35,-0.117,-0.925,3.127,-0.842,0.168,0.533,100.933,-30.804,33.804,0.0,-2.4,0.0,-0.48078222499898404
1790077084.594008,146733.0,56.182,17.616,-179.337,-0.163,-0.966,3.188,-0.843,0.168,0.533,100.933,-30.804,33.792,-0.1,-2.3,0.0,-0.48078222499898404
1790077084.601176,146738.0,56.18,17.619,-179.324,-0.205,-0.998,3.23,-0.843,0.168,0.534,100.933,-30.804,33.768,0.1,-2.7,0.0,-0.4835922124999343
1790077084.605267,146744.0,56.177,17.623,-179.296,-0.285,-0.944,3.317,-0.842,0.167,0.536,100.933,-30.804,33.768,-0.1,-2.4,0.0,-0.4835922124999343
1790077084.611119,146750.0,56.175,17.625,-179.282,-0.271,-0.892,3.342,-0.842,0.167,0.536,100.933,-30.804,33.744,0.0,-2.4,0.0,-0.4835922124999343
1790077084.6196458,146756.0,56.174,17.628,-179.268,-0.249,-0.897,3.372,-0.841,0.167,0.536,100.933,-30.804,33.732,0.0,-1.7,0.0,-0.4864653540993459
1790077084.6231198,146761.0,56.172,17.631,-179.253,-0.22,-0.873,3.383,-0.841,0.168,0.535,100.933,-30.804,33.732,0.1,-1.4,0.0,-0.4864653540993459
1790077084.6285949,146767.0,56.17,17.635,-179.238,-0.167,-0.8,3.385,-0.84,0.168,0.535,100.933,-30.804,33.732,0.0,-0.9,0.0,-0.4864653540993459
1790077084.637995,146772.0,56.169,17.64,-179.222,-0.145,-0.744,3.389,-0.839,0.169,0.535,100.933,-30.804,33.732,-0.1,-0.8,0.0,-0.4864653540993459
1790077084.639339,146778.0,56.168,17.645,-179.206,-0.151,-0.693,3.4,-0.839,0.169,0.534,100.933,-30.804,33.732,0.0,-0.4,0.0,-0.4864653540993459
1790077084.644454,146783.0,56.168,17.65,-179.19,-0.124,-0.631,3.4,-0.838,0.169,0.533,100.934,-30.804,33.732,0.0,-0.3,0.0,-0.4864653540993459
1790077084.650151,146789.0,56.168,17.655,-179.174,-0.087,-0.543,3.386,-0.838,0.169,0.533,100.934,-30.804,33.732,0.1,-0.1,0.0,-0.48871331249974903
1790077084.65556,146794.0,56.169,17.666,-179.141,-0.059,-0.415,3.384,-0.837,0.168,0.532,100.934,-30.804,33.732,0.0,-0.1,0.0,-0.48871331249974903
1790077084.66128,146800.0,56.169,17.671,-179.125,-0.031,-0.393,3.383,-0.837,0.167,0.533,100.934,-30.804,33.732,0.0,-0.1,0.0,-0.48871331249974903
1790077084.670496,146806.0,56.17,17.677,-179.109,-0.02,-0.383,3.384,-0.837,0.167,0.533,100.934,-30.804,33.732,0.0,-0.2,0.0,-0.4915589999989607
1790077084.674003,146813.0,56.171,17.682,-179.093,-0.021,-0.335,3.401,-0.838,0.166,0.534,100.934,-30.804,33.732,0.0,0.2,0.0,-0.4915589999989607
1790077084.6789892,146818.0,56.172,17.687,-179.077,0.022,-0.268,3.428,-0.838,0.166,0.534,100.934,-30.804,33.732,-0.1,0.1,0.0,-0.4915589999989607
1790077084.687331,146824.0,56.175,17.7,-179.044,0.086,-0.207,3.486,-0.839,0.166,0.535,100.934,-30.804,33.732,-0.1,-0.1,0.0,-0.4915589999989607
1790077084.691316,146830.0,56.175,17.7,-179.044,0.086,-0.207,3.486,-0.839,0.166,0.535,100.934,-30.804,33.72,0.2,-0.3,0.0,-0.4915589999989607
1790077084.697116,146836.0,56.178,17.713,-179.009,0.034,-0.141,3.542,-0.84,0.166,0.534,100.934,-30.804,33.732,0.0,0.1,0.0,-0.4915589999989607
1790077084.703017,146841.0,56.18,17.72,-178.991,0.041,-0.14,3.564,-0.841,0.167,0.534,100.934,-30.804,33.72,0.0,-0.2,0.0,-0.4937593290989753
1790077084.708568,146847.0,56.182,17.727,-178.973,0.045,-0.164,3.567,-0.842,0.167,0.533,100.932,-30.804,33.732,0.0,0.0,0.0,-0.4937593290989753
1790077084.71418,146853.0,56.184,17.735,-178.955,0.02,-0.175,3.583,-0.843,0.168,0.532,100.932,-30.804,33.732,-0.3,0.2,0.0,-0.4937593290989753
1790077084.721649,146858.0,56.186,17.742,-178.937,-0.003,-0.218,3.562,-0.843,0.168,0.532,100.932,-30.816,33.72,-0.3,-0.1,0.0,-0.4937593290989753
1790077084.7251918,146864.0,56.188,17.749,-178.919,-0.012,-0.281,3.568,-0.844,0.168,0.531,100.932,-30.804,33.72,0.2,-0.1,0.0,-0.4937593290989753
1790077084.730131,146869.0,56.19,17.756,-178.9,0.008,-0.334,3.605,-0.845,0.168,0.53,100.932,-30.804,33.72,0.0,-0.1,0.0,-0.4967216290999204
1790077084.73734,146874.0,56.193,17.771,-178.864,-0.149,-0.478,3.647,-0.846,0.168,0.529,100.932,-30.804,33.72,0.0,-0.1,0.0,-0.4967216290999204
1790077084.7411551,146880.0,56.194,17.777,-178.845,-0.29,-0.532,3.662,-0.847,0.169,0.529,100.932,-30.804,33.72,0.2,-0.1,0.0,-0.4967216290999204
1790077084.755199,146886.0,56.195,17.783,-178.827,-0.279,-0.584,3.66,-0.847,0.169,0.53,100.932,-30.804,33.72,0.0,0.0,0.0,-0.4991677665995667
1790077084.756356,146891.0,56.196,17.79,-178.808,-0.268,-0.637,3.684,-0.848,0.169,0.529,100.932,-30.804,33.72,-0.1,0.0,0.0,-0.4991677665995667
1790077084.7582898,146896.0,56.196,17.796,-178.789,-0.275,-0.675,3.71,-0.848,0.17,0.53,100.932,-30.804,33.72,0.1,-0.1,0.0,-0.4991677665995667
1790077084.763521,146902.0,56.196,17.803,-178.77,-0.272,-0.739,3.711,-0.848,0.17,0.53,100.932,-30.804,33.72,0.0,-0.4,0.0,-0.4991677665995667
1790077084.774226,146907.0,56.196,17.81,-178.752,-0.26,-0.825,3.722,-0.848,0.171,0.53,100.933,-30.804,33.72,0.0,-0.3,0.0,-0.4991677665995667
1790077084.774296,146913.0,56.195,17.816,-178.733,-0.281,-0.936,3.722,-0.848,0.171,0.531,100.933,-30.804,33.708,-0.1,-0.8,0.0,-0.4991677665995667
1790077084.779168,146918.0,56.193,17.822,-178.715,-0.281,-1.018,3.694,-0.848,0.171,0.532,100.933,-30.804,33.708,0.0,-0.3,0.0,-0.5019783832991379
1790077084.786886,146924.0,56.189,17.833,-178.681,-0.314,-1.138,3.642,-0.847,0.171,0.533,100.933,-30.804,33.708,0.0,-0.1,0.0,-0.5019783832991379
1790077084.792162,146930.0,56.186,17.837,-178.664,-0.318,-1.178,3.624,-0.847,0.171,0.534,100.933,-30.804,33.708,0.1,-0.3,0.0,-0.5019783832991379
1790077084.7961228,146935.0,56.183,17.842,-178.648,-0.298,-1.221,3.608,-0.847,0.171,0.535,100.933,-30.804,33.696,-0.2,-0.7,0.0,-0.5019783832991379
1790077084.8108768,146940.0,56.183,17.842,-178.648,-0.298,-1.221,3.608,-0.847,0.171,0.535,100.933,-30.804,33.696,0.2,-0.2,0.0,-0.5019783832991379
1790077084.810959,146946.0,56.176,17.85,-178.617,-0.232,-1.246,3.556,-0.847,0.172,0.537,100.933,-30.804,33.684,0.1,-0.7,0.0,-0.5019783832991379
1790077084.812916,146951.0,56.172,17.854,-178.601,-0.194,-1.268,3.538,-0.847,0.172,0.538,100.933,-30.804,33.684,0.0,-0.5,0.0,-0.5019783832991379
1790077084.825404,146957.0,56.168,17.857,-178.587,-0.161,-1.287,3.5,-0.847,0.172,0.539,100.933,-30.804,33.684,-0.1,-0.7,0.0,-0.5049783832991379
1790077084.825651,146963.0,56.164,17.861,-178.572,-0.142,-1.242,3.45,-0.847,0.172,0.541,100.933,-30.804,33.672,0.0,-1.2,0.0,-0.5049783832991379
1790077084.829977,146968.0,56.161,17.864,-178.559,-0.103,-1.2,3.404,-0.847,0.171,0.542,100.934,-30.804,33.672,-0.1,-0.5,0.0,-0.5056090083002346
1790077084.835314,146974.0,56.153,17.869,-178.532,-0.042,-1.113,3.375,-0.846,0.17,0.544,100.934,-30.804,33.66,0.0,-1.0,0.0,-0.5056090083002346
1790077084.841894,146980.0,56.15,17.871,-178.519,0.021,-1.062,3.333,-0.846,0.17,0.544,100.934,-30.804,33.66,-0.1,-1.0,0.0,-0.5056090083002346
1790077084.8471522,146986.0,56.146,17.873,-178.507,0.079,-1.094,3.27,-0.845,0.169,0.544,100.934,-30.804,33.624,0.0,-1.9,0.0,-0.5056090083002346
1790077084.853481,146991.0,56.142,17.875,-178.496,0.131,-1.129,3.206,-0.845,0.169,0.544,100.934,-30.804,33.612,0.1,-2.1,0.0,-0.5086090083002346
1790077084.858059,146996.0,56.139,17.876,-178.486,0.162,-1.106,3.166,-0.844,0.168,0.544,100.934,-30.804,33.588,-0.1,-3.1,0.0,-0.5087161082992679
1790077084.870548,147002.0,56.136,17.877,-178.475,0.151,-1.105,3.16,-0.844,0.167,0.543,100.934,-30.804,33.552,0.1,-3.9,0.0,-0.5087161082992679
1790077084.870637,147008.0,56.132,17.878,-178.465,0.112,-1.162,3.168,-0.844,0.167,0.542,100.934,-30.804,33.516,0.1,-5.0,0.0,-0.5087161082992679
1790077084.874068,147013.0,56.129,17.878,-178.454,0.086,-1.292,3.187,-0.845,0.167,0.541,100.934,-30.804,33.456,0.1,-6.7,0.0,-0.5087161082992679
1790077084.880737,147019.0,56.119,17.877,-178.435,-0.122,-1.7,3.224,-0.845,0.167,0.539,100.934,-30.804,33.408,0.0,-7.7,0.0,-0.5116509165993194
1790077084.8871639,147025.0,56.113,17.875,-178.425,-0.258,-1.911,3.277,-0.845,0.167,0.539,100.933,-30.816,33.276,-0.4,-9.6,0.0,-0.5116509165993194
1790077084.8921778,147031.0,56.106,17.873,-178.416,-0.367,-2.062,3.352,-0.845,0.167,0.54,100.933,-30.804,33.228,0.1,-9.9,0.0,-0.5116509165993194
1790077084.904192,147037.0,56.098,17.87,-178.406,-0.445,-2.155,3.415,-0.845,0.166,0.541,100.933,-30.804,33.156,0.0,-10.5,0.0,-0.5086509165993194
1790077084.90445,147043.0,56.089,17.866,-178.397,-0.5,-2.196,3.445,-0.845,0.166,0.543,100.933,-30.804,33.096,0.0,-10.5,0.0,-0.5086509165993194
1790077084.909268,147048.0,56.081,17.863,-178.388,-0.509,-2.188,3.449,-0.845,0.166,0.544,100.933,-30.804,33.048,0.1,-10.3,0.0,-0.5056509165993194
1790077084.920243,147054.0,56.064,17.856,-178.37,-0.423,-2.198,3.323,-0.845,0.167,0.546,100.933,-30.804,32.988,-0.1,-10.4,0.0,-0.5026509165993194
1790077084.920624,147059.0,56.055,17.852,-178.362,-0.383,-2.268,3.252,-0.846,0.168,0.545,100.933,-30.804,32.916,0.0,-11.1,0.0,-0.5026509165993194
1790077084.925611,147064.0,56.046,17.848,-178.354,-0.347,-2.412,3.216,-0.848,0.169,0.543,100.933,-30.804,32.844,0.0,-12.0,0.0,-0.5026509165993194
1790077084.9456398,147070.0,56.037,17.844,-178.347,-0.396,-2.594,3.199,-0.849,0.169,0.541,100.933,-30.804,32.772,0.0,-12.5,0.0,-0.49665091659931937
1790077084.9457679,147075.0,56.028,17.84,-178.339,-0.53,-2.712,3.182,-0.849,0.169,0.54,100.933,-30.804,32.616,-0.2,-13.4,0.0,-0.49665091659931937
1790077084.945796,147080.0,56.018,17.834,-178.333,-0.662,-2.736,3.181,-0.848,0.169,0.541,100.933,-30.804,32.532,0.0,-14.0,0.0,-0.49665091659931937
1790077084.947243,147085.0,56.008,17.827,-178.326,-0.763,-2.746,3.189,-0.847,0.168,0.541,100.933,-30.804,32.448,-0.2,-14.2,0.0,-0.49365091659931937
1790077084.95434,147091.0,55.998,17.82,-178.32,-0.833,-2.803,3.183,-0.847,0.167,0.541,100.933,-30.804,32.364,0.1,-14.7,0.0,-0.49365091659931937
1790077084.9585578,147097.0,55.988,17.812,-178.314,-0.833,-2.902,3.156,-0.846,0.167,0.541,100.933,-30.804,32.268,0.1,-15.6,0.0,-0.49065091659931936
1790077084.9637241,147102.0,55.977,17.804,-178.309,-0.764,-3.018,3.09,-0.846,0.168,0.541,100.933,-30.804,32.172,-0.2,-16.5,0.0,-0.49065091659931936
1790077084.990628,147108.0,55.965,17.796,-178.304,-0.717,-3.173,3.026,-0.846,0.169,0.54,100.933,-30.792,32.076,0.5,-16.4,0.0,-0.48465091659931936
1790077084.9907389,147113.0,55.953,17.788,-178.3,-0.751,-3.284,3.012,-0.844,0.169,0.541,100.933,-30.804,31.992,-0.1,-15.7,0.0,-0.48465091659931936
1790077084.990798,147119.0,55.928,17.77,-178.291,-0.836,-3.086,3.061,-0.84,0.169,0.546,100.933,-30.804,31.92,-0.3,-15.3,0.0,-0.48465091659931936
1790077084.990823,147125.0,55.916,17.761,-178.287,-0.845,-2.942,3.034,-0.84,0.168,0.547,100.933,-30.804,31.752,0.0,-14.9,0.0,-0.48465091659931936
1790077084.992875,147131.0,55.904,17.752,-178.283,-0.749,-2.856,2.964,-0.84,0.168,0.546,100.933,-30.804,31.668,0.1,-15.4,0.0,-0.48465091659931936
1790077085.00832,147137.0,55.893,17.744,-178.279,-0.646,-2.857,2.859,-0.841,0.168,0.545,100.933,-30.804,31.56,0.0,-16.3,0.0,-0.48165091659931936
1790077085.0085728,147142.0,55.883,17.734,-178.277,-0.582,-2.94,2.762,-0.842,0.168,0.545,100.933,-30.804,31.476,0.2,-16.7,0.0,-0.48165091659931936
1790077085.009204,147148.0,55.872,17.725,-178.275,-0.596,-3.015,2.688,-0.842,0.169,0.545,100.933,-30.804,31.38,0.2,-16.7,0.0,-0.48165091659931936
1790077085.022721,147153.0,55.861,17.714,-178.273,-0.677,-2.973,2.655,-0.842,0.169,0.545,100.933,-30.804,31.296,-0.2,-16.3,0.0,-0.47865091659931935
1790077085.023114,147159.0,55.841,17.692,-178.27,-0.828,-2.629,2.628,-0.84,0.167,0.545,100.933,-30.804,31.212,-0.2,-16.1,0.0,-0.47865091659931935
1790077085.026207,147165.0,55.833,17.681,-178.268,-0.798,-2.49,2.575,-0.841,0.166,0.544,100.933,-30.804,31.116,-0.3,-16.2,0.0,-0.47565091659931935
1790077085.032493,147171.0,55.825,17.671,-178.266,-0.736,-2.446,2.524,-0.841,0.167,0.543,100.933,-30.804,30.936,0.2,-16.6,0.0,-0.47565091659931935
1790077085.0401778,147176.0,55.818,17.66,-178.265,-0.654,-2.493,2.415,-0.841,0.168,0.542,100.933,-30.792,30.852,0.4,-16.2,0.0,-0.47265091659931935
1790077085.045347,147183.0,55.81,17.649,-178.265,-0.594,-2.506,2.297,-0.84,0.169,0.542,100.933,-30.804,30.768,0.0,-15.6,0.0,-0.46965091659931935
1790077085.049189,147188.0,55.803,17.639,-178.264,-0.518,-2.426,2.239,-0.839,0.169,0.542,100.933,-30.804,30.684,0.0,-15.3,0.0,-0.46965091659931935
1790077085.054344,147193.0,55.796,17.629,-178.264,-0.479,-2.293,2.199,-0.838,0.169,0.542,100.933,-30.804,30.612,-0.1,-14.7,0.0,-0.46665091659931934
1790077085.060416,147199.0,55.785,17.61,-178.263,-0.435,-2.146,2.069,-0.839,0.17,0.539,100.933,-30.804,30.54,0.0,-14.5,0.0,-0.46665091659931934
1790077085.065283,147204.0,55.785,17.61,-178.263,-0.435,-2.146,2.069,-0.839,0.17,0.539,100.933,-30.804,30.444,0.0,-15.0,0.0,-0.46365091659931934
1790077085.088541,147210.0,55.776,17.592,-178.263,-0.317,-2.274,1.959,-0.842,0.172,0.535,100.933,-30.804,30.36,-0.1,-15.4,0.0,-0.45765091659931934
1790077085.088622,147216.0,55.771,17.582,-178.263,-0.337,-2.364,1.904,-0.842,0.172,0.535,100.933,-30.804,30.192,-0.1,-15.5,0.0,-0.45765091659931934
1790077085.08865,147221.0,55.766,17.572,-178.264,-0.409,-2.358,1.859,-0.841,0.172,0.536,100.933,-30.804,30.108,0.0,-15.6,0.0,-0.45765091659931934
1790077085.089456,147227.0,55.761,17.561,-178.265,-0.513,-2.307,1.849,-0.841,0.171,0.537,100.933,-30.804,30.036,-0.2,-14.9,0.0,-0.45765091659931934
1790077085.0944939,147233.0,55.756,17.549,-178.267,-0.565,-2.232,1.841,-0.841,0.17,0.537,100.933,-30.804,29.964,0.0,-14.1,0.0,-0.45765091659931934
1790077085.101077,147239.0,55.748,17.526,-178.271,-0.478,-2.16,1.674,-0.842,0.171,0.538,100.933,-30.804,29.88,-0.1,-14.0,0.0,-0.45465091659931933
1790077085.111792,147245.0,55.748,17.526,-178.271,-0.478,-2.16,1.674,-0.842,0.171,0.538,100.933,-30.804,29.82,0.1,-13.7,0.0,-0.45165091659931933
1790077085.112182,147251.0,55.741,17.503,-178.277,-0.286,-2.182,1.502,-0.843,0.173,0.536,100.933,-30.804,29.664,0.1,-13.5,0.0,-0.45165091659931933
1790077085.1242502,147256.0,55.738,17.492,-178.28,-0.229,-2.18,1.432,-0.843,0.173,0.536,100.933,-30.804,29.604,0.1,-12.6,0.0,-0.4486509165993193
1790077085.124466,147262.0,55.735,17.48,-178.284,-0.196,-2.113,1.393,-0.842,0.172,0.535,100.933,-30.804,29.556,0.0,-11.8,0.0,-0.4486509165993193
1790077085.1286762,147267.0,55.733,17.469,-178.288,-0.197,-2.017,1.369,-0.842,0.171,0.535,100.933,-30.804,29.496,0.0,-11.4,0.0,-0.4486509165993193
1790077085.145219,147273.0,55.731,17.457,-178.292,-0.21,-1.948,1.357,-0.842,0.171,0.534,100.933,-30.804,29.448,-0.1,-10.8,0.0,-0.4426509165993193
1790077085.1453052,147279.0,55.729,17.434,-178.3,-0.155,-1.88,1.313,-0.841,0.169,0.532,100.933,-30.804,29.4,0.0,-10.1,0.0,-0.4426509165993193
1790077085.149467,147284.0,55.728,17.422,-178.305,-0.085,-1.864,1.264,-0.841,0.169,0.532,100.933,-30.804,29.34,0.1,-10.2,0.0,-0.4396509165993193
1790077085.152076,147291.0,55.727,17.41,-178.31,-0.032,-1.905,1.218,-0.841,0.169,0.532,100.933,-30.804,29.292,0.3,-9.9,0.0,-0.4396509165993193
1790077085.158387,147296.0,55.726,17.398,-178.316,-0.05,-2.007,1.212,-0.841,0.169,0.53,100.933,-30.792,29.172,0.2,-10.3,0.0,-0.4396509165993193
1790077085.1740968,147303.0,55.725,17.386,-178.321,-0.116,-2.133,1.233,-0.842,0.169,0.528,100.933,-30.804,29.124,-0.1,-10.4,0.0,-0.4336509165993193
1790077085.1741812,147309.0,55.721,17.36,-178.331,-0.339,-2.246,1.33,-0.84,0.167,0.529,100.933,-30.804,29.064,0.1,-10.2,0.0,-0.4336509165993193
1790077085.17567,147314.0,55.718,17.346,-178.337,-0.433,-2.265,1.353,-0.838,0.166,0.53,100.933,-30.804,29.016,-0.4,-9.8,0.0,-0.4336509165993193
1790077085.193815,147319.0,55.715,17.331,-178.342,-0.462,-2.237,1.378,-0.837,0.165,0.531,100.933,-30.804,28.98,-0.2,-8.9,0.0,-0.4276509165993193
1790077085.1939762,147325.0,55.712,17.316,-178.348,-0.436,-2.214,1.357,-0.836,0.165,0.532,100.933,-30.816,28.908,-0.2,-7.2,0.0,-0.4276509165993193
1790077085.194006,147330.0,55.709,17.302,-178.354,-0.377,-2.212,1.321,-0.835,0.165,0.532,100.933,-30.816,28.908,-0.2,-7.2,0.0,-0.4276509165993193
1790077085.196738,147335.0,55.706,17.288,-178.361,-0.283,-2.15,1.28,-0.834,0.165,0.533,100.933,-30.804,28.884,0.2,-3.9,0.0,-0.4276509165993193
1790077085.20681,147342.0,55.704,17.274,-178.367,-0.162,-1.974,1.23,-0.833,0.166,0.535,100.933,-30.804,28.896,0.1,-2.0,0.0,-0.4246509165993193
1790077085.2092412,147348.0,55.703,17.262,-178.372,-0.006,-1.713,1.184,-0.833,0.166,0.535,100.933,-30.804,28.896,0.0,-1.2,0.0,-0.4246509165993193
1790077085.215341,147354.0,55.703,17.251,-178.378,0.168,-1.534,1.128,-0.835,0.167,0.532,100.933,-30.804,28.896,0.0,-0.8,0.0,-0.4216509165993193
1790077085.2204878,147359.0,55.707,17.232,-178.387,0.324,-1.58,0.963,-0.84,0.17,0.526,100.933,-30.804,28.896,0.1,-0.6,0.0,-0.4186509165993193
1790077085.226509,147365.0,55.708,17.223,-178.392,0.332,-1.656,0.925,-0.841,0.172,0.525,100.933,-30.804,28.896,0.0,0.0,0.0,-0.4186509165993193
1790077085.2379892,147372.0,55.71,17.214,-178.396,0.299,-1.707,0.945,-0.842,0.173,0.524,100.933,-30.804,28.896,0.1,-0.2,0.0,-0.4156509165993193
1790077085.2425358,147378.0,55.712,17.206,-178.4,0.22,-1.777,1.008,-0.843,0.172,0.522,100.933,-30.804,28.896,0.0,0.2,0.0,-0.4126509165993193
1790077085.2454138,147383.0,55.713,17.197,-178.405,0.114,-1.862,1.049,-0.843,0.171,0.522,100.933,-30.804,28.896,-0.2,0.0,0.0,-0.4126509165993193
1790077085.257836,147389.0,55.714,17.186,-178.409,0.019,-1.956,1.071,-0.842,0.171,0.523,100.933,-30.804,28.896,0.0,0.1,0.0,-0.4126509165993193
1790077085.259787,147394.0,55.713,17.164,-178.42,-0.046,-2.11,1.048,-0.841,0.17,0.527,100.934,-30.804,28.896,0.0,-0.3,0.0,-0.4126509165993193
1790077085.260567,147399.0,55.712,17.152,-178.426,-0.022,-2.162,1.014,-0.84,0.17,0.528,100.934,-30.804,28.896,0.0,0.0,0.0,-0.4126509165993193
1790077085.337106,147405.0,55.711,17.139,-178.433,0.016,-2.196,0.965,-0.84,0.169,0.529,100.934,-30.804,28.896,0.1,-0.1,0.0,-0.4036509165993193
1790077085.337426,147411.0,55.709,17.127,-178.44,0.004,-2.227,0.961,-0.84,0.169,0.529,100.934,-30.804,28.896,-0.2,0.2,0.0,-0.4036509165993193
1790077085.338132,147416.0,55.707,17.114,-178.446,-0.045,-2.261,1.008,-0.839,0.169,0.53,100.934,-30.804,28.896,0.0,0.0,0.0,-0.4036509165993193
1790077085.341326,147422.0,55.704,17.101,-178.453,-0.098,-2.32,1.034,-0.839,0.169,0.531,100.934,-30.804,28.896,-0.2,0.2,0.0,-0.4036509165993193
1790077085.3416588,147427.0,55.701,17.087,-178.46,-0.149,-2.351,1.059,-0.838,0.168,0.532,100.934,-30.804,28.896,0.0,-0.3,0.0,-0.4036509165993193
1790077085.342347,147432.0,55.698,17.074,-178.467,-0.136,-2.333,1.09,-0.836,0.168,0.533,100.934,-30.804,28.896,0.0,0.1,0.0,-0.4036509165993193
1790077085.342409,147438.0,55.694,17.06,-178.474,-0.073,-2.312,1.073,-0.836,0.167,0.534,100.934,-30.804,28.896,0.0,0.1,0.0,-0.4036509165993193
1790077085.342459,147443.0,55.691,17.047,-178.481,-0.006,-2.272,1.033,-0.835,0.167,0.534,100.934,-30.804,28.896,0.1,0.0,0.0,-0.4036509165993193
1790077085.3442419,147449.0,55.688,17.033,-178.489,0.067,-2.266,0.978,-0.835,0.167,0.534,100.934,-30.804,28.896,0.1,0.2,0.0,-0.3976509165993193
1790077085.3458471,147454.0,55.682,17.006,-178.507,0.191,-2.251,0.901,-0.835,0.166,0.535,100.934,-30.804,28.896,-0.2,-0.3,0.0,-0.3976509165993193
1790077085.3459,147459.0,55.679,16.992,-178.515,0.217,-2.226,0.883,-0.835,0.166,0.535,100.934,-30.804,28.908,0.0,0.3,0.0,-0.3976509165993193
1790077085.3459241,147465.0,55.676,16.979,-178.524,0.246,-2.178,0.879,-0.835,0.166,0.536,100.934,-30.804,28.896,-0.1,0.0,0.0,-0.3976509165993193
1790077085.3459451,147471.0,55.673,16.966,-178.533,0.317,-2.128,0.888,-0.835,0.166,0.537,100.934,-30.804,28.896,0.0,-0.2,0.0,-0.3976509165993193
1790077085.345964,147476.0,55.67,16.953,-178.541,0.392,-2.084,0.875,-0.836,0.166,0.538,100.934,-30.804,28.896,0.0,-0.1,0.0,-0.3976509165993193
1790077085.3459818,147481.0,55.668,16.941,-178.55,0.472,-1.999,0.842,-0.835,0.166,0.539,100.934,-30.804,28.896,0.0,0.1,0.0,-0.3976509165993193
1790077085.351385,147486.0,55.666,16.929,-178.559,0.577,-1.943,0.824,-0.835,0.165,0.541,100.934,-30.804,28.896,0.3,0.0,0.0,-0.3976509165993193
1790077085.353886,147492.0,55.663,16.917,-178.569,0.668,-1.911,0.829,-0.835,0.165,0.542,100.934,-30.804,28.896,0.0,0.0,0.0,-0.3976509165993193
1790077085.358519,147497.0,55.661,16.906,-178.577,0.724,-1.837,0.834,-0.835,0.165,0.543,100.934,-30.804,28.896,0.0,0.1,0.0,-0.3946509165993193
1790077085.379047,147503.0,55.659,16.894,-178.586,0.748,-1.733,0.838,-0.836,0.165,0.544,100.934,-30.804,28.896,0.2,-0.1,0.0,-0.3946509165993193
1790077085.379147,147508.0,55.657,16.884,-178.594,0.797,-1.616,0.867,-0.836,0.165,0.545,100.934,-30.804,28.896,0.0,0.3,0.0,-0.3946509165993193
1790077085.379179,147514.0,55.655,16.865,-178.609,0.881,-1.398,0.944,-0.835,0.165,0.546,100.934,-30.804,28.896,-0.2,-0.3,0.0,-0.3946509165993193
1790077085.380345,147519.0,55.655,16.856,-178.616,0.932,-1.275,0.938,-0.836,0.165,0.546,100.934,-30.804,28.896,0.0,0.2,0.0,-0.3886509165993193
1790077085.385546,147524.0,55.655,16.856,-178.616,0.932,-1.275,0.938,-0.836,0.165,0.546,100.934,-30.804,28.896,0.0,0.0,0.0,-0.3886509165993193
1790077085.391156,147530.0,55.656,16.84,-178.629,1.026,-1.098,0.946,-0.837,0.165,0.545,100.934,-30.804,28.896,0.0,0.1,0.0,-0.3886509165993193
1790077085.406332,147536.0,55.658,16.833,-178.634,1.038,-1.044,0.964,-0.837,0.166,0.545,100.934,-30.804,28.896,0.0,-0.2,0.0,-0.38265091659931927
1790077085.4064262,147542.0,55.659,16.827,-178.639,1.016,-1.027,0.966,-0.838,0.166,0.544,100.934,-30.804,28.896,0.0,-0.1,0.0,-0.38265091659931927
1790077085.412401,147547.0,55.661,16.821,-178.644,1.006,-1.01,0.983,-0.839,0.167,0.543,100.934,-30.804,28.896,0.1,-0.1,0.0,-0.37965091659931927
1790077085.418056,147554.0,55.663,16.816,-178.648,1.005,-0.957,1.021,-0.84,0.168,0.543,100.934,-30.804,28.896,-0.2,0.1,0.0,-0.37965091659931927
1790077085.421251,147560.0,55.668,16.807,-178.654,1.068,-0.888,1.031,-0.842,0.169,0.542,100.934,-30.804,28.896,-0.2,0.0,0.0,-0.37965091659931927
1790077085.426563,147565.0,55.671,16.803,-178.657,1.084,-0.883,1.046,-0.842,0.17,0.542,100.934,-30.804,28.896,0.0,0.2,0.0,-0.37665091659931926
1790077085.502901,147571.0,55.674,16.8,-178.659,1.081,-0.873,1.084,-0.843,0.17,0.542,100.934,-30.816,28.896,-0.4,0.1,0.0,-0.37065091659931926
1790077085.502989,147576.0,55.677,16.797,-178.661,1.058,-0.849,1.118,-0.843,0.17,0.542,100.933,-30.804,28.896,0.0,0.0,0.0,-0.37065091659931926
1790077085.503021,147581.0,55.68,16.794,-178.663,1.034,-0.807,1.176,-0.844,0.169,0.542,100.933,-30.804,28.896,0.0,-0.1,0.0,-0.37065091659931926
1790077085.5030441,147587.0,55.683,16.791,-178.664,1.016,-0.771,1.252,-0.844,0.169,0.542,100.933,-30.804,28.896,0.0,0.1,0.0,-0.37065091659931926
1790077085.5030851,147592.0,55.686,16.788,-178.664,1.005,-0.787,1.317,-0.845,0.168,0.541,100.933,-30.804,28.896,0.2,0.1,0.0,-0.37065091659931926
1790077085.503118,147598.0,55.689,16.786,-178.664,1.014,-0.784,1.4,-0.845,0.168,0.542,100.933,-30.804,28.896,0.1,-0.2,0.0,-0.37065091659931926
1790077085.5031402,147604.0,55.695,16.784,-178.663,1.07,-0.746,1.539,-0.843,0.167,0.542,100.933,-30.804,28.896,0.1,0.0,0.0,-0.37065091659931926
1790077085.5031621,147609.0,55.698,16.783,-178.662,1.081,-0.732,1.558,-0.843,0.167,0.543,100.933,-30.804,28.896,0.0,0.0,0.0,-0.37065091659931926
1790077085.5031831,147615.0,55.7,16.782,-178.66,1.085,-0.685,1.596,-0.843,0.166,0.543,100.933,-30.804,28.896,0.0,0.1,0.0,-0.37065091659931926
1790077085.503642,147621.0,55.703,16.782,-178.658,1.075,-0.622,1.668,-0.842,0.166,0.543,100.933,-30.804,28.896,-0.1,0.0,0.0,-0.37065091659931926
1790077085.5037298,147626.0,55.706,16.782,-178.655,1.034,-0.549,1.739,-0.841,0.166,0.543,100.933,-30.804,28.896,0.2,0.0,0.0,-0.37065091659931926
1790077085.503766,147631.0,55.71,16.783,-178.651,0.994,-0.486,1.818,-0.841,0.166,0.543,100.933,-30.804,28.896,0.0,-0.1,0.0,-0.37065091659931926
1790077085.503844,147636.0,55.713,16.784,-178.647,1.001,-0.443,1.882,-0.84,0.166,0.543,100.933,-30.804,28.908,-0.2,0.2,0.0,-0.37065091659931926
1790077085.503944,147642.0,55.716,16.786,-178.642,1.007,-0.41,1.926,-0.839,0.167,0.544,100.933,-30.804,28.896,0.0,-0.5,0.0,-0.37065091659931926
1790077085.5088909,147647.0,55.716,16.786,-178.642,1.007,-0.41,1.926,-0.839,0.167,0.544,100.933,-30.804,28.896,0.2,-0.1,0.0,-0.37065091659931926
1790077085.5166452,147653.0,55.722,16.79,-178.631,0.964,-0.298,2.011,-0.839,0.166,0.544,100.933,-30.804,28.896,-0.1,0.0,0.0,-0.36765091659931926
1790077085.5204961,147659.0,55.729,16.797,-178.617,0.949,-0.21,2.182,-0.838,0.166,0.544,100.933,-30.804,28.896,0.0,0.0,0.0,-0.36765091659931926
1790077085.526113,147665.0,55.732,16.801,-178.609,0.923,-0.2,2.273,-0.838,0.166,0.544,100.933,-30.792,28.896,0.4,0.0,0.0,-0.36465091659931925
1790077085.538719,147670.0,55.736,16.805,-178.6,0.901,-0.166,2.365,-0.839,0.166,0.544,100.933,-30.804,28.896,0.0,0.0,0.0,-0.36465091659931925
1790077085.539053,147676.0,55.739,16.81,-178.59,0.878,-0.139,2.448,-0.839,0.166,0.544,100.933,-30.804,28.896,0.0,-0.1,0.0,-0.36465091659931925
1790077085.543245,147681.0,55.742,16.816,-178.58,0.866,-0.102,2.519,-0.839,0.166,0.544,100.933,-30.804,28.896,-0.2,0.0,0.0,-0.36165091659931925
1790077085.548484,147687.0,55.746,16.822,-178.569,0.846,-0.075,2.593,-0.839,0.166,0.544,100.933,-30.804,28.896,-0.1,0.1,0.0,-0.35865091659931925
1790077085.554197,147693.0,55.749,16.828,-178.557,0.798,-0.067,2.65,-0.839,0.166,0.544,100.933,-30.804,28.896,-0.1,-0.3,0.0,-0.35865091659931925
1790077085.5591779,147698.0,55.753,16.835,-178.544,0.759,-0.036,2.699,-0.839,0.166,0.544,100.933,-30.804,28.908,0.0,0.4,0.0,-0.35565091659931924
1790077085.565382,147704.0,55.76,16.849,-178.518,0.639,0.02,2.819,-0.839,0.167,0.543,100.933,-30.804,28.896,0.0,0.0,0.0,-0.35265091659931924
1790077085.629608,147710.0,55.764,16.857,-178.503,0.596,0.047,2.876,-0.839,0.167,0.543,100.933,-30.804,28.896,0.0,0.0,0.0,-0.34665091659931924
1790077085.629729,147716.0,55.767,16.865,-178.488,0.555,0.037,2.917,-0.838,0.168,0.542,100.933,-30.804,28.896,0.0,0.1,0.0,-0.34665091659931924
1790077085.629775,147721.0,55.771,16.873,-178.473,0.51,0.002,2.942,-0.838,0.168,0.542,100.933,-30.804,28.896,0.1,0.0,0.0,-0.34665091659931924
1790077085.6299279,147726.0,55.774,16.881,-178.458,0.482,0.015,2.992,-0.838,0.168,0.541,100.933,-30.804,28.896,-0.1,0.0,0.0,-0.34665091659931924
1790077085.63,147732.0,55.778,16.889,-178.441,0.468,0.054,3.063,-0.839,0.168,0.541,100.933,-30.804,28.896,0.1,0.0,0.0,-0.34665091659931924
1790077085.6300318,147737.0,55.781,16.898,-178.424,0.429,0.074,3.111,-0.839,0.168,0.541,100.933,-30.792,28.896,0.3,0.0,0.0,-0.34665091659931924
1790077085.630056,147743.0,55.785,16.907,-178.407,0.395,0.088,3.147,-0.839,0.168,0.542,100.933,-30.816,28.896,-0.5,0.0,0.0,-0.34665091659931924
1790077085.6300778,147748.0,55.788,16.916,-178.39,0.347,0.103,3.193,-0.839,0.168,0.542,100.933,-30.804,28.896,0.0,0.1,0.0,-0.34665091659931924
1790077085.630099,147754.0,55.795,16.934,-178.355,0.302,0.146,3.269,-0.839,0.167,0.543,100.933,-30.804,28.896,0.0,-0.1,0.0,-0.34665091659931924
1790077085.6305048,147760.0,55.799,16.942,-178.337,0.269,0.162,3.284,-0.839,0.167,0.543,100.933,-30.804,28.908,-0.1,0.3,0.0,-0.34665091659931924
1790077085.630547,147766.0,55.802,16.951,-178.319,0.249,0.166,3.304,-0.839,0.167,0.543,100.933,-30.804,28.896,0.0,-0.1,0.0,-0.34665091659931924
1790077085.6331,147771.0,55.806,16.959,-178.302,0.232,0.172,3.322,-0.839,0.166,0.543,100.933,-30.804,28.896,0.2,0.0,0.0,-0.34665091659931924
1790077085.638443,147777.0,55.809,16.968,-178.283,0.188,0.188,3.332,-0.839,0.166,0.543,100.933,-30.804,28.896,0.0,0.0,0.0,-0.34665091659931924
1790077085.644019,147783.0,55.813,16.976,-178.265,0.128,0.175,3.347,-0.838,0.167,0.543,100.933,-30.804,28.908,0.0,0.3,0.0,-0.34365091659931923
1790077085.6504462,147789.0,55.82,16.993,-178.228,0.085,0.179,3.374,-0.838,0.168,0.541,100.933,-30.804,28.908,0.1,0.1,0.0,-0.34365091659931923
1790077085.6802099,147794.0,55.82,16.993,-178.228,0.085,0.179,3.374,-0.838,0.168,0.541,100.933,-30.804,28.896,0.0,0.0,0.0,-0.3346509165993192
1790077085.6806989,147800.0,55.826,17.011,-178.19,0.028,0.128,3.401,-0.837,0.168,0.541,100.933,-30.804,28.896,0.0,-0.3,0.0,-0.3346509165993192
1790077085.681045,147806.0,55.829,17.019,-178.171,-0.025,0.107,3.393,-0.836,0.168,0.54,100.933,-30.804,28.896,0.2,0.0,0.0,-0.3346509165993192
1790077085.681105,147812.0,55.832,17.027,-178.152,-0.059,0.098,3.381,-0.836,0.168,0.541,100.933,-30.804,28.908,-0.1,0.2,0.0,-0.3346509165993192
1790077085.681139,147818.0,55.835,17.035,-178.133,-0.089,0.132,3.355,-0.835,0.168,0.541,100.933,-30.804,28.908,0.0,0.0,0.0,-0.3346509165993192
1790077085.684578,147823.0,55.837,17.041,-178.116,-0.127,0.132,3.323,-0.834,0.167,0.542,100.933,-30.804,28.908,0.2,0.1,0.0,-0.3346509165993192
1790077085.6905558,147829.0,55.842,17.051,-178.083,-0.173,0.105,3.27,-0.834,0.164,0.543,100.933,-30.804,28.896,0.0,-0.1,0.0,-0.3346509165993192
1790077085.695947,147834.0,55.842,17.051,-178.083,-0.173,0.105,3.27,-0.834,0.164,0.543,100.933,-30.804,28.908,0.0,0.3,0.0,-0.3316509165993192
1790077085.701293,147840.0,55.847,17.061,-178.05,-0.09,0.154,3.336,-0.834,0.162,0.545,100.933,-30.804,28.908,-0.1,0.0,0.0,-0.3286509165993192
1790077085.707214,147845.0,55.847,17.061,-178.05,-0.09,0.154,3.336,-0.834,0.162,0.545,100.933,-30.804,28.896,0.2,-0.4,0.0,-0.3286509165993192
1790077085.737304,147851.0,55.852,17.069,-178.019,-0.058,0.158,3.303,-0.833,0.162,0.546,100.933,-30.804,28.896,-0.2,0.0,0.0,-0.3256509165993192
1790077085.7373812,147856.0,55.854,17.074,-178.003,-0.005,0.189,3.311,-0.833,0.162,0.545,100.933,-30.804,28.908,0.1,0.1,0.0,-0.3256509165993192
1790077085.737408,147861.0,55.857,17.08,-177.987,0.018,0.229,3.32,-0.833,0.163,0.545,100.933,-30.804,28.896,-0.1,-0.1,0.0,-0.3256509165993192
1790077085.737432,147868.0,55.86,17.085,-177.97,-0.014,0.246,3.325,-0.833,0.164,0.544,100.933,-30.804,28.908,0.0,0.2,0.0,-0.3256509165993192
1790077085.7374542,147874.0,55.866,17.098,-177.936,0.01,0.135,3.27,-0.834,0.165,0.541,100.933,-30.804,28.908,0.0,0.0,0.0,-0.3256509165993192
1790077085.741228,147880.0,55.869,17.104,-177.92,0.002,0.071,3.221,-0.835,0.166,0.539,100.933,-30.804,28.896,0.0,-0.1,0.0,-0.3226509165993192
1790077085.7470138,147885.0,55.872,17.11,-177.903,-0.004,-0.001,3.179,-0.836,0.167,0.538,100.934,-30.804,28.896,0.0,-0.1,0.0,-0.3226509165993192
1790077085.754066,147891.0,55.875,17.116,-177.887,-0.0,-0.086,3.152,-0.837,0.167,0.537,100.934,-30.804,28.896,0.0,0.0,0.0,-0.3196509165993192
1790077085.7571352,147896.0,55.878,17.122,-177.872,0.014,-0.156,3.122,-0.838,0.167,0.536,100.934,-30.804,28.908,0.0,0.2,0.0,-0.3196509165993192
1790077085.768981,147903.0,55.881,17.127,-177.856,0.022,-0.248,3.091,-0.839,0.167,0.535,100.934,-30.792,28.908,0.3,0.1,0.0,-0.3166509165993192
1790077085.7708008,147909.0,55.885,17.137,-177.827,0.01,-0.431,3.02,-0.841,0.167,0.535,100.934,-30.804,28.908,-0.2,0.0,0.0,-0.3166509165993192
1790077085.776872,147915.0,55.887,17.141,-177.814,-0.028,-0.516,2.981,-0.842,0.168,0.536,100.934,-30.804,28.896,0.0,-0.3,0.0,-0.3136509165993192
1790077085.782151,147921.0,55.889,17.144,-177.8,-0.078,-0.641,2.961,-0.842,0.168,0.536,100.934,-30.804,28.908,0.0,0.0,0.0,-0.3106509165993192
1790077085.7874072,147926.0,55.889,17.147,-177.788,-0.136,-0.801,2.964,-0.843,0.168,0.537,100.934,-30.804,28.908,0.1,0.0,0.0,-0.3106509165993192
1790077085.797323,147931.0,55.889,17.149,-177.775,-0.163,-0.878,2.956,-0.843,0.168,0.537,100.934,-30.804,28.908,0.0,0.2,0.0,-0.3076509165993192
1790077085.798505,147937.0,55.889,17.15,-177.763,-0.181,-0.922,2.906,-0.844,0.168,0.537,100.934,-30.804,28.896,-0.1,-0.3,0.0,-0.3076509165993192
1790077085.803604,147942.0,55.889,17.151,-177.752,-0.229,-1.039,2.853,-0.844,0.168,0.538,100.934,-30.804,28.908,0.1,0.0,0.0,-0.3046509165993192
1790077085.809193,147948.0,55.888,17.151,-177.742,-0.288,-1.161,2.811,-0.844,0.168,0.538,100.934,-30.804,28.896,-0.1,-0.1,0.0,-0.3046509165993192
1790077085.81392,147953.0,55.886,17.149,-177.733,-0.338,-1.276,2.763,-0.844,0.168,0.539,100.934,-30.804,28.908,0.0,0.0,0.0,-0.3016509165993192
1790077085.8213062,147958.0,55.884,17.147,-177.724,-0.386,-1.405,2.723,-0.843,0.167,0.539,100.934,-30.804,28.908,0.2,0.1,0.0,-0.3016509165993192
1790077085.8250198,147963.0,55.881,17.144,-177.716,-0.425,-1.49,2.684,-0.843,0.167,0.54,100.934,-30.804,28.896,-0.2,-0.2,0.0,-0.2986509165993192
1790077085.8304079,147969.0,55.874,17.136,-177.702,-0.452,-1.671,2.594,-0.842,0.167,0.541,100.934,-30.804,28.908,-0.1,0.3,0.0,-0.2986509165993192
1790077085.838003,147975.0,55.87,17.131,-177.696,-0.495,-1.78,2.572,-0.841,0.166,0.541,100.934,-30.804,28.908,0.0,0.0,0.0,-0.2956509165993192
1790077085.8411179,147980.0,55.865,17.125,-177.691,-0.485,-1.851,2.531,-0.841,0.166,0.542,100.934,-30.804,28.908,0.0,0.0,0.0,-0.2926509165993192
1790077085.847136,147986.0,55.86,17.119,-177.686,-0.474,-1.891,2.476,-0.84,0.166,0.542,100.934,-30.804,28.908,0.0,0.1,0.0,-0.2926509165993192
1790077085.854049,147991.0,55.855,17.112,-177.682,-0.489,-1.917,2.446,-0.84,0.166,0.543,100.934,-30.804,28.908,-0.1,0.0,0.0,-0.2896509165993192
1790077085.858412,147997.0,55.849,17.106,-177.678,-0.461,-1.95,2.403,-0.839,0.166,0.543,100.934,-30.804,28.908,0.1,0.0,0.0,-0.2896509165993192
1790077085.8639538,148003.0,55.843,17.098,-177.675,-0.423,-1.967,2.356,-0.839,0.166,0.544,100.934,-30.804,28.908,0.2,0.1,0.0,-0.2866509165993192
1790077085.871708,148009.0,55.838,17.091,-177.672,-0.383,-1.966,2.29,-0.839,0.166,0.545,100.933,-30.804,28.908,0.0,0.0,0.0,-0.2836509165993192
1790077085.875137,148014.0,55.832,17.082,-177.67,-0.345,-1.963,2.202,-0.839,0.165,0.545,100.933,-30.804,28.896,0.0,-0.1,0.0,-0.2836509165993192
1790077085.887383,148020.0,55.821,17.064,-177.669,-0.295,-1.962,2.112,-0.84,0.164,0.546,100.933,-30.804,28.908,-0.2,0.1,0.0,-0.2806509165993192
1790077085.887465,148026.0,55.816,17.055,-177.669,-0.256,-1.991,2.057,-0.84,0.164,0.547,100.933,-30.804,28.908,0.1,0.2,0.0,-0.2806509165993192
1790077085.893027,148031.0,55.81,17.045,-177.67,-0.244,-2.005,1.977,-0.84,0.164,0.547,100.933,-30.804,28.908,0.1,-0.2,0.0,-0.2776509165993192
1790077085.90447,148037.0,55.805,17.035,-177.671,-0.226,-2.011,1.914,-0.841,0.164,0.547,100.933,-30.804,28.908,0.0,0.2,0.0,-0.2746509165993192
1790077085.904552,148042.0,55.8,17.025,-177.673,-0.192,-2.03,1.857,-0.842,0.165,0.546,100.933,-30.804,28.896,0.0,-0.3,0.0,-0.2746509165993192
1790077085.909131,148048.0,55.795,17.015,-177.674,-0.172,-2.046,1.788,-0.843,0.166,0.546,100.933,-30.804,28.908,0.0,0.0,0.0,-0.2746509165993192
1790077085.913834,148053.0,55.791,17.005,-177.676,-0.172,-2.069,1.72,-0.843,0.167,0.545,100.933,-30.804,28.908,0.0,0.0,0.0,-0.27165091659931917
1790077085.9225202,148059.0,55.782,16.984,-177.681,-0.188,-2.114,1.583,-0.843,0.169,0.544,100.933,-30.804,28.908,0.0,-0.1,0.0,-0.26865091659931917
1790077085.9258502,148064.0,55.777,16.974,-177.684,-0.208,-2.15,1.506,-0.843,0.17,0.543,100.933,-30.804,28.908,0.1,0.0,0.0,-0.26865091659931917
1790077085.938524,148070.0,55.777,16.974,-177.684,-0.208,-2.15,1.506,-0.843,0.17,0.543,100.933,-30.804,28.908,-0.1,0.0,0.0,-0.26565091659931916
1790077085.938604,148076.0,55.768,16.95,-177.692,-0.27,-2.225,1.359,-0.842,0.169,0.542,100.933,-30.804,28.908,0.0,0.3,0.0,-0.26565091659931916
1790077085.942981,148081.0,55.763,16.937,-177.697,-0.3,-2.261,1.283,-0.842,0.168,0.542,100.933,-30.804,28.908,0.0,0.0,0.0,-0.26265091659931916
1790077085.955646,148087.0,55.759,16.923,-177.703,-0.33,-2.249,1.214,-0.841,0.167,0.543,100.933,-30.804,28.908,0.0,0.0,0.0,-0.26265091659931916
1790077085.9557388,148093.0,55.754,16.908,-177.71,-0.338,-2.247,1.153,-0.84,0.166,0.543,100.933,-30.792,28.908,0.3,0.0,0.0,-0.26265091659931916
1790077085.958984,148098.0,55.75,16.892,-177.718,-0.328,-2.247,1.088,-0.84,0.165,0.544,100.933,-30.804,28.908,0.0,-0.1,0.0,-0.25965091659931916
1790077085.971115,148103.0,55.745,16.876,-177.726,-0.304,-2.258,1.044,-0.839,0.164,0.545,100.933,-30.804,28.908,-0.1,0.3,0.0,-0.25665091659931916
1790077085.9712,148109.0,55.735,16.842,-177.745,-0.238,-2.211,0.98,-0.84,0.163,0.547,100.933,-30.804,28.908,-0.1,0.0,0.0,-0.25665091659931916
1790077085.976258,148114.0,55.735,16.842,-177.745,-0.238,-2.211,0.98,-0.84,0.163,0.547,100.933,-30.804,28.908,0.0,0.3,0.0,-0.25365091659931915
1790077085.9882061,148120.0,55.726,16.807,-177.765,-0.182,-2.171,0.926,-0.84,0.162,0.548,100.933,-30.804,28.908,-0.1,0.0,0.0,-0.25065091659931915
1790077085.988294,148126.0,55.722,16.79,-177.775,-0.195,-2.102,0.935,-0.84,0.162,0.549,100.933,-30.804,28.908,0.0,-0.3,0.0,-0.25065091659931915
1790077085.992173,148131.0,55.718,16.772,-177.786,-0.199,-2.051,0.911,-0.84,0.161,0.549,100.934,-30.804,28.908,0.0,0.0,0.0,-0.24765091659931915
1790077086.007757,148137.0,55.714,16.755,-177.796,-0.191,-2.063,0.878,-0.84,0.161,0.548,100.934,-30.804,28.908,0.0,0.1,0.0,-0.24465091659931915
1790077086.0080938,148142.0,55.71,16.737,-177.807,-0.202,-2.224,0.86,-0.84,0.162,0.548,100.934,-30.804,28.908,0.0,0.0,0.0,-0.24465091659931915
1790077086.009251,148148.0,55.705,16.719,-177.817,-0.199,-2.328,0.868,-0.84,0.162,0.547,100.934,-30.792,28.908,0.2,0.0,0.0,-0.24465091659931915
1790077086.020648,148153.0,55.701,16.702,-177.828,-0.181,-2.263,0.864,-0.84,0.162,0.546,100.934,-30.804,28.908,-0.1,-0.2,0.0,-0.24165091659931914
1790077086.020774,148159.0,55.693,16.668,-177.847,-0.227,-2.137,0.869,-0.84,0.163,0.545,100.934,-30.804,28.92,0.0,0.6,0.0,-0.24165091659931914
1790077086.0273778,148165.0,55.69,16.651,-177.856,-0.264,-2.086,0.886,-0.839,0.163,0.545,100.934,-30.804,28.908,0.0,-0.2,0.0,-0.23865091659931914
1790077086.043169,148171.0,55.687,16.635,-177.865,-0.286,-2.075,0.869,-0.839,0.163,0.544,100.934,-30.804,28.908,-0.3,-0.1,0.0,-0.23265091659931914
1790077086.04333,148177.0,55.684,16.618,-177.875,-0.305,-2.066,0.853,-0.839,0.163,0.544,100.934,-30.804,28.908,0.1,0.1,0.0,-0.23265091659931914
1790077086.0443258,148183.0,55.68,16.601,-177.884,-0.33,-2.068,0.818,-0.839,0.163,0.545,100.934,-30.804,28.908,0.3,0.2,0.0,-0.23265091659931914
1790077086.053488,148189.0,55.677,16.583,-177.894,-0.35,-2.055,0.786,-0.838,0.162,0.545,100.934,-30.804,28.908,-0.3,0.1,0.0,-0.23265091659931914
1790077086.056138,148195.0,55.671,16.547,-177.915,-0.355,-2.049,0.762,-0.839,0.16,0.546,100.933,-30.804,28.92,0.0,0.2,0.0,-0.22965091659931913
1790077086.061291,148200.0,55.668,16.528,-177.926,-0.351,-2.01,0.784,-0.839,0.159,0.546,100.933,-30.804,28.908,0.0,0.0,0.0,-0.22965091659931913
1790077086.071191,148206.0,55.665,16.51,-177.936,-0.331,-1.955,0.812,-0.839,0.159,0.546,100.933,-30.804,28.908,0.0,0.0,0.0,-0.22665091659931913
1790077086.07229,148211.0,55.663,16.492,-177.947,-0.333,-1.949,0.819,-0.839,0.158,0.545,100.933,-30.804,28.908,0.0,0.0,0.0,-0.22665091659931913
1790077086.076991,148216.0,55.66,16.474,-177.957,-0.333,-1.95,0.861,-0.839,0.158,0.545,100.933,-30.804,28.908,0.0,0.0,0.0,-0.22365091659931913
1790077086.087134,148222.0,55.658,16.456,-177.966,-0.336,-1.917,0.932,-0.839,0.158,0.544,100.933,-30.804,28.908,0.1,-0.2,0.0,-0.22365091659931913
1790077086.089271,148228.0,55.656,16.44,-177.974,-0.349,-1.905,1.003,-0.84,0.158,0.543,100.933,-30.804,28.92,-0.1,0.2,0.0,-0.22065091659931912
1790077086.0941818,148233.0,55.654,16.424,-177.982,-0.386,-1.918,1.097,-0.84,0.159,0.542,100.933,-30.804,28.908,0.0,0.0,0.0,-0.22065091659931912
1790077086.104649,148239.0,55.65,16.394,-177.994,-0.423,-1.952,1.18,-0.841,0.159,0.54,100.933,-30.804,28.908,0.0,-0.1,0.0,-0.21765091659931912
1790077086.1068292,148244.0,55.65,16.394,-177.994,-0.423,-1.952,1.18,-0.841,0.159,0.54,100.933,-30.804,28.908,0.2,0.0,0.0,-0.21465091659931912
1790077086.111755,148250.0,55.648,16.38,-178.0,-0.428,-1.993,1.235,-0.841,0.16,0.539,100.933,-30.804,28.908,0.0,0.0,0.0,-0.21465091659931912
1790077086.124089,148256.0,55.643,16.353,-178.009,-0.473,-2.136,1.376,-0.841,0.16,0.539,100.931,-30.804,28.92,0.1,0.4,0.0,-0.20865091659931911
1790077086.1241758,148261.0,55.64,16.339,-178.014,-0.494,-2.167,1.408,-0.841,0.16,0.539,100.931,-30.804,28.92,0.1,0.4,0.0,-0.20865091659931911
1790077086.128046,148266.0,55.637,16.326,-178.018,-0.518,-2.194,1.446,-0.841,0.16,0.54,100.931,-30.804,28.92,0.0,0.0,0.0,-0.20865091659931911
1790077086.133617,148272.0,55.633,16.312,-178.021,-0.53,-2.203,1.484,-0.842,0.16,0.541,100.931,-30.804,28.92,-0.1,0.0,0.0,-0.20865091659931911
1790077086.153737,148278.0,55.63,16.299,-178.025,-0.509,-2.234,1.5,-0.841,0.16,0.542,100.931,-30.804,28.92,0.3,0.0,0.0,-0.2026509165993191
1790077086.153878,148283.0,55.625,16.286,-178.029,-0.493,-2.288,1.514,-0.841,0.16,0.542,100.931,-30.804,28.92,-0.2,0.3,0.0,-0.2026509165993191
1790077086.153999,148289.0,55.616,16.26,-178.036,-0.516,-2.338,1.561,-0.841,0.16,0.543,100.931,-30.804,28.92,-0.1,-0.1,0.0,-0.2026509165993191
1790077086.156043,148294.0,55.612,16.247,-178.039,-0.514,-2.347,1.601,-0.84,0.16,0.543,100.931,-30.804,28.92,-0.1,0.0,0.0,-0.1996509165993191
1790077086.1612742,148300.0,55.607,16.235,-178.043,-0.501,-2.347,1.609,-0.84,0.16,0.543,100.931,-30.804,28.92,0.0,0.0,0.0,-0.1996509165993191
1790077086.168303,148306.0,55.602,16.223,-178.046,-0.483,-2.344,1.614,-0.839,0.159,0.543,100.931,-30.804,28.92,0.1,-0.1,0.0,-0.1966509165993191
1790077086.1736698,148312.0,55.597,16.21,-178.048,-0.458,-2.349,1.646,-0.838,0.159,0.543,100.932,-30.804,28.92,-0.1,0.1,0.0,-0.1966509165993191
1790077086.178707,148317.0,55.592,16.199,-178.051,-0.468,-2.371,1.679,-0.838,0.159,0.543,100.932,-30.804,28.92,0.1,-0.1,0.0,-0.1936509165993191
1790077086.185005,148323.0,55.587,16.186,-178.054,-0.477,-2.394,1.684,-0.838,0.159,0.543,100.932,-30.804,28.92,0.0,0.0,0.0,-0.1936509165993191
1790077086.189321,148328.0,55.582,16.174,-178.056,-0.46,-2.376,1.673,-0.838,0.159,0.543,100.932,-30.804,28.92,-0.3,0.2,0.0,-0.1906509165993191
1790077086.195253,148334.0,55.572,16.151,-178.061,-0.447,-2.267,1.7,-0.839,0.159,0.544,100.932,-30.804,28.92,0.0,-0.2,0.0,-0.1906509165993191
1790077086.203727,148339.0,55.572,16.151,-178.061,-0.447,-2.267,1.7,-0.839,0.159,0.544,100.932,-30.804,28.92,0.0,0.0,0.0,-0.1876509165993191
1790077086.2052531,148344.0,55.563,16.129,-178.065,-0.39,-2.268,1.72,-0.839,0.159,0.544,100.932,-30.792,28.92,0.3,0.0,0.0,-0.1846509165993191
1790077086.210504,148349.0,55.558,16.119,-178.066,-0.346,-2.244,1.706,-0.839,0.16,0.544,100.932,-30.804,28.92,0.0,0.1,0.0,-0.1846509165993191
1790077086.2172,148354.0,55.554,16.108,-178.068,-0.342,-2.242,1.709,-0.839,0.16,0.545,100.932,-30.804,28.92,0.0,0.2,0.0,-0.1816509165993191
1790077086.221335,148360.0,55.549,16.098,-178.069,-0.378,-2.225,1.711,-0.839,0.161,0.544,100.932,-30.804,28.92,-0.3,0.0,0.0,-0.1816509165993191
1790077086.226275,148365.0,55.545,16.088,-178.07,-0.383,-2.187,1.704,-0.839,0.161,0.544,100.932,-30.804,28.92,0.0,0.3,0.0,-0.1786509165993191
1790077086.236869,148370.0,55.545,16.088,-178.07,-0.383,-2.187,1.704,-0.839,0.161,0.544,100.932,-30.804,28.92,0.0,-0.2,0.0,-0.17565091659931908
1790077086.2371619,148376.0,55.537,16.069,-178.071,-0.369,-2.148,1.714,-0.839,0.162,0.543,100.933,-30.804,28.92,0.0,0.2,0.0,-0.17565091659931908
1790077086.242112,148381.0,55.533,16.06,-178.072,-0.378,-2.143,1.727,-0.838,0.162,0.543,100.933,-30.804,28.92,0.0,0.0,0.0,-0.17565091659931908
1790077086.247241,148386.0,55.529,16.051,-178.072,-0.385,-2.15,1.708,-0.838,0.162,0.543,100.933,-30.804,28.92,0.0,0.0,0.0,-0.17265091659931908
1790077086.252198,148391.0,55.525,16.042,-178.072,-0.394,-2.154,1.706,-0.838,0.162,0.542,100.933,-30.804,28.92,-0.1,-0.1,0.0,-0.17265091659931908
1790077086.259152,148398.0,55.521,16.033,-178.072,-0.398,-2.146,1.693,-0.838,0.162,0.542,100.933,-30.804,28.92,0.3,0.0,0.0,-0.16965091659931908
1790077086.273472,148404.0,55.513,16.015,-178.074,-0.367,-2.164,1.64,-0.839,0.162,0.542,100.933,-30.804,28.92,0.0,0.0,0.0,-0.16665091659931908
1790077086.273559,148409.0,55.51,16.005,-178.075,-0.363,-2.144,1.614,-0.839,0.161,0.542,100.933,-30.804,28.92,0.0,0.0,0.0,-0.16665091659931908
1790077086.277076,148416.0,55.507,15.995,-178.076,-0.386,-2.082,1.588,-0.839,0.161,0.542,100.933,-30.804,28.92,0.0,0.1,0.0,-0.16365091659931907
1790077086.283888,148422.0,55.504,15.985,-178.077,-0.383,-2.018,1.59,-0.838,0.161,0.542,100.933,-30.804,28.92,0.0,-0.1,0.0,-0.16365091659931907
1790077086.291127,148428.0,55.501,15.975,-178.079,-0.378,-1.995,1.597,-0.837,0.16,0.542,100.933,-30.804,28.92,-0.2,0.0,0.0,-0.16065091659931907
1790077086.294213,148433.0,55.498,15.965,-178.08,-0.374,-1.98,1.607,-0.837,0.16,0.542,100.933,-30.804,28.92,0.0,0.0,0.0,-0.16065091659931907
1790077086.301333,148439.0,55.492,15.946,-178.082,-0.353,-1.92,1.656,-0.835,0.159,0.542,100.933,-30.804,28.92,-0.2,0.0,0.0,-0.15765091659931907
1790077086.3055959,148444.0,55.49,15.936,-178.082,-0.38,-1.866,1.678,-0.835,0.158,0.543,100.933,-30.804,28.932,-0.1,0.2,0.0,-0.15465091659931907
1790077086.311179,148450.0,55.49,15.936,-178.082,-0.38,-1.866,1.678,-0.835,0.158,0.543,100.933,-30.804,28.932,0.1,0.2,0.0,-0.15465091659931907
1790077086.317224,148456.0,55.485,15.917,-178.084,-0.375,-1.759,1.679,-0.835,0.158,0.544,100.933,-30.804,28.932,0.0,0.1,0.0,-0.15165091659931906
1790077086.322293,148461.0,55.483,15.907,-178.084,-0.384,-1.704,1.695,-0.835,0.157,0.545,100.933,-30.804,28.92,0.0,0.0,0.0,-0.15165091659931906
1790077086.3290439,148468.0,55.481,15.897,-178.084,-0.402,-1.634,1.729,-0.835,0.157,0.545,100.933,-30.804,28.932,-0.1,0.3,0.0,-0.14865091659931906
1790077086.335916,148474.0,55.478,15.879,-178.084,-0.373,-1.496,1.746,-0.835,0.156,0.546,100.933,-30.804,28.932,0.0,0.1,0.0,-0.14865091659931906
1790077086.3412638,148480.0,55.478,15.879,-178.084,-0.373,-1.496,1.746,-0.835,0.156,0.546,100.933,-30.804,28.92,0.0,-0.5,0.0,-0.14565091659931906
1790077086.35103,148486.0,55.476,15.861,-178.083,-0.338,-1.393,1.748,-0.835,0.157,0.546,100.933,-30.804,28.932,0.0,0.4,0.0,-0.14265091659931906
1790077086.3542778,148491.0,55.476,15.861,-178.083,-0.338,-1.393,1.748,-0.835,0.157,0.546,100.933,-30.804,28.932,0.0,0.0,0.0,-0.14265091659931906
1790077086.361738,148498.0,55.475,15.847,-178.08,-0.242,-1.259,1.753,-0.837,0.159,0.546,100.933,-30.804,28.932,0.0,0.0,0.0,-0.13965091659931905
1790077086.3719082,148504.0,55.476,15.835,-178.075,-0.209,-1.114,1.805,-0.838,0.16,0.546,100.933,-30.804,28.932,0.0,0.0,0.0,-0.13965091659931905
1790077086.371995,148509.0,55.476,15.835,-178.075,-0.209,-1.114,1.805,-0.838,0.16,0.546,100.933,-30.804,28.932,-0.1,0.1,0.0,-0.13965091659931905
1790077086.37539,148514.0,55.478,15.824,-178.07,-0.195,-1.077,1.736,-0.839,0.16,0.545,100.933,-30.804,28.932,0.0,-0.2,0.0,-0.13365091659931905
1790077086.381814,148520.0,55.479,15.818,-178.067,-0.178,-1.059,1.715,-0.839,0.16,0.545,100.933,-30.804,28.932,0.0,0.2,0.0,-0.13365091659931905
1790077086.3878138,148526.0,55.48,15.812,-178.064,-0.17,-1.031,1.753,-0.839,0.16,0.544,100.933,-30.804,28.932,0.0,0.1,0.0,-0.13365091659931905
1790077086.392027,148531.0,55.482,15.807,-178.061,-0.167,-1.018,1.781,-0.839,0.16,0.544,100.933,-30.804,28.932,0.0,0.0,0.0,-0.13065091659931904
1790077086.40433,148538.0,55.483,15.802,-178.058,-0.156,-1.01,1.769,-0.839,0.159,0.544,100.933,-30.804,28.932,0.1,-0.1,0.0,-0.12765091659931904
1790077086.406175,148544.0,55.487,15.792,-178.052,-0.117,-0.999,1.794,-0.839,0.159,0.543,100.933,-30.804,28.932,0.0,-0.2,0.0,-0.12465091659931904
1790077086.411514,148550.0,55.487,15.792,-178.052,-0.117,-0.999,1.794,-0.839,0.159,0.543,100.933,-30.804,28.932,0.0,0.0,0.0,-0.12465091659931904
1790077086.417365,148556.0,55.491,15.783,-178.045,-0.147,-0.94,1.841,-0.84,0.159,0.543,100.932,-30.804,28.932,-0.1,0.0,0.0,-0.12165091659931904
1790077086.422674,148561.0,55.493,15.778,-178.041,-0.164,-0.937,1.882,-0.84,0.159,0.543,100.932,-30.804,28.932,0.0,0.1,0.0,-0.12165091659931904
1790077086.428989,148567.0,55.495,15.774,-178.036,-0.184,-0.925,1.906,-0.841,0.159,0.543,100.932,-30.792,28.932,0.2,0.0,0.0,-0.11865091659931903
1790077086.434222,148573.0,55.497,15.77,-178.032,-0.159,-0.922,1.924,-0.841,0.159,0.544,100.932,-30.804,28.932,-0.4,0.1,0.0,-0.11865091659931903
1790077086.43897,148578.0,55.499,15.766,-178.028,-0.076,-0.913,1.948,-0.841,0.158,0.544,100.932,-30.792,28.932,0.3,0.0,0.0,-0.11565091659931903
1790077086.444905,148583.0,55.501,15.762,-178.023,-0.016,-0.887,1.986,-0.84,0.157,0.544,100.932,-30.804,28.932,0.0,0.0,0.0,-0.11565091659931903
1790077086.455379,148589.0,55.506,15.755,-178.014,-0.018,-0.833,2.037,-0.84,0.156,0.544,100.932,-30.804,28.932,-0.3,0.3,0.0,-0.11265091659931903
1790077086.455594,148594.0,55.508,15.752,-178.009,-0.032,-0.812,2.062,-0.839,0.156,0.544,100.932,-30.804,28.932,0.1,-0.2,0.0,-0.11265091659931903
1790077086.460907,148599.0,55.508,15.752,-178.009,-0.032,-0.812,2.062,-0.839,0.156,0.544,100.932,-30.804,28.932,-0.3,0.0,0.0,-0.10965091659931903
1790077086.466235,148605.0,55.512,15.746,-177.998,0.031,-0.734,2.092,-0.839,0.156,0.545,100.932,-30.804,28.932,0.0,0.2,0.0,-0.10965091659931903
1790077086.4721332,148611.0,55.515,15.744,-177.993,0.076,-0.708,2.121,-0.839,0.156,0.545,100.932,-30.804,28.932,0.1,0.1,0.0,-0.10665091659931902
1790077086.4786,148617.0,55.517,15.742,-177.987,0.099,-0.695,2.164,-0.839,0.156,0.545,100.933,-30.804,28.932,0.2,-0.1,0.0,-0.10365091659931902
1790077086.486857,148623.0,55.52,15.74,-177.98,0.15,-0.699,2.197,-0.839,0.156,0.545,100.933,-30.792,28.944,0.2,0.1,0.0,-0.10365091659931902
1790077086.490894,148628.0,55.522,15.739,-177.974,0.19,-0.72,2.218,-0.84,0.156,0.545,100.933,-30.804,28.932,0.0,-0.2,0.0,-0.10065091659931902
1790077086.49539,148634.0,55.527,15.738,-177.961,0.229,-0.702,2.237,-0.841,0.156,0.545,100.933,-30.804,28.932,0.0,-0.3,0.0,-0.10065091659931902
1790077086.501104,148640.0,55.529,15.738,-177.953,0.231,-0.692,2.321,-0.841,0.156,0.545,100.933,-30.804,28.944,-0.1,0.2,0.0,-0.09765091659931902
1790077086.507305,148646.0,55.532,15.739,-177.945,0.253,-0.686,2.39,-0.841,0.156,0.545,100.933,-30.804,28.932,-0.1,0.0,0.0,-0.09765091659931902
1790077086.512074,148651.0,55.534,15.74,-177.937,0.241,-0.683,2.394,-0.84,0.156,0.545,100.933,-30.804,28.932,0.0,0.0,0.0,-0.09465091659931901
1790077086.5186088,148657.0,55.537,15.74,-177.928,0.221,-0.655,2.373,-0.84,0.157,0.544,100.933,-30.804,28.944,0.1,0.1,0.0,-0.09165091659931901
1790077086.526007,148662.0,55.539,15.741,-177.92,0.205,-0.633,2.365,-0.84,0.157,0.545,100.933,-30.792,28.932,0.5,0.0,0.0,-0.09165091659931901
1790077086.5293922,148668.0,55.541,15.742,-177.912,0.17,-0.626,2.39,-0.839,0.157,0.545,100.933,-30.804,28.932,-0.2,0.0,0.0,-0.08865091659931901
1790077086.537361,148674.0,55.546,15.743,-177.894,0.115,-0.579,2.382,-0.839,0.157,0.546,100.933,-30.804,28.944,-0.3,0.4,0.0,-0.08865091659931901
1790077086.540781,148679.0,55.546,15.743,-177.894,0.115,-0.579,2.382,-0.839,0.157,0.546,100.933,-30.804,28.944,-0.1,0.0,0.0,-0.085650916599319
1790077086.5462332,148685.0,55.55,15.745,-177.876,0.126,-0.53,2.42,-0.838,0.158,0.547,100.933,-30.804,28.944,-0.1,0.1,0.0,-0.085650916599319
1790077086.552295,148691.0,55.553,15.746,-177.867,0.109,-0.546,2.413,-0.838,0.157,0.547,100.933,-30.804,28.944,-0.1,0.1,0.0,-0.082650916599319
1790077086.5585248,148697.0,55.555,15.746,-177.858,0.137,-0.541,2.416,-0.838,0.157,0.547,100.933,-30.804,28.944,0.2,-0.1,0.0,-0.079650916599319
1790077086.568154,148703.0,55.557,15.748,-177.849,0.19,-0.518,2.438,-0.838,0.157,0.547,100.933,-30.804,28.932,0.1,-0.2,0.0,-0.079650916599319
1790077086.5701919,148708.0,55.559,15.749,-177.84,0.241,-0.504,2.458,-0.838,0.157,0.547,100.933,-30.804,28.944,0.0,0.0,0.0,-0.076650916599319
1790077086.5754611,148714.0,55.563,15.753,-177.821,0.283,-0.547,2.486,-0.838,0.157,0.547,100.933,-30.804,28.944,-0.1,0.1,0.0,-0.076650916599319
1790077086.5816371,148720.0,55.565,15.755,-177.812,0.304,-0.605,2.477,-0.838,0.157,0.547,100.933,-30.804,28.944,0.0,0.0,0.0,-0.073650916599319
1790077086.587222,148726.0,55.567,15.757,-177.803,0.287,-0.5,2.469,-0.838,0.157,0.548,100.933,-30.804,28.944,0.1,0.0,0.0,-0.073650916599319
1790077086.592042,148731.0,55.569,15.759,-177.793,0.303,-0.425,2.468,-0.838,0.157,0.549,100.933,-30.804,28.944,-0.1,0.4,0.0,-0.07065091659931899
1790077086.603006,148737.0,55.571,15.761,-177.784,0.33,-0.389,2.47,-0.838,0.158,0.549,100.933,-30.804,28.944,0.0,0.0,0.0,-0.06765091659931899
1790077086.604275,148743.0,55.574,15.763,-177.774,0.372,-0.329,2.45,-0.838,0.158,0.551,100.933,-30.804,28.944,0.1,0.1,0.0,-0.06765091659931899
1790077086.610231,148748.0,55.576,15.766,-177.765,0.433,-0.231,2.419,-0.838,0.158,0.552,100.933,-30.804,28.944,-0.3,0.0,0.0,-0.06465091659931899
1790077086.622025,148754.0,55.579,15.768,-177.756,0.495,-0.153,2.406,-0.838,0.158,0.553,100.933,-30.804,28.944,0.2,0.0,0.0,-0.06165091659931898
1790077086.622103,148759.0,55.585,15.775,-177.738,0.623,0.019,2.37,-0.838,0.157,0.556,100.933,-30.804,28.944,-0.2,0.0,0.0,-0.06165091659931898
1790077086.625908,148764.0,55.585,15.775,-177.738,0.623,0.019,2.37,-0.838,0.157,0.556,100.933,-30.804,28.944,-0.1,0.3,0.0,-0.06165091659931898
1790077086.638152,148769.0,55.589,15.778,-177.729,0.678,0.081,2.342,-0.838,0.157,0.557,100.933,-30.804,28.944,0.3,0.0,0.0,-0.05865091659931898
1790077086.638357,148775.0,55.597,15.785,-177.712,0.865,0.249,2.306,-0.839,0.156,0.557,100.933,-30.804,28.944,-0.1,-0.1,0.0,-0.05865091659931898
1790077086.6419141,148780.0,55.602,15.788,-177.703,0.935,0.331,2.278,-0.839,0.156,0.557,100.933,-30.804,28.944,0.0,0.2,0.0,-0.05565091659931898
1790077086.647079,148786.0,55.607,15.792,-177.695,0.961,0.393,2.223,-0.839,0.156,0.556,100.933,-30.804,28.944,0.0,0.1,0.0,-0.05565091659931898
1790077086.657166,148792.0,55.612,15.795,-177.688,0.976,0.443,2.169,-0.839,0.156,0.556,100.933,-30.804,28.944,0.0,0.0,0.0,-0.04965091659931897
1790077086.658817,148797.0,55.618,15.799,-177.68,0.997,0.488,2.155,-0.839,0.155,0.555,100.933,-30.804,28.944,0.1,0.2,0.0,-0.04965091659931897
1790077086.668889,148803.0,55.625,15.802,-177.672,1.005,0.514,2.146,-0.839,0.155,0.554,100.933,-30.804,28.944,-0.3,-0.2,0.0,-0.04965091659931897
1790077086.6709828,148809.0,55.638,15.81,-177.657,1.127,0.595,2.118,-0.839,0.155,0.551,100.934,-30.804,28.944,0.0,-0.2,0.0,-0.04665091659931897
1790077086.6765351,148815.0,55.645,15.815,-177.65,1.189,0.611,2.095,-0.839,0.154,0.551,100.934,-30.804,28.944,-0.1,0.2,0.0,-0.04665091659931897
1790077086.687683,148820.0,55.653,15.819,-177.642,1.243,0.601,2.088,-0.839,0.154,0.55,100.934,-30.804,28.944,0.0,0.0,0.0,-0.04365091659931897
1790077086.687764,148826.0,55.66,15.824,-177.635,1.273,0.563,2.089,-0.838,0.154,0.548,100.934,-30.792,28.944,0.4,0.0,0.0,-0.04365091659931897
1790077086.692105,148831.0,55.668,15.829,-177.627,1.274,0.512,2.081,-0.838,0.155,0.547,100.934,-30.804,28.944,0.0,0.1,0.0,-0.040650916599318965
1790077086.700031,148837.0,55.675,15.834,-177.62,1.275,0.465,2.073,-0.839,0.155,0.546,100.934,-30.804,28.944,0.0,0.0,0.0,-0.040650916599318965
1790077086.7045271,148843.0,55.682,15.839,-177.612,1.282,0.397,2.063,-0.839,0.155,0.544,100.934,-30.804,28.944,0.0,-0.2,0.0,-0.03765091659931896
1790077086.710984,148850.0,55.696,15.85,-177.598,1.283,0.23,2.029,-0.839,0.156,0.541,100.934,-30.804,28.956,0.0,0.3,0.0,-0.03465091659931896
1790077086.721615,148855.0,55.703,15.855,-177.59,1.252,0.166,2.04,-0.839,0.156,0.54,100.934,-30.804,28.944,0.0,-0.2,0.0,-0.03165091659931896
1790077086.721747,148860.0,55.709,15.86,-177.583,1.207,0.059,2.041,-0.839,0.157,0.539,100.934,-30.804,28.944,0.0,0.0,0.0,-0.03165091659931896
1790077086.7264278,148865.0,55.709,15.86,-177.583,1.207,0.059,2.041,-0.839,0.157,0.539,100.934,-30.804,28.944,0.0,0.1,0.0,-0.03165091659931896
1790077086.7314901,148870.0,55.721,15.869,-177.569,1.139,-0.196,2.03,-0.839,0.157,0.537,100.934,-30.804,28.944,0.0,-0.2,0.0,-0.028650916599318958
1790077086.7378318,148876.0,55.726,15.873,-177.562,1.072,-0.328,2.038,-0.84,0.157,0.536,100.934,-30.804,28.944,-0.1,0.0,0.0,-0.028650916599318958
1790077086.743669,148882.0,55.731,15.876,-177.556,1.022,-0.444,2.026,-0.84,0.157,0.536,100.934,-30.804,28.944,0.0,0.0,0.0,-0.02565091659931896
1790077086.749126,148888.0,55.735,15.879,-177.55,0.965,-0.578,2.013,-0.84,0.157,0.536,100.934,-30.804,28.944,0.0,0.1,0.0,-0.02565091659931896
1790077086.754508,148893.0,55.738,15.881,-177.544,0.902,-0.722,2.027,-0.841,0.158,0.536,100.934,-30.804,28.944,-0.1,-0.1,0.0,-0.02565091659931896
1790077086.760597,148899.0,55.742,15.884,-177.534,0.748,-1.055,2.031,-0.843,0.158,0.537,100.934,-30.804,28.956,0.0,0.5,0.0,-0.01965091659931896
1790077086.7664042,148905.0,55.743,15.884,-177.529,0.696,-1.181,2.015,-0.843,0.158,0.538,100.934,-30.804,28.956,-0.1,0.0,0.0,-0.01965091659931896
1790077086.772179,148911.0,55.744,15.884,-177.525,0.641,-1.301,2.0,-0.843,0.159,0.538,100.934,-30.804,28.944,-0.1,0.0,0.0,-0.01665091659931896
1790077086.77721,148916.0,55.744,15.883,-177.521,0.558,-1.41,1.975,-0.842,0.159,0.539,100.934,-30.804,28.944,0.2,0.0,0.0,-0.01665091659931896
1790077086.79456,148921.0,55.743,15.882,-177.517,0.484,-1.537,1.959,-0.842,0.159,0.539,100.934,-30.804,28.956,-0.1,0.2,0.0,-0.010650916599318962
1790077086.794661,148927.0,55.741,15.879,-177.514,0.388,-1.674,1.951,-0.841,0.16,0.54,100.934,-30.804,28.956,0.2,0.0,0.0,-0.010650916599318962
1790077086.794687,148932.0,55.738,15.877,-177.511,0.456,-1.785,1.932,-0.839,0.16,0.54,100.932,-30.804,28.956,0.0,0.2,0.0,-0.010650916599318962
1790077086.798607,148937.0,55.735,15.874,-177.509,0.518,-1.889,1.905,-0.838,0.159,0.541,100.932,-30.804,28.956,0.0,0.2,0.0,-0.010650916599318962
1790077086.808953,148943.0,55.731,15.871,-177.508,0.422,-1.972,1.878,-0.837,0.159,0.541,100.932,-30.804,28.956,0.0,0.1,0.0,-0.007650916599318962
1790077086.8101811,148949.0,55.722,15.86,-177.507,0.283,-2.035,1.778,-0.834,0.158,0.542,100.932,-30.804,28.956,0.0,0.2,0.0,-0.007650916599318962
1790077086.817367,148954.0,55.717,15.854,-177.507,0.219,-2.073,1.739,-0.833,0.158,0.543,100.932,-30.804,28.956,0.0,0.1,0.0,-0.004650916599318962
1790077086.821196,148960.0,55.712,15.847,-177.508,0.136,-2.12,1.739,-0.832,0.158,0.544,100.932,-30.804,28.956,-0.1,0.0,0.0,-0.004650916599318962
1790077086.827796,148966.0,55.707,15.839,-177.509,0.072,-2.153,1.717,-0.832,0.157,0.545,100.932,-30.804,28.956,0.0,0.0,0.0,-0.0016509165993189622
1790077086.837253,148972.0,55.701,15.83,-177.511,0.024,-2.159,1.692,-0.831,0.157,0.546,100.932,-30.792,28.956,0.5,0.0,0.0,0.0013490834006810379
1790077086.838542,148977.0,55.695,15.821,-177.513,-0.016,-2.151,1.665,-0.831,0.157,0.547,100.932,-30.792,28.956,0.5,0.0,0.0,0.0013490834006810379
1790077086.84356,148982.0,55.689,15.812,-177.515,-0.041,-2.121,1.622,-0.832,0.157,0.548,100.932,-30.804,28.968,-0.1,0.2,0.0,0.0013490834006810379
1790077086.849571,148988.0,55.683,15.802,-177.518,-0.054,-2.061,1.584,-0.832,0.157,0.549,100.932,-30.804,28.968,-0.1,0.2,0.0,0.004349083400681038
1790077086.854284,148993.0,55.678,15.792,-177.52,-0.06,-2.024,1.536,-0.833,0.158,0.55,100.933,-30.804,28.956,-0.1,-0.1,0.0,0.004349083400681038
1790077086.861965,148998.0,55.673,15.782,-177.523,-0.075,-1.988,1.492,-0.834,0.158,0.55,100.933,-30.804,28.956,-0.1,0.1,0.0,0.007349083400681038
1790077086.87645,149004.0,55.663,15.762,-177.529,-0.104,-1.91,1.403,-0.835,0.159,0.551,100.933,-30.804,28.968,0.0,0.3,0.0,0.010349083400681039
1790077086.8766022,149009.0,55.659,15.752,-177.532,-0.145,-1.876,1.355,-0.836,0.159,0.55,100.933,-30.804,28.968,0.1,0.1,0.0,0.010349083400681039
1790077086.8766348,149015.0,55.655,15.741,-177.535,-0.196,-1.876,1.318,-0.836,0.16,0.55,100.933,-30.804,28.956,-0.2,-0.3,0.0,0.010349083400681039
1790077086.892104,149020.0,55.655,15.741,-177.535,-0.196,-1.876,1.318,-0.836,0.16,0.55,100.933,-30.804,28.968,0.1,0.1,0.0,0.016349083400681037
1790077086.8922298,149026.0,55.648,15.718,-177.542,-0.303,-1.84,1.252,-0.836,0.16,0.549,100.933,-30.804,28.956,0.2,0.0,0.0,0.016349083400681037
1790077086.8933911,149032.0,55.644,15.706,-177.546,-0.345,-1.855,1.213,-0.837,0.16,0.548,100.933,-30.804,28.956,0.0,0.0,0.0,0.016349083400681037
1790077086.905277,149037.0,55.641,15.694,-177.55,-0.371,-1.863,1.167,-0.837,0.16,0.548,100.933,-30.804,28.956,0.1,0.0,0.0,0.019349083400681037
1790077086.905667,149043.0,55.637,15.681,-177.555,-0.398,-1.85,1.13,-0.836,0.159,0.548,100.933,-30.804,28.968,0.0,0.2,0.0,0.019349083400681037
1790077086.909902,149048.0,55.634,15.668,-177.56,-0.443,-1.841,1.105,-0.836,0.159,0.548,100.933,-30.804,28.956,0.0,-0.1,0.0,0.020250812498852612
1790077086.923997,149054.0,55.628,15.64,-177.571,-0.451,-1.791,1.063,-0.836,0.157,0.549,100.933,-30.804,28.968,0.0,0.2,0.0,0.020250812498852612
1790077086.924063,149059.0,55.626,15.625,-177.577,-0.474,-1.723,1.051,-0.836,0.156,0.55,100.933,-30.804,28.956,-0.2,-0.1,0.0,0.020250812498852612
1790077086.926197,149065.0,55.623,15.61,-177.583,-0.498,-1.683,1.051,-0.836,0.155,0.55,100.933,-30.804,28.968,0.2,0.0,0.0,0.020250812498852612
1790077086.936783,149070.0,55.62,15.595,-177.589,-0.512,-1.66,1.052,-0.836,0.155,0.551,100.933,-30.804,28.968,-0.2,0.1,0.0,0.020250812498852612
1790077086.9371798,149076.0,55.618,15.58,-177.595,-0.514,-1.606,1.05,-0.836,0.154,0.551,100.933,-30.804,28.968,0.0,0.1,0.0,0.020250812498852612
1790077086.943059,149081.0,55.616,15.565,-177.602,-0.476,-1.57,1.034,-0.836,0.154,0.551,100.933,-30.804,28.968,-0.1,0.0,0.0,0.02264857919944916
1790077086.954994,149087.0,55.614,15.549,-177.608,-0.46,-1.57,1.026,-0.837,0.154,0.551,100.933,-30.804,28.968,0.1,0.0,0.0,0.02264857919944916
1790077086.955074,149093.0,55.613,15.534,-177.615,-0.471,-1.557,1.037,-0.837,0.154,0.551,100.933,-30.804,28.968,-0.1,0.0,0.0,0.02264857919944916
1790077086.9608588,149100.0,55.61,15.505,-177.627,-0.443,-1.507,1.036,-0.838,0.154,0.55,100.933,-30.804,28.968,0.1,0.0,0.0,0.02528471669938881
1790077086.9707232,149105.0,55.609,15.49,-177.632,-0.398,-1.466,1.049,-0.838,0.154,0.55,100.933,-30.804,28.968,-0.2,0.3,0.0,0.02528471669938881
1790077086.971093,149110.0,55.608,15.476,-177.638,-0.418,-1.48,1.062,-0.838,0.153,0.549,100.933,-30.804,28.956,0.1,-0.2,0.0,0.02528471669938881
1790077086.9761522,149115.0,55.608,15.476,-177.638,-0.418,-1.48,1.062,-0.838,0.153,0.549,100.933,-30.804,28.968,0.0,0.1,0.0,0.02528471669938881
1790077086.9879239,149120.0,55.606,15.448,-177.649,-0.431,-1.471,1.062,-0.838,0.153,0.549,100.933,-30.804,28.968,0.0,0.1,0.0,0.027611766698828435
1790077086.988021,149126.0,55.605,15.434,-177.655,-0.428,-1.508,1.092,-0.838,0.152,0.549,100.933,-30.804,28.968,-0.2,0.0,0.0,0.027611766698828435
1790077086.992634,149131.0,55.604,15.42,-177.66,-0.416,-1.507,1.144,-0.838,0.152,0.549,100.933,-30.804,28.968,0.0,0.0,0.0,0.027611766698828435
1790077087.0019789,149137.0,55.603,15.406,-177.665,-0.411,-1.508,1.175,-0.838,0.151,0.549,100.933,-30.804,28.968,0.1,0.0,0.0,0.027611766698828435
1790077087.004902,149143.0,55.602,15.392,-177.67,-0.446,-1.527,1.188,-0.838,0.151,0.549,100.933,-30.804,28.968,0.0,0.0,0.0,0.027611766698828435
1790077087.010825,149150.0,55.599,15.364,-177.679,-0.478,-1.542,1.273,-0.839,0.151,0.549,100.933,-30.804,28.968,0.0,-0.3,0.0,0.030114849998790306
1790077087.016292,149155.0,55.598,15.351,-177.683,-0.472,-1.533,1.304,-0.84,0.152,0.549,100.933,-30.804,28.968,0.0,0.1,0.0,0.030114849998790306
1790077087.022253,149160.0,55.597,15.339,-177.686,-0.501,-1.523,1.364,-0.84,0.152,0.549,100.933,-30.804,28.968,0.2,0.0,0.0,0.030114849998790306
1790077087.0271502,149166.0,55.596,15.327,-177.688,-0.538,-1.511,1.419,-0.84,0.152,0.549,100.933,-30.804,28.968,0.0,0.0,0.0,0.030114849998790306
1790077087.034824,149171.0,55.595,15.315,-177.69,-0.539,-1.5,1.478,-0.84,0.152,0.549,100.933,-30.804,28.968,0.0,0.2,0.0,0.03262395419878885
1790077087.038121,149176.0,55.593,15.303,-177.692,-0.561,-1.525,1.571,-0.84,0.152,0.55,100.933,-30.804,28.968,0.0,0.0,0.0,0.03262395419878885
1790077087.0433762,149182.0,55.592,15.292,-177.693,-0.569,-1.516,1.612,-0.84,0.152,0.55,100.933,-30.804,28.968,0.0,0.0,0.0,0.03262395419878885
1790077087.050792,149187.0,55.59,15.281,-177.693,-0.572,-1.489,1.644,-0.84,0.151,0.55,100.933,-30.804,28.968,0.0,0.0,0.0,0.03262395419878885
1790077087.05357,149192.0,55.588,15.271,-177.694,-0.589,-1.493,1.679,-0.839,0.151,0.55,100.933,-30.804,28.98,0.0,0.2,0.0,0.03262395419878885
1790077087.059295,149198.0,55.587,15.26,-177.694,-0.593,-1.474,1.724,-0.839,0.151,0.551,100.933,-30.804,28.968,0.0,-0.1,0.0,0.03514950419921661
1790077087.065382,149204.0,55.582,15.241,-177.692,-0.564,-1.498,1.857,-0.838,0.151,0.551,100.933,-30.804,28.968,0.0,0.0,0.0,0.03514950419921661
1790077087.070293,149209.0,55.582,15.241,-177.692,-0.564,-1.498,1.857,-0.838,0.151,0.551,100.933,-30.804,28.968,0.0,0.2,0.0,0.03514950419921661
1790077087.076117,149215.0,55.578,15.224,-177.688,-0.552,-1.422,1.971,-0.838,0.152,0.551,100.933,-30.804,28.968,-0.1,-0.1,0.0,0.03514950419921661
1790077087.08208,149220.0,55.576,15.216,-177.685,-0.55,-1.429,1.989,-0.837,0.152,0.55,100.933,-30.804,28.968,0.0,0.1,0.0,0.03760478749900358
1790077087.087351,149226.0,55.574,15.209,-177.682,-0.532,-1.435,2.016,-0.837,0.152,0.55,100.933,-30.804,28.968,0.1,0.1,0.0,0.03760478749900358
1790077087.092098,149231.0,55.572,15.202,-177.678,-0.496,-1.431,2.077,-0.836,0.152,0.55,100.933,-30.804,28.968,-0.2,0.0,0.0,0.03760478749900358
1790077087.0979671,149236.0,55.57,15.196,-177.674,-0.476,-1.418,2.104,-0.836,0.153,0.55,100.933,-30.804,28.968,-0.1,0.0,0.0,0.03760478749900358
1790077087.10379,149242.0,55.568,15.19,-177.67,-0.488,-1.391,2.116,-0.835,0.153,0.55,100.933,-30.804,28.968,0.2,-0.1,0.0,0.03760478749900358
1790077087.108459,149247.0,55.566,15.184,-177.665,-0.481,-1.336,2.151,-0.835,0.152,0.55,100.933,-30.804,28.98,0.0,0.2,0.0,0.04005211670009885
1790077087.113457,149252.0,55.564,15.179,-177.66,-0.437,-1.282,2.197,-0.835,0.152,0.55,100.933,-30.804,28.968,0.1,0.0,0.0,0.04005211670009885
1790077087.121592,149258.0,55.562,15.174,-177.654,-0.417,-1.248,2.257,-0.836,0.151,0.55,100.933,-30.804,28.968,0.0,0.1,0.0,0.04005211670009885
1790077087.124702,149263.0,55.561,15.17,-177.648,-0.419,-1.17,2.289,-0.836,0.151,0.55,100.933,-30.804,28.98,0.0,0.2,0.0,0.04005211670009885
1790077087.137842,149270.0,55.56,15.161,-177.636,-0.423,-1.035,2.308,-0.837,0.152,0.551,100.933,-30.804,28.968,-0.1,-0.2,0.0,0.04247382499888772
1790077087.137922,149275.0,55.559,15.158,-177.629,-0.402,-1.001,2.337,-0.838,0.152,0.551,100.933,-30.804,28.968,0.0,-0.2,0.0,0.04247382499888772
1790077087.1413188,149280.0,55.559,15.155,-177.621,-0.405,-1.019,2.376,-0.838,0.152,0.55,100.933,-30.804,28.98,0.0,0.2,0.0,0.04247382499888772
1790077087.156806,149286.0,55.558,15.152,-177.614,-0.417,-1.048,2.415,-0.839,0.152,0.55,100.933,-30.804,28.968,-0.1,0.0,0.0,0.04247382499888772
1790077087.1568892,149292.0,55.558,15.149,-177.605,-0.428,-1.06,2.461,-0.839,0.153,0.549,100.933,-30.804,28.968,0.3,-0.1,0.0,0.04247382499888772
1790077087.1586869,149297.0,55.558,15.148,-177.596,-0.407,-1.042,2.506,-0.84,0.153,0.549,100.932,-30.804,28.968,0.3,0.0,0.0,0.04247382499888772
1790077087.174353,149303.0,55.558,15.147,-177.587,-0.381,-0.98,2.548,-0.839,0.154,0.548,100.932,-30.804,28.968,0.0,0.0,0.0,0.04247382499888772
1790077087.1744452,149309.0,55.558,15.146,-177.566,-0.501,-0.941,2.553,-0.838,0.155,0.547,100.932,-30.804,28.968,0.1,0.0,0.0,0.04247382499888772
1790077087.1756642,149314.0,55.558,15.146,-177.555,-0.518,-0.915,2.559,-0.837,0.156,0.546,100.932,-30.804,28.98,-0.1,0.2,0.0,0.045473824998887726
1790077087.18082,149320.0,55.559,15.145,-177.544,-0.548,-0.909,2.564,-0.837,0.156,0.546,100.932,-30.804,28.98,0.0,0.0,0.0,0.04550660839886405
1790077087.186539,149325.0,55.559,15.145,-177.533,-0.578,-0.897,2.565,-0.836,0.156,0.546,100.932,-30.804,28.968,0.0,-0.1,0.0,0.04550660839886405
1790077087.192149,149331.0,55.559,15.145,-177.522,-0.578,-0.848,2.558,-0.836,0.156,0.546,100.932,-30.804,28.98,-0.1,0.1,0.0,0.04816551669937326
1790077087.2043798,149337.0,55.56,15.144,-177.511,-0.548,-0.821,2.544,-0.836,0.156,0.547,100.932,-30.804,28.98,0.2,0.3,0.0,0.04816551669937326
1790077087.204555,149342.0,55.56,15.144,-177.501,-0.534,-0.835,2.545,-0.835,0.155,0.548,100.932,-30.804,28.98,0.0,0.0,0.0,0.04816551669937326
1790077087.208543,149347.0,55.56,15.143,-177.49,-0.546,-0.832,2.571,-0.835,0.154,0.549,100.932,-30.804,28.968,0.0,-0.1,0.0,0.04816551669937326
1790077087.2143219,149353.0,55.56,15.142,-177.48,-0.53,-0.805,2.608,-0.835,0.153,0.549,100.932,-30.804,28.98,0.0,0.1,0.0,0.04816551669937326
1790077087.2205482,149359.0,55.561,15.141,-177.459,-0.422,-0.725,2.662,-0.836,0.152,0.549,100.932,-30.804,28.98,0.0,0.1,0.0,0.05066948339954252
1790077087.225514,149364.0,55.562,15.14,-177.448,-0.417,-0.722,2.674,-0.837,0.151,0.548,100.932,-30.804,28.968,-0.1,-0.3,0.0,0.05066948339954252
1790077087.230691,149369.0,55.563,15.139,-177.437,-0.385,-0.707,2.667,-0.837,0.151,0.547,100.932,-30.804,28.98,-0.1,0.4,0.0,0.05066948339954252
1790077087.2373729,149375.0,55.564,15.139,-177.427,-0.31,-0.693,2.662,-0.837,0.151,0.547,100.932,-30.804,28.98,0.1,0.1,0.0,0.05066948339954252
1790077087.2419221,149380.0,55.566,15.14,-177.416,-0.271,-0.663,2.684,-0.838,0.151,0.547,100.932,-30.804,28.98,0.0,0.0,0.0,0.052762187499320136
1790077087.247183,149386.0,55.568,15.141,-177.405,-0.232,-0.62,2.696,-0.838,0.151,0.546,100.932,-30.804,28.98,-0.1,0.1,0.0,0.052762187499320136
1790077087.25205,149391.0,55.57,15.142,-177.393,-0.21,-0.619,2.706,-0.839,0.152,0.546,100.932,-30.804,28.98,0.1,0.1,0.0,0.052762187499320136
1790077087.258836,149397.0,55.572,15.144,-177.382,-0.206,-0.625,2.71,-0.839,0.152,0.546,100.932,-30.804,28.98,0.0,-0.1,0.0,0.052762187499320136
1790077087.2635388,149402.0,55.573,15.146,-177.37,-0.186,-0.645,2.71,-0.84,0.153,0.546,100.932,-30.804,28.98,0.2,0.0,0.0,0.05564216249913443
1790077087.270894,149408.0,55.575,15.148,-177.358,-0.167,-0.658,2.719,-0.839,0.153,0.547,100.932,-30.804,28.98,0.2,0.2,0.0,0.05564216249913443
1790077087.275209,149414.0,55.576,15.15,-177.346,-0.141,-0.65,2.729,-0.839,0.152,0.547,100.932,-30.804,28.98,-0.1,0.0,0.0,0.05564216249913443
1790077087.2806652,149419.0,55.578,15.151,-177.335,-0.099,-0.654,2.729,-0.839,0.152,0.547,100.933,-30.804,28.98,0.0,0.0,0.0,0.05564216249913443
1790077087.285984,149424.0,55.581,15.156,-177.312,0.037,-0.604,2.795,-0.838,0.151,0.548,100.933,-30.804,28.98,0.0,-0.1,0.0,0.05564216249913443
1790077087.2906518,149429.0,55.582,15.159,-177.3,0.1,-0.613,2.816,-0.838,0.15,0.549,100.933,-30.804,28.992,0.0,0.3,0.0,0.05786085419968004
1790077087.296065,149435.0,55.583,15.161,-177.289,0.145,-0.599,2.813,-0.838,0.149,0.549,100.933,-30.804,28.992,0.0,0.2,0.0,0.05786085419968004
1790077087.303575,149440.0,55.585,15.164,-177.277,0.164,-0.551,2.81,-0.838,0.149,0.55,100.933,-30.804,28.98,0.2,0.0,0.0,0.05786085419968004
1790077087.3066702,149445.0,55.586,15.167,-177.266,0.198,-0.516,2.844,-0.838,0.148,0.55,100.933,-30.804,28.992,0.0,0.2,0.0,0.05786085419968004
1790077087.312043,149451.0,55.587,15.17,-177.254,0.268,-0.479,2.916,-0.838,0.148,0.551,100.933,-30.792,28.992,0.2,0.3,0.0,0.06023455419926904
1790077087.318448,149457.0,55.589,15.174,-177.242,0.377,-0.418,2.977,-0.838,0.147,0.551,100.933,-30.804,28.992,-0.2,0.1,0.0,0.06023455419926904
1790077087.3240252,149462.0,55.591,15.179,-177.229,0.465,-0.364,3.005,-0.838,0.147,0.552,100.933,-30.804,28.992,-0.1,0.0,0.0,0.06023455419926904
1790077087.329251,149468.0,55.593,15.185,-177.216,0.508,-0.333,3.044,-0.838,0.147,0.552,100.933,-30.804,29.004,0.0,0.4,0.0,0.06266066249954748
1790077087.3379788,149473.0,55.594,15.191,-177.203,0.537,-0.318,3.087,-0.838,0.148,0.553,100.933,-30.804,29.004,0.0,0.2,0.0,0.06266066249954748
1790077087.340404,149479.0,55.598,15.203,-177.175,0.594,-0.248,3.153,-0.838,0.147,0.553,100.932,-30.804,29.004,-0.3,0.1,0.0,0.06266066249954748
1790077087.345639,149484.0,55.6,15.21,-177.161,0.624,-0.238,3.175,-0.838,0.148,0.553,100.932,-30.804,29.004,0.0,0.1,0.0,0.06266066249954748
1790077087.3538828,149490.0,55.602,15.218,-177.146,0.671,-0.206,3.224,-0.838,0.147,0.553,100.932,-30.804,29.004,0.2,0.3,0.0,0.06266066249954748
1790077087.356535,149495.0,55.604,15.226,-177.131,0.732,-0.163,3.263,-0.838,0.147,0.553,100.932,-30.804,29.004,0.1,0.3,0.0,0.06266066249954748
1790077087.36308,149501.0,55.606,15.235,-177.116,0.791,-0.125,3.294,-0.837,0.147,0.553,100.932,-30.804,29.004,-0.2,0.4,0.0,0.06518034170003376
1790077087.370941,149507.0,55.608,15.244,-177.1,0.845,-0.109,3.339,-0.837,0.147,0.552,100.932,-30.804,29.004,0.0,0.2,0.0,0.06518034170003376
1790077087.373954,149513.0,55.611,15.254,-177.083,0.901,-0.071,3.392,-0.837,0.147,0.552,100.932,-30.804,29.016,-0.1,0.6,0.0,0.06518034170003376
1790077087.381192,149520.0,55.616,15.276,-177.049,0.918,-0.054,3.476,-0.837,0.148,0.551,100.932,-30.804,29.016,-0.2,0.6,0.0,0.06518034170003376
1790077087.387265,149525.0,55.618,15.288,-177.031,0.921,-0.006,3.516,-0.838,0.149,0.551,100.932,-30.804,29.016,-0.1,0.3,0.0,0.06518034170003376
1790077087.393093,149531.0,55.622,15.3,-177.012,0.944,0.04,3.543,-0.838,0.149,0.55,100.932,-30.804,29.028,0.2,0.7,0.0,0.06768978749896633
1790077087.40493,149537.0,55.625,15.313,-176.993,1.004,0.05,3.539,-0.839,0.15,0.55,100.932,-30.804,29.04,0.1,0.9,0.0,0.06768978749896633
1790077087.405004,149543.0,55.628,15.326,-176.975,1.044,0.064,3.533,-0.839,0.15,0.549,100.933,-30.804,29.064,-0.2,1.6,0.0,0.06768978749896633
1790077087.4108381,149550.0,55.636,15.353,-176.937,1.136,0.142,3.513,-0.84,0.15,0.549,100.933,-30.804,29.076,0.0,1.7,0.0,0.07025425839965464
1790077087.416519,149555.0,55.64,15.367,-176.918,1.192,0.144,3.52,-0.841,0.15,0.549,100.933,-30.804,29.088,0.0,1.6,0.0,0.07025425839965464
1790077087.423191,149561.0,55.644,15.381,-176.9,1.192,0.118,3.512,-0.842,0.15,0.548,100.933,-30.804,29.088,0.1,1.5,0.0,0.07025425839965464
1790077087.428489,149567.0,55.648,15.395,-176.881,1.158,0.069,3.505,-0.843,0.15,0.548,100.933,-30.804,29.1,-0.1,1.4,0.0,0.07025425839965464
1790077087.437443,149572.0,55.651,15.408,-176.862,1.121,-0.035,3.528,-0.843,0.15,0.547,100.933,-30.804,29.1,0.0,0.7,0.0,0.07244532920012717
1790077087.43945,149578.0,55.655,15.421,-176.844,1.064,-0.138,3.564,-0.844,0.15,0.547,100.933,-30.804,29.1,-0.2,0.4,0.0,0.07244532920012717
1790077087.445154,149584.0,55.657,15.433,-176.826,1.001,-0.223,3.607,-0.843,0.149,0.547,100.933,-30.804,29.1,0.2,0.2,0.0,0.07244532920012717
1790077087.456893,149590.0,55.661,15.457,-176.789,0.941,-0.386,3.706,-0.842,0.148,0.548,100.933,-30.804,29.1,0.0,0.1,0.0,0.07244532920012717
1790077087.456956,149595.0,55.662,15.469,-176.771,0.929,-0.466,3.722,-0.842,0.148,0.548,100.933,-30.804,29.1,0.1,-0.1,0.0,0.07244532920012717
1790077087.4619389,149600.0,55.663,15.481,-176.753,0.932,-0.549,3.727,-0.841,0.148,0.548,100.933,-30.804,29.088,0.0,-0.1,0.0,0.07544456249888754
1790077087.467096,149606.0,55.663,15.492,-176.735,0.935,-0.625,3.736,-0.841,0.148,0.549,100.933,-30.804,29.1,-0.1,0.2,0.0,0.07544456249888754
1790077087.472917,149611.0,55.662,15.504,-176.717,0.932,-0.678,3.746,-0.84,0.149,0.549,100.933,-30.804,29.1,0.1,0.2,0.0,0.07544456249888754
1790077087.478536,149617.0,55.662,15.515,-176.699,0.899,-0.694,3.753,-0.84,0.149,0.549,100.933,-30.804,29.1,0.1,0.1,0.0,0.07544456249888754
1790077087.483674,149622.0,55.661,15.526,-176.681,0.859,-0.694,3.755,-0.839,0.149,0.548,100.933,-30.804,29.1,-0.1,0.2,0.0,0.07544456249888754
1790077087.489669,149628.0,55.661,15.538,-176.662,0.843,-0.689,3.776,-0.839,0.15,0.548,100.933,-30.804,29.1,-0.1,0.0,0.0,0.07544456249888754
1790077087.495647,149634.0,55.659,15.56,-176.626,0.763,-0.753,3.772,-0.838,0.15,0.549,100.933,-30.804,29.1,0.0,0.0,0.0,0.07809585840004729
1790077087.501308,149640.0,55.658,15.571,-176.608,0.735,-0.83,3.738,-0.837,0.15,0.548,100.933,-30.804,29.1,0.1,0.1,0.0,0.07809585840004729
1790077087.506454,149645.0,55.656,15.581,-176.59,0.719,-0.884,3.692,-0.837,0.151,0.548,100.933,-30.804,29.1,0.0,0.0,0.0,0.07809585840004729
1790077087.5119529,149651.0,55.654,15.591,-176.573,0.722,-0.889,3.656,-0.837,0.151,0.548,100.933,-30.804,29.1,0.0,0.0,0.0,0.08044523749995279
1790077087.5205388,149657.0,55.653,15.601,-176.556,0.726,-0.878,3.642,-0.836,0.152,0.548,100.933,-30.804,29.1,0.0,-0.1,0.0,0.08044523749995279
1790077087.524053,149663.0,55.651,15.612,-176.538,0.716,-0.868,3.641,-0.836,0.152,0.547,100.933,-30.804,29.1,0.1,0.1,0.0,0.08044523749995279
1790077087.5306208,149669.0,55.648,15.632,-176.504,0.708,-0.924,3.591,-0.835,0.153,0.547,100.933,-30.804,29.1,0.0,0.2,0.0,0.08044523749995279
1790077087.543869,149675.0,55.646,15.642,-176.487,0.707,-0.985,3.529,-0.835,0.153,0.546,100.933,-30.804,29.1,-0.1,0.0,0.0,0.08044523749995279
1790077087.543932,149681.0,55.645,15.651,-176.472,0.697,-1.018,3.441,-0.836,0.153,0.546,100.933,-30.804,29.1,0.1,0.1,0.0,0.08044523749995279
1790077087.546968,149686.0,55.643,15.659,-176.456,0.642,-1.013,3.387,-0.836,0.154,0.546,100.933,-30.804,29.1,0.0,-0.2,0.0,0.08044523749995279
1790077087.552887,149691.0,55.642,15.667,-176.441,0.601,-0.995,3.361,-0.837,0.154,0.546,100.933,-30.804,29.1,0.1,0.0,0.0,0.08344523749995279
1790077087.558489,149697.0,55.64,15.675,-176.426,0.56,-0.981,3.353,-0.838,0.154,0.545,100.933,-30.804,29.1,0.2,0.0,0.0,0.08344523749995279
1790077087.563776,149702.0,55.639,15.682,-176.411,0.485,-0.998,3.337,-0.838,0.154,0.545,100.933,-30.804,29.1,0.0,-0.1,0.0,0.08412607919890434
1790077087.570465,149708.0,55.638,15.689,-176.396,0.433,-1.01,3.296,-0.839,0.154,0.545,100.933,-30.804,29.1,0.0,0.1,0.0,0.08652154999872437
1790077087.573941,149713.0,55.637,15.695,-176.383,0.41,-1.024,3.218,-0.839,0.154,0.545,100.933,-30.804,29.1,0.0,0.1,0.0,0.08652154999872437
1790077087.579125,149718.0,55.636,15.701,-176.369,0.369,-1.056,3.128,-0.838,0.155,0.545,100.933,-30.804,29.1,0.0,0.0,0.0,0.08652154999872437
1790077087.5882921,149724.0,55.633,15.71,-176.345,0.305,-1.198,2.927,-0.837,0.157,0.546,100.933,-30.804,29.1,0.0,0.0,0.0,0.08652154999872437
1790077087.591945,149731.0,55.631,15.713,-176.333,0.266,-1.203,2.849,-0.837,0.158,0.546,100.933,-30.804,29.1,0.0,0.0,0.0,0.08652154999872437
1790077087.59787,149736.0,55.629,15.717,-176.322,0.244,-1.169,2.772,-0.836,0.158,0.546,100.933,-30.804,29.1,-0.2,0.0,0.0,0.08652154999872437
1790077087.603104,149741.0,55.627,15.719,-176.312,0.212,-1.149,2.705,-0.835,0.158,0.547,100.933,-30.804,29.1,-0.1,0.0,0.0,0.0886163333998411
1790077087.608688,149747.0,55.625,15.721,-176.302,0.178,-1.091,2.634,-0.834,0.158,0.548,100.933,-30.804,29.1,0.2,0.0,0.0,0.0886163333998411
1790077087.6134841,149752.0,55.624,15.722,-176.294,0.151,-1.042,2.541,-0.832,0.158,0.549,100.933,-30.804,29.1,0.1,0.0,0.0,0.0886163333998411
1790077087.619203,149758.0,55.622,15.721,-176.286,0.147,-1.02,2.437,-0.831,0.157,0.549,100.933,-30.804,29.1,-0.1,0.0,0.0,0.09071175839926582
1790077087.62418,149763.0,55.62,15.72,-176.279,0.164,-0.991,2.357,-0.83,0.156,0.55,100.933,-30.804,29.1,0.0,0.1,0.0,0.09071175839926582
1790077087.630674,149769.0,55.618,15.718,-176.273,0.159,-0.987,2.292,-0.829,0.155,0.55,100.933,-30.804,29.1,-0.2,0.0,0.0,0.09071175839926582
1790077087.636279,149775.0,55.616,15.713,-176.263,0.167,-0.868,2.176,-0.828,0.154,0.55,100.933,-30.804,29.1,0.0,0.0,0.0,0.09071175839926582
1790077087.641197,149780.0,55.615,15.71,-176.259,0.159,-0.791,2.101,-0.828,0.154,0.549,100.933,-30.804,29.1,0.0,0.0,0.0,0.09317635839979631
1790077087.646646,149785.0,55.616,15.707,-176.255,0.118,-0.703,2.029,-0.829,0.154,0.549,100.933,-30.804,29.1,0.0,0.0,0.0,0.09317635839979631
1790077087.658966,149791.0,55.616,15.703,-176.25,0.051,-0.636,1.976,-0.829,0.154,0.548,100.933,-30.804,29.1,0.3,0.0,0.0,0.09565271249884973
1790077087.659047,149796.0,55.618,15.698,-176.247,0.034,-0.627,1.935,-0.83,0.154,0.547,100.933,-30.804,29.1,-0.2,0.0,0.0,0.09565271249884973
1790077087.662861,149801.0,55.619,15.694,-176.243,0.037,-0.607,1.896,-0.831,0.154,0.547,100.933,-30.804,29.1,0.0,0.0,0.0,0.09565271249884973
1790077087.671489,149807.0,55.621,15.69,-176.24,0.039,-0.59,1.84,-0.831,0.155,0.546,100.933,-30.804,29.1,0.0,-0.1,0.0,0.09565271249884973
1790077087.673825,149812.0,55.623,15.685,-176.237,0.026,-0.591,1.793,-0.832,0.155,0.545,100.933,-30.804,29.1,-0.2,0.1,0.0,0.09565271249884973
1790077087.679187,149818.0,55.626,15.681,-176.234,0.151,-0.601,1.753,-0.834,0.155,0.544,100.933,-30.804,29.1,-0.1,-0.2,0.0,0.09565271249884973
1790077087.6863701,149823.0,55.629,15.677,-176.231,0.267,-0.624,1.706,-0.835,0.155,0.543,100.933,-30.804,29.1,0.0,0.0,0.0,0.09565271249884973
1790077087.690399,149829.0,55.635,15.668,-176.227,0.148,-0.681,1.664,-0.838,0.155,0.542,100.933,-30.804,29.1,0.0,0.0,0.0,0.09839364590006881
1790077087.696631,149835.0,55.638,15.663,-176.225,0.077,-0.75,1.655,-0.839,0.155,0.541,100.933,-30.804,29.1,0.2,-0.1,0.0,0.09839364590006881
1790077087.702956,149841.0,55.641,15.657,-176.223,0.024,-0.794,1.635,-0.84,0.155,0.541,100.933,-30.804,29.1,0.0,0.1,0.0,0.09839364590006881
1790077087.708411,149847.0,55.644,15.651,-176.222,-0.003,-0.84,1.603,-0.842,0.155,0.542,100.933,-30.804,29.1,0.1,0.0,0.0,0.09839364590006881
1790077087.7141829,149853.0,55.647,15.645,-176.221,-0.034,-0.919,1.612,-0.842,0.155,0.542,100.933,-30.804,29.1,0.1,-0.1,0.0,0.09839364590006881
1790077087.726896,149859.0,55.651,15.631,-176.219,-0.108,-1.072,1.64,-0.843,0.154,0.542,100.933,-30.804,29.1,-0.1,0.1,0.0,0.1008969749993412
1790077087.726994,149865.0,55.652,15.623,-176.218,-0.117,-1.153,1.65,-0.843,0.154,0.543,100.933,-30.804,29.1,0.0,0.0,0.0,0.1008969749993412
1790077087.738781,149871.0,55.653,15.616,-176.218,-0.125,-1.226,1.671,-0.843,0.153,0.543,100.933,-30.804,29.1,0.0,0.0,0.0,0.1008969749993412
1790077087.738861,149877.0,55.654,15.607,-176.218,-0.129,-1.304,1.683,-0.843,0.152,0.543,100.933,-30.804,29.1,0.1,0.0,0.0,0.1008969749993412
1790077087.744021,149883.0,55.654,15.599,-176.218,-0.101,-1.379,1.685,-0.843,0.152,0.544,100.933,-30.816,29.1,-0.5,-0.1,0.0,0.10366562499984866
1790077087.7512472,149889.0,55.653,15.582,-176.22,-0.029,-1.518,1.744,-0.843,0.151,0.545,100.933,-30.804,29.1,0.1,0.0,0.0,0.10366562499984866
1790077087.755784,149894.0,55.652,15.574,-176.22,-0.03,-1.574,1.793,-0.843,0.151,0.545,100.933,-30.804,29.1,-0.2,0.0,0.0,0.10366562499984866
1790077087.761101,149900.0,55.65,15.566,-176.22,-0.02,-1.626,1.836,-0.843,0.15,0.545,100.933,-30.804,29.1,-0.2,0.0,0.0,0.10366562499984866
1790077087.7868989,149905.0,55.649,15.558,-176.22,0.029,-1.658,1.886,-0.842,0.15,0.546,100.933,-30.804,29.1,0.0,0.0,0.0,0.10366562499984866
1790077087.786981,149911.0,55.647,15.551,-176.22,0.06,-1.69,1.934,-0.842,0.15,0.546,100.933,-30.804,29.1,0.0,0.1,0.0,0.10366562499984866
1790077087.787012,149917.0,55.644,15.544,-176.219,0.099,-1.757,1.981,-0.842,0.149,0.546,100.933,-30.804,29.1,0.0,0.0,0.0,0.10366562499984866
1790077087.787034,149923.0,55.641,15.537,-176.219,0.147,-1.818,2.021,-0.842,0.149,0.547,100.933,-30.804,29.1,0.0,0.1,0.0,0.10366562499984866
1790077087.789719,149928.0,55.638,15.531,-176.218,0.197,-1.855,2.055,-0.842,0.149,0.547,100.933,-30.804,29.1,0.1,0.0,0.0,0.10769520419999026
1790077087.794197,149933.0,55.635,15.524,-176.217,0.243,-1.889,2.1,-0.843,0.149,0.548,100.933,-30.804,29.1,-0.1,0.0,0.0,0.10769520419999026
1790077087.800144,149939.0,55.628,15.513,-176.215,0.303,-1.86,2.16,-0.843,0.149,0.549,100.933,-30.804,29.1,0.0,-0.1,0.0,0.10769520419999026
1790077087.805696,149944.0,55.625,15.509,-176.213,0.324,-1.848,2.219,-0.843,0.149,0.549,100.933,-30.804,29.1,0.2,0.1,0.0,0.10769520419999026
1790077087.812376,149950.0,55.621,15.504,-176.211,0.383,-1.876,2.266,-0.843,0.149,0.549,100.933,-30.792,29.1,0.2,0.0,0.0,0.11004923750006129
1790077087.8241138,149956.0,55.617,15.501,-176.208,0.443,-1.923,2.291,-0.843,0.149,0.55,100.933,-30.792,29.1,0.2,0.1,0.0,0.11004923750006129
1790077087.824214,149961.0,55.613,15.497,-176.206,0.461,-1.925,2.302,-0.842,0.149,0.55,100.933,-30.804,29.1,-0.2,-0.3,0.0,0.11004923750006129
1790077087.828529,149967.0,55.609,15.494,-176.203,0.489,-1.907,2.318,-0.841,0.149,0.55,100.933,-30.804,29.1,-0.1,0.1,0.0,0.11230900839873358
1790077087.840877,149973.0,55.604,15.491,-176.2,0.548,-1.892,2.341,-0.841,0.149,0.55,100.932,-30.804,29.1,0.0,0.0,0.0,0.11230900839873358
1790077087.840957,149979.0,55.596,15.487,-176.193,0.641,-1.896,2.365,-0.84,0.15,0.55,100.932,-30.804,29.1,0.0,0.1,0.0,0.11230900839873358
1790077087.855513,149985.0,55.591,15.486,-176.189,0.652,-1.867,2.401,-0.84,0.151,0.549,100.932,-30.804,29.1,0.0,0.0,0.0,0.11230900839873358
1790077087.861186,149991.0,55.587,15.486,-176.184,0.634,-1.83,2.437,-0.84,0.151,0.549,100.932,-30.804,29.1,-0.2,0.0,0.0,0.11451014589983971
1790077087.861294,149997.0,55.583,15.486,-176.179,0.654,-1.767,2.465,-0.84,0.152,0.549,100.932,-30.804,29.1,0.0,0.0,0.0,0.11451014589983971
1790077087.863931,150003.0,55.58,15.486,-176.173,0.682,-1.744,2.469,-0.84,0.152,0.549,100.932,-30.804,29.112,0.0,0.3,0.0,0.11451014589983971
1790077087.870246,150008.0,55.576,15.486,-176.168,0.685,-1.748,2.471,-0.84,0.152,0.549,100.932,-30.804,29.1,0.2,0.0,0.0,0.11451014589983971
1790077087.8761358,150014.0,55.569,15.487,-176.157,0.731,-1.667,2.443,-0.841,0.152,0.55,100.932,-30.804,29.1,0.0,0.0,0.0,0.11702204589964822
1790077087.887179,150020.0,55.566,15.487,-176.152,0.743,-1.634,2.432,-0.841,0.152,0.551,100.932,-30.804,29.1,-0.1,0.0,0.0,0.11702204589964822
1790077087.887389,150026.0,55.563,15.488,-176.147,0.764,-1.588,2.417,-0.841,0.152,0.551,100.932,-30.804,29.1,0.1,-0.2,0.0,0.11702204589964822
1790077087.892174,150031.0,55.563,15.488,-176.147,0.764,-1.588,2.417,-0.841,0.152,0.551,100.932,-30.804,29.1,0.0,0.1,0.0,0.11702204589964822
1790077087.905267,150037.0,55.558,15.49,-176.135,0.842,-1.432,2.408,-0.841,0.153,0.551,100.932,-30.804,29.1,0.0,-0.1,0.0,0.11953344590001508
1790077087.905474,150043.0,55.556,15.492,-176.129,0.834,-1.38,2.417,-0.841,0.153,0.551,100.932,-30.804,29.112,0.0,0.2,0.0,0.11953344590001508
1790077087.909087,150048.0,55.554,15.494,-176.123,0.857,-1.337,2.421,-0.84,0.153,0.551,100.932,-30.804,29.1,0.0,0.0,0.0,0.11953344590001508
1790077087.924331,150053.0,55.552,15.496,-176.117,0.908,-1.31,2.414,-0.84,0.153,0.551,100.932,-30.804,29.1,0.0,0.1,0.0,0.11953344590001508
1790077087.9243898,150059.0,55.549,15.5,-176.105,0.919,-1.252,2.43,-0.839,0.153,0.551,100.932,-30.804,29.1,0.0,0.0,0.0,0.11953344590001508
1790077087.9267142,150065.0,55.547,15.502,-176.098,0.947,-1.189,2.423,-0.838,0.152,0.551,100.932,-30.804,29.1,0.0,0.0,0.0,0.11953344590001508
1790077087.936586,150071.0,55.546,15.504,-176.092,0.957,-1.119,2.409,-0.838,0.152,0.551,100.932,-30.804,29.1,0.2,0.0,0.0,0.11953344590001508
1790077087.938544,150077.0,55.546,15.507,-176.086,0.968,-1.057,2.411,-0.838,0.152,0.551,100.932,-30.804,29.1,-0.2,0.0,0.0,0.12225017089949688
1790077087.943926,150082.0,55.545,15.509,-176.08,1.009,-1.01,2.438,-0.838,0.151,0.551,100.932,-30.804,29.1,-0.1,0.1,0.0,0.12225017089949688
1790077087.957063,150088.0,55.545,15.512,-176.073,1.031,-0.996,2.446,-0.838,0.151,0.551,100.932,-30.804,29.1,0.0,-0.2,0.0,0.12225017089949688
1790077087.95718,150093.0,55.544,15.514,-176.067,1.029,-0.971,2.461,-0.838,0.15,0.551,100.933,-30.804,29.1,0.2,0.0,0.0,0.12225017089949688
1790077087.960248,150098.0,55.544,15.517,-176.06,1.025,-0.925,2.477,-0.839,0.15,0.551,100.933,-30.804,29.1,0.0,0.0,0.0,0.1252501708994969
1790077087.965525,150104.0,55.545,15.52,-176.054,1.038,-0.882,2.467,-0.839,0.15,0.551,100.933,-30.804,29.1,0.0,0.0,0.0,0.12543619589996524
1790077087.9712481,150109.0,55.545,15.525,-176.04,1.011,-0.858,2.475,-0.84,0.151,0.551,100.933,-30.804,29.1,-0.2,0.0,0.0,0.12543619589996524
1790077087.97661,150115.0,55.546,15.528,-176.033,1.003,-0.831,2.471,-0.84,0.151,0.551,100.933,-30.804,29.1,0.2,0.0,0.0,0.12543619589996524
1790077087.9853709,150121.0,55.547,15.531,-176.026,0.984,-0.775,2.495,-0.84,0.151,0.55,100.933,-30.804,29.1,0.0,0.0,0.0,0.12543619589996524
1790077087.9883058,150126.0,55.548,15.535,-176.018,0.976,-0.718,2.52,-0.839,0.152,0.55,100.933,-30.804,29.112,0.2,0.3,0.0,0.12543619589996524
1790077087.9936059,150132.0,55.549,15.539,-176.009,0.979,-0.702,2.508,-0.839,0.152,0.55,100.933,-30.804,29.1,-0.3,0.0,0.0,0.12829457920015558
1790077088.0106292,150137.0,55.55,15.543,-176.001,0.938,-0.693,2.505,-0.838,0.153,0.55,100.933,-30.804,29.112,0.1,0.2,0.0,0.12829457920015558
1790077088.010774,150142.0,55.551,15.547,-175.993,0.875,-0.654,2.494,-0.838,0.153,0.55,100.933,-30.804,29.112,-0.1,0.0,0.0,0.12829457920015558
1790077088.010806,150148.0,55.553,15.55,-175.985,0.821,-0.624,2.481,-0.838,0.153,0.549,100.933,-30.804,29.1,0.0,-0.2,0.0,0.12829457920015558
1790077088.015628,150153.0,55.554,15.553,-175.977,0.8,-0.641,2.495,-0.838,0.153,0.549,100.933,-30.804,29.112,0.2,0.1,0.0,0.13079924999910872
1790077088.0213299,150159.0,55.555,15.556,-175.968,0.812,-0.66,2.513,-0.838,0.152,0.549,100.933,-30.804,29.112,0.0,0.1,0.0,0.13079924999910872
1790077088.025996,150164.0,55.558,15.563,-175.951,0.808,-0.65,2.538,-0.839,0.152,0.548,100.933,-30.804,29.1,-0.3,-0.1,0.0,0.13079924999910872
1790077088.056542,150169.0,55.56,15.567,-175.943,0.785,-0.644,2.537,-0.84,0.152,0.548,100.933,-30.804,29.1,0.1,0.0,0.0,0.13379924999910872
1790077088.056622,150175.0,55.562,15.57,-175.934,0.754,-0.626,2.54,-0.84,0.153,0.548,100.933,-30.804,29.112,0.0,0.1,0.0,0.13379924999910872
1790077088.056654,150181.0,55.564,15.574,-175.925,0.74,-0.628,2.538,-0.841,0.153,0.548,100.933,-30.804,29.112,0.0,0.1,0.0,0.13379924999910872
1790077088.0567439,150186.0,55.566,15.577,-175.916,0.701,-0.623,2.532,-0.842,0.153,0.548,100.933,-30.804,29.112,0.1,0.0,0.0,0.13379924999910872
1790077088.056834,150191.0,55.566,15.577,-175.916,0.701,-0.623,2.532,-0.842,0.153,0.548,100.933,-30.804,29.112,-0.1,0.0,0.0,0.13379924999910872
1790077088.060061,150197.0,55.57,15.583,-175.899,0.582,-0.669,2.484,-0.842,0.154,0.548,100.933,-30.804,29.112,-0.1,0.1,0.0,0.13441317499964497
1790077088.080705,150203.0,55.572,15.585,-175.89,0.521,-0.708,2.496,-0.842,0.154,0.548,100.933,-30.804,29.112,0.0,0.0,0.0,0.13441317499964497
1790077088.0807931,150208.0,55.573,15.587,-175.882,0.476,-0.713,2.497,-0.842,0.154,0.548,100.933,-30.804,29.112,0.0,-0.1,0.0,0.13441317499964497
1790077088.087065,150214.0,55.576,15.589,-175.865,0.439,-0.713,2.465,-0.84,0.153,0.549,100.933,-30.804,29.112,0.2,0.0,0.0,0.13441317499964497
1790077088.0872772,150219.0,55.576,15.589,-175.865,0.439,-0.713,2.465,-0.84,0.153,0.549,100.933,-30.804,29.112,0.0,0.0,0.0,0.13441317499964497
1790077088.08733,150225.0,55.579,15.591,-175.85,0.363,-0.646,2.444,-0.838,0.153,0.549,100.933,-30.804,29.112,0.0,0.0,0.0,0.13441317499964497
1790077088.0913558,150230.0,55.58,15.591,-175.842,0.337,-0.653,2.428,-0.837,0.153,0.549,100.933,-30.804,29.112,-0.1,0.2,0.0,0.13441317499964497
1790077088.146616,150236.0,55.581,15.591,-175.835,0.294,-0.657,2.412,-0.837,0.153,0.549,100.933,-30.804,29.112,-0.1,0.1,0.0,0.14041317499964498
1790077088.147137,150242.0,55.582,15.591,-175.827,0.249,-0.648,2.399,-0.836,0.153,0.549,100.933,-30.804,29.112,0.0,0.0,0.0,0.14041317499964498
1790077088.147233,150248.0,55.584,15.591,-175.82,0.215,-0.595,2.39,-0.836,0.153,0.549,100.933,-30.804,29.112,0.0,0.2,0.0,0.14041317499964498
1790077088.14726,150253.0,55.585,15.591,-175.812,0.182,-0.56,2.372,-0.836,0.154,0.549,100.933,-30.804,29.112,0.0,0.0,0.0,0.14041317499964498
1790077088.147286,150258.0,55.587,15.59,-175.804,0.162,-0.543,2.325,-0.836,0.154,0.549,100.933,-30.804,29.112,0.0,0.0,0.0,0.14041317499964498
1790077088.147307,150263.0,55.589,15.59,-175.797,0.126,-0.515,2.305,-0.836,0.154,0.549,100.933,-30.804,29.1,0.0,-0.3,0.0,0.14041317499964498
1790077088.147329,150268.0,55.59,15.589,-175.79,0.11,-0.521,2.301,-0.836,0.154,0.549,100.933,-30.804,29.112,-0.2,0.2,0.0,0.14041317499964498
1790077088.14735,150273.0,55.592,15.588,-175.783,0.093,-0.545,2.263,-0.836,0.154,0.549,100.933,-30.804,29.112,0.2,0.0,0.0,0.14041317499964498
1790077088.147392,150279.0,55.595,15.583,-175.77,-0.021,-0.581,2.2,-0.836,0.154,0.549,100.933,-30.804,29.112,0.0,0.0,0.0,0.14041317499964498
1790077088.147501,150284.0,55.595,15.583,-175.77,-0.021,-0.581,2.2,-0.836,0.154,0.549,100.933,-30.804,29.112,0.1,0.0,0.0,0.14041317499964498
1790077088.152664,150289.0,55.597,15.58,-175.764,-0.051,-0.584,2.181,-0.836,0.154,0.549,100.933,-30.804,29.112,0.0,0.0,0.0,0.14222713339986512
1790077088.156298,150295.0,55.601,15.575,-175.752,-0.063,-0.601,2.144,-0.837,0.154,0.548,100.933,-30.804,29.112,-0.1,0.1,0.0,0.14222713339986512
1790077088.1754391,150301.0,55.602,15.571,-175.747,-0.086,-0.623,2.103,-0.838,0.155,0.548,100.933,-30.804,29.112,0.0,-0.2,0.0,0.14453547500015704
1790077088.1756,150307.0,55.604,15.568,-175.741,-0.11,-0.615,2.083,-0.838,0.155,0.547,100.933,-30.804,29.112,0.2,0.0,0.0,0.14453547500015704
1790077088.175643,150312.0,55.606,15.565,-175.735,-0.146,-0.619,2.058,-0.838,0.156,0.547,100.933,-30.804,29.112,0.0,-0.1,0.0,0.14453547500015704
1790077088.179342,150318.0,55.609,15.562,-175.73,-0.21,-0.633,2.018,-0.838,0.156,0.546,100.933,-30.804,29.112,-0.2,0.3,0.0,0.14754692089918536
1790077088.184125,150323.0,55.611,15.558,-175.724,-0.262,-0.649,1.99,-0.838,0.157,0.546,100.933,-30.804,29.112,0.0,-0.1,0.0,0.14754692089918536
1790077088.1904671,150329.0,55.615,15.549,-175.714,-0.313,-0.672,1.896,-0.837,0.157,0.545,100.933,-30.804,29.112,0.0,0.0,0.0,0.14754692089918536
1790077088.1966631,150335.0,55.617,15.544,-175.71,-0.339,-0.68,1.853,-0.837,0.157,0.545,100.933,-30.804,29.112,0.1,-0.1,0.0,0.14754692089918536
1790077088.2068741,150341.0,55.619,15.539,-175.706,-0.357,-0.697,1.818,-0.836,0.157,0.545,100.933,-30.804,29.112,0.1,0.0,0.0,0.14754692089918536
1790077088.208689,150347.0,55.621,15.533,-175.702,-0.369,-0.721,1.812,-0.836,0.157,0.545,100.933,-30.804,29.112,0.0,0.0,0.0,0.14754692089918536
1790077088.2263339,150353.0,55.623,15.527,-175.698,-0.361,-0.75,1.799,-0.836,0.156,0.546,100.933,-30.804,29.112,-0.1,0.2,0.0,0.15044906249968337
1790077088.2264168,150359.0,55.626,15.514,-175.692,-0.373,-0.718,1.758,-0.835,0.155,0.548,100.933,-30.804,29.112,0.2,0.0,0.0,0.15044906249968337
1790077088.226449,150364.0,55.627,15.507,-175.69,-0.373,-0.705,1.743,-0.835,0.155,0.55,100.933,-30.804,29.112,0.0,0.0,0.0,0.15044906249968337
1790077088.240433,150370.0,55.628,15.499,-175.688,-0.381,-0.691,1.734,-0.835,0.155,0.551,100.933,-30.804,29.112,-0.2,0.0,0.0,0.15344906249968338
1790077088.240619,150376.0,55.629,15.492,-175.686,-0.392,-0.689,1.712,-0.835,0.155,0.551,100.933,-30.804,29.124,0.1,0.2,0.0,0.15344906249968338
1790077088.242186,150381.0,55.63,15.484,-175.684,-0.402,-0.689,1.674,-0.836,0.155,0.552,100.933,-30.804,29.112,0.0,-0.1,0.0,0.15344906249968338
1790077088.252606,150386.0,55.631,15.476,-175.682,-0.435,-0.676,1.653,-0.836,0.155,0.552,100.933,-30.804,29.124,0.0,0.1,0.0,0.15344906249968338
1790077088.2534678,150392.0,55.633,15.467,-175.681,-0.456,-0.659,1.644,-0.836,0.155,0.552,100.933,-30.804,29.124,0.0,0.1,0.0,0.15379195839923343
1790077088.259509,150398.0,55.634,15.459,-175.679,-0.475,-0.651,1.641,-0.836,0.155,0.552,100.933,-30.804,29.112,-0.3,0.0,0.0,0.15379195839923343
1790077088.2778728,150404.0,55.635,15.451,-175.677,-0.531,-0.629,1.624,-0.835,0.155,0.551,100.933,-30.804,29.124,0.0,0.1,0.0,0.15379195839923343
1790077088.277982,150409.0,55.639,15.433,-175.674,-0.572,-0.639,1.598,-0.835,0.155,0.55,100.934,-30.804,29.112,0.0,-0.1,0.0,0.15379195839923343
1790077088.278023,150414.0,55.64,15.425,-175.672,-0.559,-0.639,1.56,-0.835,0.155,0.549,100.934,-30.804,29.112,0.1,-0.2,0.0,0.15379195839923343
1790077088.281066,150420.0,55.643,15.416,-175.671,-0.567,-0.607,1.556,-0.835,0.155,0.548,100.934,-30.804,29.124,0.0,0.1,0.0,0.15754197089991068
1790077088.286421,150425.0,55.645,15.407,-175.669,-0.591,-0.586,1.565,-0.835,0.155,0.547,100.934,-30.804,29.124,0.0,0.2,0.0,0.15754197089991068
1790077088.292799,150431.0,55.647,15.398,-175.667,-0.602,-0.584,1.56,-0.835,0.154,0.547,100.934,-30.804,29.112,0.0,0.0,0.0,0.15754197089991068
1790077088.347523,150437.0,55.65,15.39,-175.666,-0.613,-0.595,1.562,-0.835,0.154,0.546,100.934,-30.804,29.112,0.0,0.0,0.0,0.16283376249921278
1790077088.347671,150443.0,55.652,15.381,-175.664,-0.642,-0.609,1.572,-0.835,0.154,0.546,100.934,-30.804,29.124,0.0,0.1,0.0,0.16283376249921278
1790077088.347819,150449.0,55.655,15.372,-175.662,-0.646,-0.644,1.58,-0.835,0.154,0.546,100.934,-30.804,29.124,0.0,0.0,0.0,0.16283376249921278
1790077088.347929,150455.0,55.659,15.354,-175.658,-0.682,-0.674,1.634,-0.835,0.154,0.545,100.934,-30.804,29.112,-0.1,0.0,0.0,0.16283376249921278
1790077088.3484511,150461.0,55.661,15.345,-175.656,-0.682,-0.688,1.658,-0.835,0.154,0.545,100.934,-30.804,29.112,-0.2,0.0,0.0,0.16283376249921278
1790077088.348522,150466.0,55.663,15.337,-175.654,-0.682,-0.737,1.69,-0.836,0.153,0.546,100.934,-30.804,29.124,0.2,0.0,0.0,0.16283376249921278
1790077088.348597,150471.0,55.665,15.328,-175.651,-0.665,-0.753,1.703,-0.836,0.153,0.546,100.934,-30.804,29.124,0.0,0.1,0.0,0.16283376249921278
1790077088.3486452,150477.0,55.667,15.32,-175.649,-0.656,-0.721,1.706,-0.836,0.153,0.547,100.934,-30.804,29.124,0.0,0.3,0.0,0.16283376249921278
1790077088.3491368,150483.0,55.668,15.311,-175.647,-0.656,-0.705,1.701,-0.836,0.153,0.547,100.934,-30.804,29.112,0.1,-0.1,0.0,0.16283376249921278
1790077088.350327,150489.0,55.671,15.294,-175.641,-0.686,-0.737,1.759,-0.836,0.153,0.548,100.934,-30.804,29.124,0.0,0.0,0.0,0.16283376249921278
1790077088.356044,150494.0,55.671,15.294,-175.641,-0.686,-0.737,1.759,-0.836,0.153,0.548,100.934,-30.804,29.124,0.0,0.2,0.0,0.16283376249921278
1790077088.361295,150500.0,55.674,15.279,-175.635,-0.692,-0.76,1.834,-0.836,0.153,0.547,100.934,-30.804,29.124,-0.2,0.0,0.0,0.1652064916997915
1790077088.367628,150505.0,55.675,15.271,-175.631,-0.728,-0.781,1.879,-0.836,0.153,0.547,100.934,-30.804,29.124,0.0,0.0,0.0,0.1652064916997915
1790077088.3716218,150510.0,55.676,15.264,-175.627,-0.739,-0.817,1.908,-0.836,0.153,0.546,100.934,-30.804,29.124,0.0,0.0,0.0,0.1652064916997915
1790077088.3783438,150516.0,55.677,15.257,-175.622,-0.735,-0.843,1.917,-0.835,0.153,0.546,100.934,-30.804,29.124,-0.1,0.0,0.0,0.1652064916997915
1790077088.38675,150521.0,55.678,15.25,-175.617,-0.76,-0.862,1.958,-0.835,0.154,0.545,100.934,-30.804,29.124,0.1,-0.1,0.0,0.1652064916997915
1790077088.389018,150527.0,55.679,15.243,-175.612,-0.782,-0.886,1.997,-0.835,0.154,0.544,100.933,-30.804,29.124,0.0,0.1,0.0,0.1652064916997915
1790077088.393594,150532.0,55.679,15.237,-175.607,-0.802,-0.907,2.03,-0.835,0.153,0.544,100.933,-30.804,29.124,-0.1,0.0,0.0,0.16773272499995073
1790077088.3992572,150538.0,55.68,15.23,-175.601,-0.825,-0.928,2.071,-0.835,0.153,0.544,100.933,-30.804,29.124,0.0,0.1,0.0,0.16773272499995073
1790077088.4048991,150543.0,55.68,15.224,-175.595,-0.837,-0.974,2.114,-0.835,0.153,0.544,100.933,-30.804,29.124,-0.1,0.0,0.0,0.16773272499995073
1790077088.410262,150549.0,55.68,15.212,-175.582,-0.861,-1.085,2.215,-0.835,0.153,0.544,100.933,-30.804,29.124,0.0,0.0,0.0,0.1702398708992405
1790077088.415972,150554.0,55.68,15.207,-175.576,-0.89,-1.124,2.275,-0.836,0.153,0.544,100.933,-30.804,29.124,-0.1,0.0,0.0,0.1702398708992405
1790077088.4213388,150560.0,55.679,15.201,-175.568,-0.911,-1.133,2.341,-0.836,0.153,0.545,100.933,-30.804,29.124,0.0,0.0,0.0,0.1702398708992405
1790077088.426479,150565.0,55.678,15.196,-175.561,-0.927,-1.154,2.357,-0.837,0.153,0.545,100.933,-30.804,29.124,0.2,0.1,0.0,0.1702398708992405
1790077088.432566,150571.0,55.677,15.19,-175.553,-0.906,-1.187,2.382,-0.837,0.153,0.545,100.933,-30.804,29.124,-0.2,0.3,0.0,0.17246536249876954
1790077088.437273,150576.0,55.676,15.186,-175.545,-0.872,-1.228,2.457,-0.838,0.153,0.545,100.933,-30.804,29.124,0.1,0.0,0.0,0.17246536249876954
1790077088.444114,150583.0,55.675,15.182,-175.536,-0.888,-1.269,2.539,-0.838,0.152,0.545,100.933,-30.804,29.124,0.0,0.2,0.0,0.17246536249876954
1790077088.449304,150588.0,55.673,15.178,-175.527,-0.911,-1.294,2.601,-0.838,0.152,0.545,100.932,-30.804,29.124,-0.4,0.0,0.0,0.17246536249876954
1790077088.456932,150594.0,55.672,15.174,-175.517,-0.922,-1.33,2.671,-0.838,0.153,0.544,100.932,-30.804,29.124,0.1,-0.1,0.0,0.17246536249876954
1790077088.460753,150599.0,55.667,15.169,-175.495,-0.935,-1.439,2.838,-0.839,0.153,0.544,100.932,-30.804,29.124,0.0,0.1,0.0,0.17491344169975492
1790077088.4700868,150605.0,55.665,15.167,-175.484,-0.943,-1.447,2.868,-0.839,0.152,0.544,100.932,-30.804,29.124,0.1,0.0,0.0,0.17491344169975492
1790077088.473629,150611.0,55.662,15.164,-175.473,-0.947,-1.439,2.917,-0.838,0.152,0.545,100.932,-30.804,29.124,0.1,-0.1,0.0,0.17491344169975492
1790077088.4784782,150617.0,55.66,15.162,-175.461,-0.918,-1.442,2.94,-0.838,0.151,0.545,100.932,-30.804,29.124,-0.1,0.1,0.0,0.17491344169975492
1790077088.512367,150623.0,55.657,15.16,-175.449,-0.88,-1.437,2.979,-0.838,0.151,0.546,100.932,-30.804,29.124,0.0,0.0,0.0,0.17953899999993156
1790077088.512516,150628.0,55.654,15.159,-175.437,-0.846,-1.433,3.046,-0.838,0.151,0.546,100.932,-30.804,29.124,0.1,0.0,0.0,0.17953899999993156
1790077088.5125508,150633.0,55.651,15.158,-175.425,-0.798,-1.414,3.103,-0.837,0.151,0.547,100.932,-30.804,29.124,0.0,0.0,0.0,0.17953899999993156
1790077088.512577,150639.0,55.645,15.158,-175.398,-0.72,-1.338,3.207,-0.837,0.151,0.548,100.932,-30.804,29.124,0.2,0.0,0.0,0.17953899999993156
1790077088.512599,150644.0,55.642,15.159,-175.384,-0.686,-1.286,3.25,-0.836,0.151,0.548,100.932,-30.804,29.124,0.1,0.0,0.0,0.17953899999993156
1790077088.5126212,150650.0,55.642,15.159,-175.384,-0.686,-1.286,3.25,-0.836,0.151,0.548,100.932,-30.804,29.136,-0.1,0.2,0.0,0.17953899999993156
1790077088.518192,150656.0,55.636,15.163,-175.354,-0.662,-1.243,3.332,-0.836,0.152,0.548,100.933,-30.804,29.124,-0.2,0.0,0.0,0.17953899999993156
1790077088.522481,150661.0,55.633,15.165,-175.338,-0.625,-1.22,3.37,-0.835,0.152,0.548,100.933,-30.804,29.124,-0.2,0.0,0.0,0.17953899999993156
1790077088.528708,150667.0,55.63,15.169,-175.322,-0.585,-1.18,3.419,-0.835,0.152,0.547,100.933,-30.804,29.136,0.2,0.2,0.0,0.18166869169945132
1790077088.5343208,150673.0,55.627,15.173,-175.305,-0.531,-1.156,3.479,-0.834,0.152,0.547,100.933,-30.804,29.124,0.0,0.0,0.0,0.18166869169945132
1790077088.540111,150678.0,55.625,15.178,-175.288,-0.452,-1.157,3.55,-0.834,0.152,0.547,100.933,-30.804,29.124,0.0,-0.1,0.0,0.18166869169945132
1790077088.545296,150684.0,55.619,15.189,-175.252,-0.384,-1.119,3.633,-0.834,0.151,0.547,100.933,-30.804,29.124,0.0,0.0,0.0,0.18417359169980047
1790077088.553931,150689.0,55.616,15.194,-175.234,-0.35,-1.074,3.653,-0.834,0.151,0.547,100.933,-30.804,29.124,0.2,0.0,0.0,0.18417359169980047
1790077088.559925,150695.0,55.614,15.2,-175.216,-0.298,-1.037,3.682,-0.835,0.15,0.548,100.933,-30.804,29.136,0.0,0.1,0.0,0.18417359169980047
1790077088.56129,150700.0,55.612,15.207,-175.198,-0.237,-0.968,3.724,-0.835,0.15,0.548,100.933,-30.804,29.136,0.0,0.1,0.0,0.18417359169980047
1790077088.576797,150706.0,55.611,15.214,-175.179,-0.175,-0.913,3.754,-0.836,0.149,0.548,100.933,-30.804,29.136,0.0,0.0,0.0,0.1874024083997938
1790077088.576973,150711.0,55.609,15.222,-175.16,-0.093,-0.889,3.798,-0.837,0.149,0.548,100.933,-30.804,29.124,0.0,-0.1,0.0,0.1874024083997938
1790077088.5785291,150717.0,55.608,15.231,-175.14,-0.005,-0.828,3.851,-0.838,0.15,0.548,100.933,-30.804,29.124,-0.1,0.0,0.0,0.1874024083997938
1790077088.5914829,150723.0,55.607,15.241,-175.12,0.04,-0.755,3.905,-0.839,0.15,0.547,100.933,-30.804,29.136,0.0,0.0,0.0,0.1874024083997938
1790077088.5916202,150729.0,55.606,15.263,-175.076,0.178,-0.733,3.992,-0.84,0.152,0.546,100.933,-30.804,29.136,-0.1,0.1,0.0,0.1874024083997938
1790077088.5956311,150734.0,55.606,15.277,-175.053,0.25,-0.727,4.029,-0.84,0.154,0.545,100.933,-30.804,29.124,-0.1,0.0,0.0,0.1874024083997938
1790077088.613324,150740.0,55.606,15.291,-175.03,0.308,-0.729,4.069,-0.84,0.155,0.545,100.933,-30.804,29.124,0.0,-0.1,0.0,0.1874024083997938
1790077088.6238039,150745.0,55.605,15.306,-175.006,0.348,-0.74,4.086,-0.84,0.156,0.544,100.933,-30.804,29.136,-0.3,0.1,0.0,0.1874024083997938
1790077088.62396,150750.0,55.605,15.321,-174.982,0.388,-0.758,4.089,-0.84,0.156,0.544,100.933,-30.804,29.136,0.0,0.1,0.0,0.1874024083997938
1790077088.624237,150756.0,55.604,15.337,-174.957,0.418,-0.753,4.099,-0.84,0.157,0.545,100.933,-30.804,29.124,0.0,0.0,0.0,0.1874024083997938
1790077088.624279,150761.0,55.603,15.352,-174.933,0.471,-0.751,4.101,-0.84,0.156,0.545,100.933,-30.804,29.136,0.3,0.3,0.0,0.1874024083997938
1790077088.627854,150766.0,55.603,15.368,-174.909,0.538,-0.748,4.12,-0.839,0.156,0.546,100.933,-30.804,29.124,-0.1,-0.1,0.0,0.1874024083997938
1790077088.633943,150772.0,55.602,15.384,-174.885,0.62,-0.728,4.152,-0.839,0.155,0.547,100.933,-30.804,29.136,0.1,-0.1,0.0,0.1874024083997938
1790077088.639248,150778.0,55.601,15.399,-174.862,0.726,-0.692,4.174,-0.839,0.153,0.548,100.933,-30.804,29.136,0.0,0.0,0.0,0.1904024083997938
1790077088.644232,150783.0,55.6,15.415,-174.839,0.789,-0.64,4.206,-0.839,0.151,0.549,100.933,-30.804,29.136,-0.1,0.1,0.0,0.1904024083997938
1790077088.6536949,150788.0,55.599,15.43,-174.816,0.832,-0.61,4.227,-0.84,0.15,0.55,100.933,-30.804,29.136,0.0,0.0,0.0,0.19220677499979502
1790077088.65521,150794.0,55.597,15.461,-174.77,0.95,-0.539,4.302,-0.84,0.149,0.552,100.933,-30.804,29.136,0.2,-0.1,0.0,0.19220677499979502
1790077088.660288,150799.0,55.597,15.461,-174.77,0.95,-0.539,4.302,-0.84,0.149,0.552,100.933,-30.804,29.124,-0.2,-0.2,0.0,0.1945772416991531
1790077088.6712298,150804.0,55.596,15.494,-174.723,1.055,-0.449,4.367,-0.841,0.149,0.554,100.933,-30.804,29.136,0.0,0.1,0.0,0.1945772416991531
1790077088.671298,150810.0,55.596,15.511,-174.7,1.111,-0.389,4.385,-0.841,0.149,0.554,100.933,-30.804,29.136,0.0,0.0,0.0,0.1945772416991531
1790077088.677122,150815.0,55.596,15.529,-174.675,1.17,-0.327,4.395,-0.841,0.15,0.553,100.933,-30.804,29.136,0.1,0.0,0.0,0.19695995840011166
1790077088.695319,150821.0,55.596,15.548,-174.651,1.202,-0.282,4.408,-0.841,0.151,0.553,100.933,-30.804,29.136,0.0,-0.1,0.0,0.19695995840011166
1790077088.69553,150827.0,55.596,15.567,-174.625,1.249,-0.229,4.44,-0.841,0.152,0.552,100.933,-30.804,29.136,0.0,0.2,0.0,0.19695995840011166
1790077088.695581,150833.0,55.597,15.588,-174.599,1.275,-0.194,4.466,-0.841,0.153,0.551,100.933,-30.804,29.136,0.0,0.0,0.0,0.19695995840011166
1790077088.703818,150839.0,55.598,15.608,-174.573,1.298,-0.205,4.484,-0.84,0.153,0.55,100.933,-30.804,29.136,0.1,0.1,0.0,0.19695995840011166
1790077088.705906,150844.0,55.6,15.651,-174.52,1.373,-0.159,4.471,-0.84,0.153,0.548,100.933,-30.804,29.136,0.1,0.0,0.0,0.19695995840011166
1790077088.711531,150849.0,55.6,15.651,-174.52,1.373,-0.159,4.471,-0.84,0.153,0.548,100.933,-30.804,29.124,0.0,-0.1,0.0,0.1994674541987479
1790077088.7200708,150855.0,55.602,15.693,-174.466,1.421,-0.138,4.504,-0.839,0.153,0.547,100.933,-30.804,29.136,-0.2,0.1,0.0,0.1994674541987479
1790077088.723213,150861.0,55.604,15.715,-174.44,1.468,-0.133,4.499,-0.839,0.153,0.547,100.933,-30.804,29.136,0.0,0.0,0.0,0.1994674541987479
1790077088.729219,150868.0,55.605,15.737,-174.413,1.484,-0.14,4.504,-0.839,0.153,0.547,100.933,-30.804,29.136,0.0,0.2,0.0,0.20183048339968082
1790077088.738915,150873.0,55.606,15.759,-174.387,1.479,-0.149,4.518,-0.839,0.153,0.548,100.933,-30.804,29.136,-0.3,0.0,0.0,0.20183048339968082
1790077088.739588,150878.0,55.607,15.78,-174.36,1.475,-0.144,4.535,-0.84,0.153,0.548,100.933,-30.804,29.136,0.1,0.0,0.0,0.20183048339968082
1790077088.7453692,150884.0,55.61,15.824,-174.307,1.497,-0.078,4.543,-0.841,0.153,0.548,100.933,-30.804,29.136,0.2,0.0,0.0,0.20183048339968082
1790077088.754445,150890.0,55.61,15.824,-174.307,1.497,-0.078,4.543,-0.841,0.153,0.548,100.933,-30.804,29.136,-0.2,0.0,0.0,0.20429275419883197
1790077088.756244,150895.0,55.614,15.868,-174.253,1.472,-0.013,4.553,-0.842,0.154,0.548,100.932,-30.804,29.136,0.3,0.0,0.0,0.20429275419883197
1790077088.761568,150900.0,55.616,15.89,-174.225,1.461,-0.004,4.569,-0.842,0.154,0.548,100.932,-30.804,29.136,0.0,0.1,0.0,0.20429275419883197
1790077088.770005,150906.0,55.617,15.912,-174.198,1.448,-0.026,4.559,-0.843,0.155,0.548,100.932,-30.804,29.136,0.1,0.2,0.0,0.20429275419883197
1790077088.77342,150911.0,55.619,15.934,-174.171,1.419,-0.027,4.583,-0.843,0.155,0.548,100.932,-30.804,29.136,0.0,-0.1,0.0,0.20429275419883197
1790077088.778952,150918.0,55.621,15.956,-174.143,1.382,-0.017,4.595,-0.843,0.156,0.547,100.932,-30.804,29.136,0.0,0.0,0.0,0.20690274590015179
1790077088.785782,150924.0,55.625,16.0,-174.088,1.28,-0.022,4.537,-0.841,0.156,0.546,100.932,-30.804,29.136,-0.1,0.0,0.0,0.20690274590015179
1790077088.7912478,150930.0,55.627,16.02,-174.061,1.231,-0.037,4.52,-0.841,0.156,0.546,100.932,-30.804,29.136,0.2,-0.1,0.0,0.20690274590015179
1790077088.79717,150936.0,55.629,16.041,-174.034,1.187,-0.047,4.515,-0.84,0.155,0.546,100.932,-30.804,29.136,-0.2,-0.1,0.0,0.20690274590015179
1790077088.8080268,150941.0,55.631,16.06,-174.008,1.153,-0.074,4.496,-0.84,0.155,0.546,100.932,-30.804,29.136,-0.1,0.1,0.0,0.20690274590015179
1790077088.808516,150947.0,55.632,16.079,-173.982,1.102,-0.071,4.46,-0.84,0.155,0.546,100.932,-30.804,29.136,0.3,-0.1,0.0,0.20690274590015179
1790077088.81367,150952.0,55.634,16.098,-173.957,1.046,-0.046,4.437,-0.839,0.155,0.547,100.932,-30.804,29.136,-0.1,0.1,0.0,0.20941001669998516
1790077088.825908,150958.0,55.636,16.116,-173.931,1.006,-0.032,4.414,-0.839,0.155,0.547,100.933,-30.804,29.136,-0.1,-0.1,0.0,0.20941001669998516
1790077088.825998,150964.0,55.639,16.15,-173.882,0.917,0.042,4.329,-0.839,0.155,0.548,100.933,-30.804,29.136,0.1,0.0,0.0,0.20941001669998516
1790077088.830854,150969.0,55.639,16.15,-173.882,0.917,0.042,4.329,-0.839,0.155,0.548,100.933,-30.804,29.136,0.2,0.0,0.0,0.20941001669998516
1790077088.836286,150975.0,55.644,16.183,-173.834,0.825,0.1,4.207,-0.839,0.156,0.548,100.933,-30.804,29.148,-0.1,0.4,0.0,0.20941001669998516
1790077088.842027,150981.0,55.646,16.198,-173.81,0.793,0.135,4.152,-0.839,0.156,0.548,100.933,-30.804,29.136,0.2,0.0,0.0,0.21234354589978466
1790077088.848536,150987.0,55.649,16.213,-173.787,0.742,0.186,4.112,-0.839,0.156,0.548,100.933,-30.804,29.136,-0.1,0.1,0.0,0.21234354589978466
1790077088.854174,150993.0,55.652,16.228,-173.764,0.689,0.231,4.064,-0.839,0.156,0.549,100.933,-30.804,29.136,-0.2,0.0,0.0,0.21234354589978466
1790077088.8738601,150998.0,55.655,16.242,-173.741,0.677,0.273,4.026,-0.839,0.157,0.549,100.933,-30.804,29.136,0.0,0.0,0.0,0.21454379169881577
1790077088.873916,151004.0,55.662,16.269,-173.697,0.612,0.288,3.88,-0.839,0.156,0.549,100.933,-30.804,29.136,0.0,0.0,0.0,0.21454379169881577
1790077088.873976,151009.0,55.665,16.281,-173.676,0.569,0.292,3.829,-0.838,0.156,0.549,100.933,-30.804,29.136,0.1,0.0,0.0,0.21454379169881577
1790077088.8762372,151015.0,55.669,16.292,-173.656,0.532,0.307,3.756,-0.838,0.156,0.548,100.933,-30.804,29.136,0.2,0.1,0.0,0.21454379169881577
1790077088.886555,151021.0,55.669,16.292,-173.656,0.532,0.307,3.756,-0.838,0.156,0.548,100.933,-30.804,29.136,0.0,0.0,0.0,0.21714836669998477
1790077088.88711,151026.0,55.677,16.313,-173.616,0.446,0.381,3.647,-0.838,0.156,0.548,100.933,-30.804,29.136,-0.4,0.0,0.0,0.21714836669998477
1790077088.892129,151031.0,55.681,16.323,-173.597,0.405,0.387,3.593,-0.837,0.156,0.547,100.933,-30.804,29.136,0.1,0.1,0.0,0.21714836669998477
1790077088.8993979,151038.0,55.685,16.332,-173.579,0.361,0.383,3.565,-0.837,0.156,0.547,100.933,-30.804,29.136,0.2,-0.1,0.0,0.21714836669998477
1790077088.904672,151043.0,55.69,16.341,-173.56,0.318,0.364,3.547,-0.837,0.156,0.546,100.933,-30.804,29.136,0.0,0.1,0.0,0.21714836669998477
1790077088.910107,151049.0,55.694,16.35,-173.542,0.247,0.363,3.506,-0.838,0.156,0.546,100.933,-30.804,29.136,0.0,-0.1,0.0,0.2194344374991488
1790077088.922217,151054.0,55.699,16.358,-173.523,0.154,0.35,3.483,-0.838,0.157,0.545,100.933,-30.804,29.136,0.0,-0.1,0.0,0.2194344374991488
1790077088.922349,151059.0,55.709,16.373,-173.487,-0.029,0.313,3.374,-0.839,0.158,0.543,100.933,-30.804,29.136,0.0,-0.1,0.0,0.2194344374991488
1790077088.925323,151064.0,55.709,16.373,-173.487,-0.029,0.313,3.374,-0.839,0.158,0.543,100.933,-30.804,29.136,0.1,0.0,0.0,0.22195867089903915
1790077088.9374661,151070.0,55.718,16.385,-173.452,-0.171,0.238,3.262,-0.839,0.159,0.542,100.933,-30.804,29.136,-0.1,0.0,0.0,0.22195867089903915
1790077088.93754,151076.0,55.723,16.39,-173.435,-0.211,0.163,3.182,-0.84,0.16,0.542,100.933,-30.804,29.136,0.1,0.1,0.0,0.22195867089903915
1790077088.9420328,151081.0,55.728,16.395,-173.419,-0.255,0.087,3.106,-0.84,0.16,0.541,100.933,-30.804,29.136,-0.3,0.0,0.0,0.22195867089903915
1790077088.9771001,151086.0,55.732,16.398,-173.404,-0.313,0.027,3.026,-0.84,0.16,0.54,100.933,-30.804,29.136,0.0,0.0,0.0,0.22415830419922714
1790077088.9774468,151092.0,55.736,16.4,-173.39,-0.383,-0.035,2.953,-0.84,0.16,0.54,100.933,-30.804,29.136,0.0,-0.1,0.0,0.22415830419922714
1790077088.977501,151098.0,55.741,16.402,-173.376,-0.471,-0.088,2.902,-0.84,0.16,0.54,100.933,-30.804,29.136,0.0,0.1,0.0,0.22415830419922714
1790077088.978513,151104.0,55.748,16.402,-173.351,-0.679,-0.2,2.805,-0.841,0.159,0.54,100.933,-30.804,29.136,0.0,-0.1,0.0,0.22415830419922714
1790077088.978622,151109.0,55.752,16.4,-173.339,-0.743,-0.246,2.751,-0.841,0.159,0.54,100.933,-30.804,29.136,-0.1,0.1,0.0,0.22415830419922714
1790077088.978661,151115.0,55.755,16.398,-173.328,-0.789,-0.3,2.7,-0.841,0.159,0.54,100.933,-30.804,29.136,0.0,-0.1,0.0,0.22415830419922714
1790077088.991694,151120.0,55.755,16.398,-173.328,-0.789,-0.3,2.7,-0.841,0.159,0.54,100.933,-30.804,29.148,-0.1,0.2,0.0,0.22415830419922714
1790077088.991772,151126.0,55.762,16.391,-173.308,-0.868,-0.398,2.584,-0.841,0.159,0.541,100.933,-30.804,29.136,0.0,-0.1,0.0,0.22415830419922714
1790077088.993654,151132.0,55.765,16.387,-173.298,-0.923,-0.464,2.536,-0.841,0.159,0.541,100.933,-30.804,29.136,-0.2,0.0,0.0,0.22715830419922714
1790077088.998944,151137.0,55.767,16.382,-173.29,-0.983,-0.52,2.478,-0.842,0.16,0.541,100.933,-30.804,29.136,0.0,0.0,0.0,0.22739707500004444
1790077089.00492,151143.0,55.77,16.376,-173.282,-1.051,-0.574,2.399,-0.842,0.16,0.541,100.933,-30.804,29.136,-0.1,0.0,0.0,0.22739707500004444
1790077089.010468,151149.0,55.773,16.36,-173.268,-1.212,-0.759,2.288,-0.842,0.16,0.542,100.932,-30.804,29.136,0.3,0.0,0.0,0.229793020899524
1790077089.021395,151154.0,55.774,16.351,-173.262,-1.25,-0.82,2.219,-0.842,0.16,0.542,100.932,-30.804,29.136,0.0,0.0,0.0,0.229793020899524
1790077089.0215669,151160.0,55.776,16.342,-173.256,-1.276,-0.819,2.172,-0.841,0.16,0.542,100.932,-30.804,29.136,-0.1,0.0,0.0,0.229793020899524
1790077089.044395,151165.0,55.777,16.333,-173.251,-1.317,-0.833,2.133,-0.841,0.16,0.542,100.932,-30.804,29.136,0.0,0.0,0.0,0.2319329874997493
1790077089.0444841,151171.0,55.778,16.322,-173.246,-1.351,-0.867,2.065,-0.84,0.16,0.543,100.932,-30.804,29.148,-0.1,0.2,0.0,0.2319329874997493
1790077089.044568,151177.0,55.779,16.311,-173.242,-1.379,-0.88,2.018,-0.84,0.16,0.543,100.932,-30.804,29.136,0.0,0.0,0.0,0.2319329874997493
1790077089.079427,151182.0,55.779,16.3,-173.238,-1.423,-0.896,1.994,-0.839,0.16,0.543,100.932,-30.804,29.148,0.0,0.1,0.0,0.2319329874997493
1790077089.112472,151188.0,55.78,16.288,-173.235,-1.458,-0.895,1.962,-0.838,0.16,0.544,100.932,-30.804,29.148,0.0,0.0,0.0,0.2377206249992014
1790077089.112658,151193.0,55.78,16.276,-173.232,-1.48,-0.882,1.916,-0.838,0.16,0.544,100.932,-30.804,29.148,0.0,0.3,0.0,0.2377206249992014
1790077089.112787,151199.0,55.782,16.249,-173.227,-1.556,-0.868,1.851,-0.838,0.158,0.545,100.932,-30.804,29.148,0.0,0.0,0.0,0.2377206249992014
1790077089.1128142,151204.0,55.782,16.249,-173.227,-1.556,-0.868,1.851,-0.838,0.158,0.545,100.932,-30.804,29.148,-0.1,0.0,0.0,0.2377206249992014
1790077089.1128361,151209.0,55.783,16.22,-173.224,-1.613,-0.871,1.798,-0.837,0.157,0.546,100.933,-30.804,29.148,0.0,0.1,0.0,0.2377206249992014
1790077089.112858,151214.0,55.783,16.205,-173.223,-1.604,-0.871,1.785,-0.838,0.156,0.546,100.933,-30.804,29.136,0.0,-0.1,0.0,0.2377206249992014
1790077089.1128802,151220.0,55.784,16.189,-173.223,-1.625,-0.836,1.755,-0.838,0.156,0.547,100.933,-30.804,29.148,-0.2,0.0,0.0,0.2377206249992014
1790077089.1129012,151226.0,55.785,16.173,-173.222,-1.637,-0.783,1.744,-0.839,0.155,0.547,100.933,-30.804,29.148,0.0,0.1,0.0,0.2377206249992014
1790077089.112951,151231.0,55.787,16.158,-173.221,-1.621,-0.764,1.754,-0.839,0.155,0.546,100.933,-30.804,29.136,0.1,-0.2,0.0,0.2377206249992014
1790077089.112989,151236.0,55.788,16.143,-173.22,-1.591,-0.793,1.763,-0.84,0.155,0.546,100.933,-30.804,29.148,-0.2,0.0,0.0,0.2377206249992014
1790077089.113014,151242.0,55.79,16.128,-173.22,-1.555,-0.826,1.763,-0.841,0.156,0.546,100.933,-30.804,29.136,0.1,-0.2,0.0,0.2377206249992014
1790077089.11308,151248.0,55.791,16.113,-173.219,-1.519,-0.854,1.736,-0.842,0.156,0.545,100.933,-30.804,29.148,0.2,0.1,0.0,0.2377206249992014
1790077089.119848,151253.0,55.792,16.099,-173.218,-1.522,-0.879,1.716,-0.842,0.156,0.544,100.933,-30.804,29.148,0.0,0.2,0.0,0.2377206249992014
1790077089.120286,151259.0,55.795,16.071,-173.215,-1.478,-0.929,1.752,-0.842,0.157,0.544,100.933,-30.804,29.148,0.0,0.0,0.0,0.2377206249992014
1790077089.130334,151265.0,55.796,16.057,-173.214,-1.454,-0.953,1.751,-0.842,0.157,0.543,100.933,-30.804,29.148,0.0,0.3,0.0,0.2407206249992014
1790077089.171103,151271.0,55.797,16.044,-173.212,-1.428,-0.978,1.737,-0.841,0.157,0.543,100.934,-30.804,29.148,0.0,0.0,0.0,0.2407206249992014
1790077089.1711879,151277.0,55.798,16.03,-173.211,-1.389,-1.006,1.728,-0.841,0.157,0.543,100.934,-30.792,29.148,0.3,0.0,0.0,0.2407206249992014
1790077089.171221,151282.0,55.799,16.017,-173.21,-1.34,-1.034,1.722,-0.84,0.156,0.543,100.934,-30.804,29.148,-0.3,0.0,0.0,0.2407206249992014
1790077089.1724539,151288.0,55.8,16.003,-173.21,-1.283,-1.029,1.722,-0.84,0.156,0.543,100.934,-30.804,29.148,-0.2,0.0,0.0,0.2407206249992014
1790077089.172553,151293.0,55.8,15.99,-173.209,-1.24,-1.006,1.724,-0.839,0.156,0.543,100.934,-30.804,29.148,0.0,0.0,0.0,0.2407206249992014
1790077089.1725829,151299.0,55.801,15.964,-173.207,-1.165,-1.018,1.768,-0.839,0.155,0.544,100.934,-30.804,29.148,-0.1,0.2,0.0,0.2407206249992014
1790077089.172639,151305.0,55.802,15.952,-173.206,-1.13,-1.017,1.815,-0.84,0.155,0.544,100.934,-30.804,29.148,0.1,0.0,0.0,0.2407206249992014
1790077089.172875,151310.0,55.802,15.94,-173.204,-1.107,-1.035,1.824,-0.84,0.155,0.544,100.934,-30.804,29.148,0.1,0.0,0.0,0.2407206249992014
1790077089.187519,151315.0,55.803,15.928,-173.203,-1.072,-1.079,1.835,-0.841,0.154,0.544,100.934,-30.804,29.148,0.0,0.1,0.0,0.2448999666988384
1790077089.1879191,151321.0,55.803,15.917,-173.201,-1.009,-1.14,1.867,-0.841,0.154,0.543,100.934,-30.804,29.148,-0.2,0.0,0.0,0.2448999666988384
1790077089.192436,151327.0,55.803,15.905,-173.2,-0.97,-1.173,1.907,-0.842,0.154,0.543,100.934,-30.804,29.148,0.1,-0.2,0.0,0.24708865419961512
1790077089.193911,151332.0,55.803,15.895,-173.198,-0.94,-1.171,1.935,-0.842,0.154,0.543,100.933,-30.804,29.148,0.0,0.0,0.0,0.24708865419961512
1790077089.199435,151338.0,55.803,15.885,-173.195,-0.878,-1.157,1.964,-0.842,0.154,0.543,100.933,-30.804,29.148,-0.2,0.1,0.0,0.24708865419961512
1790077089.205642,151344.0,55.803,15.866,-173.19,-0.831,-1.232,1.989,-0.842,0.155,0.542,100.933,-30.804,29.148,0.0,0.0,0.0,0.24708865419961512
1790077089.2112288,151350.0,55.803,15.857,-173.187,-0.801,-1.244,1.992,-0.842,0.155,0.541,100.933,-30.804,29.148,-0.1,0.0,0.0,0.24953445839928465
1790077089.216502,151355.0,55.803,15.849,-173.183,-0.761,-1.228,2.0,-0.841,0.155,0.541,100.933,-30.804,29.148,0.1,0.0,0.0,0.24953445839928465
1790077089.227351,151361.0,55.803,15.841,-173.18,-0.704,-1.195,2.027,-0.841,0.155,0.541,100.933,-30.804,29.148,-0.2,0.0,0.0,0.25187892919930166
1790077089.228564,151367.0,55.803,15.833,-173.176,-0.646,-1.175,2.069,-0.841,0.155,0.542,100.933,-30.804,29.148,0.1,0.0,0.0,0.25187892919930166
1790077089.236019,151373.0,55.803,15.826,-173.172,-0.628,-1.19,2.091,-0.841,0.155,0.542,100.933,-30.804,29.148,0.0,0.0,0.0,0.25187892919930166
1790077089.239851,151378.0,55.803,15.818,-173.168,-0.615,-1.244,2.111,-0.841,0.154,0.542,100.933,-30.804,29.148,0.0,0.0,0.0,0.25187892919930166
1790077089.245225,151384.0,55.801,15.804,-173.16,-0.537,-1.309,2.242,-0.84,0.152,0.543,100.933,-30.804,29.148,0.2,-0.1,0.0,0.25187892919930166
1790077089.250541,151389.0,55.799,15.797,-173.156,-0.466,-1.34,2.318,-0.84,0.151,0.543,100.933,-30.804,29.16,0.0,0.1,0.0,0.25187892919930166
1790077089.256139,151395.0,55.798,15.791,-173.152,-0.374,-1.345,2.385,-0.84,0.15,0.544,100.934,-30.804,29.16,0.0,0.1,0.0,0.2543855833995622
1790077089.261676,151400.0,55.797,15.785,-173.147,-0.265,-1.301,2.449,-0.841,0.149,0.544,100.934,-30.804,29.148,0.1,0.0,0.0,0.2543855833995622
1790077089.267173,151406.0,55.795,15.781,-173.141,-0.184,-1.288,2.513,-0.842,0.149,0.544,100.934,-30.804,29.16,0.0,0.1,0.0,0.2543855833995622
1790077089.273311,151411.0,55.794,15.777,-173.135,-0.102,-1.294,2.577,-0.843,0.149,0.545,100.934,-30.804,29.148,0.0,-0.1,0.0,0.2543855833995622
1790077089.2784278,151417.0,55.793,15.774,-173.129,-0.033,-1.279,2.64,-0.844,0.15,0.545,100.934,-30.804,29.16,-0.3,0.0,0.0,0.25689565840002615
1790077089.284605,151423.0,55.791,15.773,-173.121,0.001,-1.317,2.721,-0.845,0.15,0.545,100.934,-30.804,29.148,-0.1,-0.2,0.0,0.25689565840002615
1790077089.290145,151429.0,55.79,15.772,-173.113,0.06,-1.376,2.785,-0.846,0.151,0.545,100.934,-30.804,29.148,0.1,0.0,0.0,0.25689565840002615
1790077089.29581,151434.0,55.786,15.772,-173.095,0.156,-1.497,2.852,-0.847,0.152,0.542,100.934,-30.804,29.16,0.0,0.2,0.0,0.25689565840002615
1790077089.305671,151439.0,55.784,15.774,-173.085,0.179,-1.548,2.896,-0.848,0.153,0.542,100.934,-30.804,29.16,-0.2,0.0,0.0,0.25689565840002615
1790077089.3061042,151445.0,55.782,15.776,-173.075,0.197,-1.602,2.912,-0.848,0.154,0.542,100.934,-30.804,29.148,0.0,0.0,0.0,0.2593941166996956
1790077089.311181,151450.0,55.782,15.776,-173.075,0.197,-1.602,2.912,-0.848,0.154,0.542,100.934,-30.804,29.16,-0.1,0.0,0.0,0.2593941166996956
1790077089.318112,151456.0,55.776,15.781,-173.054,0.275,-1.699,2.99,-0.847,0.156,0.544,100.933,-30.804,29.16,0.0,0.0,0.0,0.2593941166996956
1790077089.3245802,151462.0,55.772,15.784,-173.043,0.313,-1.722,3.015,-0.846,0.156,0.545,100.933,-30.804,29.16,0.1,0.1,0.0,0.2593941166996956
1790077089.329928,151468.0,55.768,15.788,-173.032,0.37,-1.673,3.023,-0.845,0.156,0.546,100.933,-30.804,29.16,0.0,0.1,0.0,0.2619285583990859
1790077089.3356318,151474.0,55.761,15.795,-173.011,0.497,-1.566,3.019,-0.844,0.155,0.548,100.933,-30.804,29.16,0.0,0.0,0.0,0.2619285583990859
1790077089.3414552,151480.0,55.757,15.799,-173.0,0.581,-1.5,3.011,-0.843,0.155,0.55,100.933,-30.804,29.16,0.1,0.0,0.0,0.2619285583990859
1790077089.347428,151486.0,55.753,15.804,-172.99,0.65,-1.44,2.993,-0.842,0.155,0.55,100.933,-30.804,29.16,0.0,-0.2,0.0,0.2619285583990859
1790077089.356559,151491.0,55.749,15.808,-172.98,0.695,-1.41,2.975,-0.842,0.154,0.551,100.933,-30.804,29.16,0.0,0.0,0.0,0.26447018749895507
1790077089.358884,151497.0,55.746,15.812,-172.969,0.748,-1.367,2.972,-0.841,0.154,0.551,100.933,-30.804,29.16,0.0,0.2,0.0,0.26447018749895507
1790077089.364117,151503.0,55.743,15.817,-172.959,0.827,-1.298,2.955,-0.841,0.154,0.551,100.933,-30.804,29.16,-0.1,0.3,0.0,0.26447018749895507
1790077089.3706439,151509.0,55.737,15.828,-172.938,0.903,-1.166,2.908,-0.841,0.155,0.55,100.933,-30.804,29.16,0.2,-0.1,0.0,0.26447018749895507
1790077089.375183,151514.0,55.737,15.828,-172.938,0.903,-1.166,2.908,-0.841,0.155,0.55,100.933,-30.804,29.16,-0.1,0.0,0.0,0.2669795666995924
1790077089.3959858,151520.0,55.736,15.833,-172.928,0.917,-1.068,2.874,-0.841,0.156,0.55,100.933,-30.804,29.172,0.2,0.0,0.0,0.2669795666995924
1790077089.3960562,151526.0,55.733,15.846,-172.906,0.941,-0.911,2.842,-0.842,0.157,0.549,100.933,-30.804,29.172,0.2,0.2,0.0,0.2669795666995924
1790077089.396084,151531.0,55.733,15.853,-172.895,0.953,-0.864,2.831,-0.842,0.158,0.549,100.933,-30.804,29.16,-0.1,-0.1,0.0,0.2669795666995924
1790077089.4062989,151538.0,55.732,15.859,-172.883,0.954,-0.807,2.806,-0.842,0.158,0.549,100.933,-30.804,29.172,0.1,0.2,0.0,0.2669795666995924
1790077089.406376,151543.0,55.732,15.867,-172.872,0.968,-0.735,2.791,-0.842,0.158,0.549,100.933,-30.804,29.172,0.0,0.0,0.0,0.2669795666995924
1790077089.409722,151548.0,55.733,15.874,-172.86,0.983,-0.678,2.773,-0.842,0.159,0.549,100.933,-30.804,29.16,0.0,0.0,0.0,0.26948351669998377
1790077089.4153259,151554.0,55.734,15.887,-172.838,0.962,-0.584,2.732,-0.842,0.158,0.549,100.933,-30.804,29.172,-0.2,0.3,0.0,0.26948351669998377
1790077089.421118,151560.0,55.735,15.894,-172.827,0.935,-0.566,2.707,-0.842,0.158,0.549,100.933,-30.804,29.172,0.2,0.0,0.0,0.26948351669998377
1790077089.4270551,151566.0,55.736,15.9,-172.816,0.913,-0.508,2.683,-0.841,0.157,0.549,100.933,-30.804,29.172,0.0,0.0,0.0,0.2720245499993325
1790077089.437269,151571.0,55.737,15.905,-172.806,0.871,-0.45,2.666,-0.841,0.157,0.549,100.933,-30.804,29.172,-0.1,0.0,0.0,0.2720245499993325
1790077089.438446,151577.0,55.739,15.91,-172.796,0.846,-0.388,2.647,-0.84,0.156,0.549,100.933,-30.804,29.172,0.0,0.2,0.0,0.2720245499993325
1790077089.444167,151583.0,55.741,15.915,-172.785,0.852,-0.314,2.644,-0.84,0.156,0.549,100.933,-30.804,29.172,0.0,0.0,0.0,0.2720245499993325
1790077089.452121,151588.0,55.744,15.92,-172.775,0.853,-0.231,2.643,-0.839,0.155,0.549,100.933,-30.804,29.184,0.1,0.3,0.0,0.2720245499993325
1790077089.455195,151594.0,55.749,15.93,-172.755,0.87,-0.049,2.576,-0.837,0.155,0.549,100.933,-30.804,29.184,0.3,0.3,0.0,0.2720245499993325
1790077089.4601479,151599.0,55.749,15.93,-172.755,0.87,-0.049,2.576,-0.837,0.155,0.549,100.933,-30.804,29.172,-0.4,0.0,0.0,0.27425992919888814
1790077089.473737,151605.0,55.756,15.94,-172.735,0.816,0.055,2.585,-0.837,0.155,0.549,100.933,-30.804,29.184,0.0,0.0,0.0,0.27425992919888814
1790077089.473968,151611.0,55.76,15.944,-172.724,0.797,0.122,2.585,-0.837,0.154,0.548,100.933,-30.804,29.184,0.2,0.3,0.0,0.27425992919888814
1790077089.477233,151616.0,55.765,15.949,-172.714,0.782,0.181,2.594,-0.837,0.154,0.548,100.933,-30.804,29.184,0.1,0.2,0.0,0.27703145839914217
1790077089.4834728,151622.0,55.769,15.954,-172.703,0.75,0.203,2.568,-0.837,0.154,0.548,100.933,-30.804,29.196,-0.1,0.5,0.0,0.27703145839914217
1790077089.49147,151627.0,55.774,15.958,-172.693,0.728,0.241,2.542,-0.837,0.154,0.547,100.933,-30.804,29.196,-0.1,0.4,0.0,0.27703145839914217
1790077089.494584,151633.0,55.779,15.962,-172.682,0.704,0.305,2.547,-0.837,0.154,0.546,100.933,-30.804,29.208,0.0,0.5,0.0,0.27703145839914217
1790077089.5041301,151639.0,55.785,15.967,-172.671,0.688,0.362,2.568,-0.838,0.154,0.545,100.933,-30.804,29.208,0.0,0.7,0.0,0.27703145839914217
1790077089.5058408,151644.0,55.797,15.977,-172.648,0.576,0.39,2.595,-0.838,0.155,0.542,100.933,-30.804,29.208,0.0,0.6,0.0,0.27703145839914217
1790077089.511184,151650.0,55.797,15.977,-172.648,0.576,0.39,2.595,-0.838,0.155,0.542,100.933,-30.804,29.232,-0.1,0.9,0.0,0.2800314583991422
1790077089.520469,151656.0,55.811,15.988,-172.624,0.476,0.372,2.592,-0.837,0.156,0.539,100.933,-30.804,29.244,0.0,1.2,0.0,0.2801530583994463
1790077089.524161,151663.0,55.817,15.993,-172.611,0.405,0.367,2.594,-0.838,0.156,0.537,100.933,-30.804,29.256,-0.1,1.4,0.0,0.2801530583994463
1790077089.529751,151668.0,55.825,15.998,-172.599,0.351,0.329,2.582,-0.838,0.156,0.536,100.933,-30.804,29.268,0.0,1.3,0.0,0.2801530583994463
1790077089.535108,151674.0,55.838,16.006,-172.574,0.165,0.158,2.569,-0.84,0.156,0.534,100.933,-30.804,29.28,0.0,1.5,0.0,0.2801530583994463
1790077089.540807,151679.0,55.838,16.006,-172.574,0.165,0.158,2.569,-0.84,0.156,0.534,100.933,-30.804,29.292,-0.2,1.3,0.0,0.2822808791999705
1790077089.54672,151685.0,55.851,16.011,-172.55,-0.027,-0.038,2.647,-0.841,0.155,0.533,100.933,-30.804,29.292,0.0,0.9,0.0,0.2822808791999705
1790077089.552119,151691.0,55.856,16.013,-172.538,-0.124,-0.116,2.702,-0.842,0.155,0.533,100.933,-30.804,29.304,-0.1,1.2,0.0,0.2822808791999705
1790077089.558375,151696.0,55.861,16.015,-172.526,-0.247,-0.228,2.763,-0.842,0.154,0.533,100.933,-30.804,29.316,0.0,1.0,0.0,0.2846688916994026
1790077089.571462,151701.0,55.861,16.015,-172.526,-0.247,-0.228,2.763,-0.842,0.154,0.533,100.933,-30.804,29.316,0.2,1.0,0.0,0.2846688916994026
1790077089.571556,151707.0,55.869,16.016,-172.501,-0.53,-0.498,2.867,-0.842,0.154,0.534,100.933,-30.804,29.328,-0.1,1.1,0.0,0.2846688916994026
1790077089.5737548,151712.0,55.872,16.015,-172.489,-0.654,-0.593,2.901,-0.842,0.154,0.534,100.933,-30.804,29.34,0.0,1.0,0.0,0.2846688916994026
1790077089.578906,151718.0,55.874,16.014,-172.477,-0.753,-0.685,2.946,-0.841,0.154,0.535,100.933,-30.804,29.34,0.0,0.9,0.0,0.28669295419967966
1790077089.587157,151724.0,55.876,16.012,-172.451,-0.889,-0.822,3.031,-0.839,0.155,0.536,100.933,-30.804,29.352,0.0,1.1,0.0,0.28669295419967966
1790077089.591242,151730.0,55.876,16.01,-172.438,-0.945,-0.861,3.048,-0.838,0.155,0.537,100.933,-30.804,29.364,0.0,1.5,0.0,0.28669295419967966
1790077089.5972228,151736.0,55.876,16.008,-172.426,-0.992,-0.917,3.031,-0.837,0.155,0.538,100.933,-30.804,29.412,0.0,2.4,0.0,0.289040487499733
1790077089.6049879,151741.0,55.876,16.006,-172.413,-1.014,-0.91,3.016,-0.836,0.155,0.539,100.933,-30.804,29.436,0.0,3.0,0.0,0.289040487499733
1790077089.6090748,151748.0,55.875,16.003,-172.401,-0.988,-0.845,2.976,-0.836,0.155,0.541,100.933,-30.804,29.484,-0.2,3.9,0.0,0.289040487499733
1790077089.6201448,151753.0,55.875,16.001,-172.389,-0.917,-0.733,2.91,-0.835,0.155,0.543,100.933,-30.804,29.52,0.1,4.8,0.0,0.289040487499733
1790077089.6204422,151759.0,55.877,15.997,-172.367,-0.741,-0.378,2.741,-0.835,0.156,0.545,100.933,-30.804,29.58,0.0,5.8,0.0,0.289040487499733
1790077089.6264179,151765.0,55.877,15.997,-172.367,-0.741,-0.378,2.741,-0.835,0.156,0.545,100.933,-30.804,29.724,0.0,8.8,0.0,0.29187848750007106
1790077089.63294,151771.0,55.883,15.995,-172.345,-0.444,0.144,2.515,-0.836,0.157,0.546,100.934,-30.804,29.82,0.1,10.5,0.0,0.29187848750007106
1790077089.6385448,151777.0,55.888,15.995,-172.334,-0.272,0.429,2.364,-0.837,0.158,0.546,100.934,-30.804,29.928,-0.2,12.0,0.0,0.29187848750007106
1790077089.6455019,151782.0,55.895,15.995,-172.324,-0.08,0.738,2.222,-0.838,0.158,0.545,100.934,-30.804,30.048,0.1,13.6,0.0,0.29187848750007106
1790077089.663612,151788.0,55.905,15.997,-172.314,0.128,1.041,2.087,-0.839,0.159,0.544,100.934,-30.804,30.18,0.0,15.5,0.0,0.28587848750007105
1790077089.663785,151794.0,55.928,16.003,-172.296,0.613,1.651,1.803,-0.841,0.159,0.543,100.934,-30.804,30.324,0.0,16.9,0.0,0.28587848750007105
1790077089.663827,151799.0,55.943,16.007,-172.287,0.837,1.94,1.677,-0.843,0.159,0.541,100.934,-30.804,30.48,0.0,18.7,0.0,0.28587848750007105
1790077089.66688,151805.0,55.96,16.013,-172.278,1.022,2.139,1.561,-0.846,0.16,0.538,100.934,-30.804,30.792,0.0,21.0,0.0,0.28587848750007105
1790077089.675564,151811.0,55.978,16.02,-172.269,1.156,2.271,1.443,-0.848,0.161,0.536,100.934,-30.804,30.96,0.0,22.1,0.0,0.28587848750007105
1790077089.679573,151816.0,55.998,16.026,-172.26,1.235,2.432,1.34,-0.849,0.161,0.535,100.934,-30.804,31.14,-0.1,23.4,0.0,0.28287848750007105
1790077089.687226,151822.0,56.018,16.033,-172.252,1.304,2.652,1.29,-0.849,0.161,0.535,100.934,-30.804,31.332,0.0,24.3,0.0,0.27987848750007105
1790077089.688608,151827.0,56.039,16.04,-172.243,1.364,2.825,1.244,-0.85,0.161,0.534,100.934,-30.804,31.524,0.1,25.6,0.0,0.27987848750007105
1790077089.694788,151833.0,56.062,16.047,-172.235,1.421,2.929,1.204,-0.852,0.159,0.532,100.933,-30.804,31.728,0.0,26.7,0.0,0.27687848750007105
1790077089.700456,151839.0,56.108,16.063,-172.219,1.677,2.957,1.074,-0.854,0.159,0.53,100.933,-30.804,31.932,0.2,27.4,0.0,0.27687848750007105
1790077089.71134,151844.0,56.132,16.07,-172.213,1.762,2.895,1.023,-0.855,0.159,0.529,100.933,-30.804,32.136,-0.2,28.3,0.0,0.27387848750007104
1790077089.711431,151850.0,56.155,16.078,-172.206,1.786,2.897,1.028,-0.854,0.159,0.529,100.933,-30.804,32.592,0.2,30.4,0.0,0.27387848750007104
1790077089.7288718,151855.0,56.155,16.078,-172.206,1.786,2.897,1.028,-0.854,0.159,0.529,100.933,-30.804,32.82,0.1,31.4,0.0,0.26787848750007104
1790077089.728949,151861.0,56.202,16.093,-172.192,1.831,3.018,1.101,-0.855,0.156,0.528,100.933,-30.804,33.06,0.0,32.5,0.0,0.26787848750007104
1790077089.7289789,151866.0,56.226,16.101,-172.186,1.861,2.975,1.12,-0.855,0.155,0.526,100.933,-30.804,33.3,0.0,32.7,0.0,0.26787848750007104
1790077089.7385962,151871.0,56.249,16.108,-172.179,1.892,2.867,1.147,-0.855,0.153,0.525,100.933,-30.804,33.552,-0.1,33.7,0.0,0.26487848750007104
1790077089.738754,151877.0,56.272,16.115,-172.174,1.98,2.784,1.171,-0.852,0.152,0.526,100.933,-30.804,33.804,0.0,34.5,0.0,0.26487848750007104
1790077089.7439418,151882.0,56.294,16.123,-172.168,2.045,2.749,1.218,-0.851,0.152,0.527,100.933,-30.804,34.068,0.0,35.6,0.0,0.26187848750007103
1790077089.757393,151888.0,56.315,16.131,-172.161,2.064,2.712,1.271,-0.851,0.152,0.526,100.933,-30.804,34.32,0.0,35.7,0.0,0.25887848750007103
1790077089.75751,151894.0,56.337,16.139,-172.155,2.045,2.661,1.339,-0.851,0.151,0.525,100.933,-30.804,34.584,-0.1,37.1,0.0,0.25887848750007103
1790077089.761545,151899.0,56.357,16.147,-172.148,2.022,2.593,1.457,-0.849,0.15,0.526,100.933,-30.804,34.86,-0.2,37.7,0.0,0.25887848750007103
1790077089.77399,151904.0,56.397,16.165,-172.132,2.032,2.587,1.661,-0.849,0.151,0.528,100.933,-30.804,35.136,0.1,38.1,0.0,0.252878487500071
1790077089.7740748,151910.0,56.417,16.175,-172.122,2.067,2.517,1.719,-0.85,0.151,0.527,100.933,-30.804,35.688,-0.1,39.2,0.0,0.252878487500071
1790077089.776736,151915.0,56.436,16.186,-172.112,2.063,2.436,1.778,-0.85,0.152,0.527,100.933,-30.804,35.976,0.0,39.9,0.0,0.252878487500071
1790077089.7952151,151921.0,56.454,16.198,-172.102,1.999,2.433,1.884,-0.849,0.153,0.528,100.933,-30.804,36.252,0.0,40.0,0.0,0.24687848750007102
1790077089.795358,151926.0,56.472,16.209,-172.09,1.939,2.402,1.98,-0.85,0.153,0.528,100.933,-30.804,36.552,0.0,41.0,0.0,0.24687848750007102
1790077089.795393,151932.0,56.49,16.221,-172.078,1.864,2.305,2.072,-0.85,0.152,0.528,100.933,-30.804,36.828,0.3,41.1,0.0,0.24687848750007102
1790077089.799256,151938.0,56.507,16.233,-172.066,1.773,2.211,2.173,-0.849,0.152,0.527,100.933,-30.804,37.14,0.0,42.1,0.0,0.24687848750007102
1790077089.8051572,151943.0,56.523,16.244,-172.052,1.685,2.186,2.258,-0.848,0.152,0.529,100.933,-30.804,37.428,0.0,41.7,0.0,0.24687848750007102
1790077089.8101819,151949.0,56.538,16.256,-172.039,1.574,2.145,2.325,-0.847,0.152,0.529,100.933,-30.792,37.728,0.3,42.4,0.0,0.24387848750007102
1790077089.8239841,151955.0,56.568,16.279,-172.009,1.376,1.957,2.485,-0.847,0.153,0.528,100.933,-30.804,38.34,0.0,43.2,0.0,0.24087848750007101
1790077089.8240361,151961.0,56.582,16.291,-171.994,1.303,1.937,2.562,-0.847,0.154,0.529,100.933,-30.804,38.628,-0.2,43.0,0.0,0.24087848750007101
1790077089.8270779,151966.0,56.596,16.303,-171.978,1.213,1.853,2.622,-0.848,0.153,0.529,100.933,-30.804,38.928,-0.1,43.2,0.0,0.237878487500071
1790077089.833778,151972.0,56.609,16.314,-171.962,1.1,1.748,2.683,-0.849,0.153,0.529,100.933,-30.804,39.24,0.1,43.5,0.0,0.237878487500071
1790077089.839106,151978.0,56.622,16.324,-171.946,0.998,1.748,2.771,-0.849,0.153,0.53,100.933,-30.804,39.54,0.0,43.6,0.0,0.234878487500071
1790077089.84417,151983.0,56.634,16.335,-171.929,0.908,1.767,2.849,-0.848,0.151,0.533,100.933,-30.804,39.828,-0.2,43.4,0.0,0.234878487500071
1790077089.850894,151989.0,56.647,16.344,-171.913,0.852,1.735,2.9,-0.849,0.149,0.533,100.933,-30.804,40.128,0.2,43.6,0.0,0.231878487500071
1790077089.856205,151995.0,56.67,16.362,-171.881,0.783,1.549,2.991,-0.85,0.149,0.533,100.933,-30.804,40.716,0.0,43.4,0.0,0.228878487500071
1790077089.861274,152000.0,56.68,16.371,-171.864,0.697,1.49,3.043,-0.849,0.151,0.534,100.933,-30.804,41.016,0.0,43.4,0.0,0.228878487500071
1790077089.873606,152006.0,56.69,16.381,-171.846,0.557,1.492,3.077,-0.847,0.153,0.535,100.933,-30.804,41.304,-0.1,43.5,0.0,0.225878487500071
1790077089.8794959,152012.0,56.699,16.391,-171.827,0.432,1.499,3.113,-0.846,0.155,0.535,100.933,-30.804,41.604,0.0,43.1,0.0,0.222878487500071
1790077089.8795788,152017.0,56.709,16.402,-171.808,0.337,1.524,3.139,-0.845,0.157,0.535,100.933,-30.804,41.892,-0.3,42.8,0.0,0.222878487500071
1790077089.884361,152023.0,56.718,16.412,-171.788,0.242,1.517,3.118,-0.845,0.158,0.534,100.933,-30.804,42.168,0.3,42.4,0.0,0.222878487500071
1790077089.889316,152028.0,56.727,16.422,-171.768,0.156,1.455,3.049,-0.846,0.159,0.533,100.933,-30.804,42.456,0.0,42.2,0.0,0.222878487500071
1790077089.895156,152034.0,56.736,16.431,-171.749,0.086,1.4,2.977,-0.845,0.161,0.534,100.933,-30.804,42.744,0.0,41.9,0.0,0.219878487500071
1790077089.9074671,152040.0,56.752,16.448,-171.711,-0.145,1.364,2.847,-0.842,0.163,0.537,100.933,-30.804,43.296,0.0,41.5,0.0,0.216878487500071
1790077089.907557,152046.0,56.759,16.455,-171.693,-0.295,1.333,2.813,-0.843,0.163,0.538,100.933,-30.804,43.572,-0.2,41.0,0.0,0.216878487500071
1790077089.9149141,152053.0,56.767,16.46,-171.675,-0.419,1.332,2.808,-0.843,0.162,0.539,100.933,-30.804,43.848,-0.1,40.7,0.0,0.213878487500071
1790077089.9192011,152058.0,56.774,16.464,-171.659,-0.482,1.407,2.737,-0.843,0.161,0.541,100.933,-30.804,44.112,0.0,40.4,0.0,0.213878487500071
1790077089.924969,152063.0,56.782,16.468,-171.643,-0.517,1.469,2.63,-0.843,0.161,0.541,100.933,-30.804,44.376,0.2,39.9,0.0,0.210878487500071
1790077089.9302,152069.0,56.79,16.47,-171.628,-0.55,1.463,2.515,-0.844,0.162,0.542,100.933,-30.804,44.628,0.1,39.5,0.0,0.210878487500071
1790077089.936712,152074.0,56.798,16.471,-171.615,-0.564,1.443,2.416,-0.843,0.161,0.542,100.933,-30.804,44.892,0.1,39.4,0.0,0.20787848750007099
1790077089.9411762,152080.0,56.815,16.47,-171.59,-0.643,1.58,2.291,-0.844,0.158,0.543,100.933,-30.804,45.408,0.0,38.4,0.0,0.20487848750007098
1790077089.9472158,152086.0,56.824,16.468,-171.579,-0.741,1.604,2.257,-0.846,0.156,0.541,100.933,-30.804,45.648,0.0,37.9,0.0,0.20487848750007098
1790077089.954227,152092.0,56.834,16.465,-171.568,-0.821,1.657,2.211,-0.847,0.156,0.541,100.933,-30.804,45.9,0.1,37.8,0.0,0.20187848750007098
1790077089.958991,152097.0,56.844,16.46,-171.558,-0.853,1.717,2.15,-0.846,0.154,0.542,100.933,-30.804,46.14,0.0,36.7,0.0,0.20187848750007098
1790077089.970041,152103.0,56.854,16.455,-171.549,-0.881,1.739,2.104,-0.847,0.154,0.542,100.933,-30.804,46.38,0.0,36.3,0.0,0.19887848750007098
1790077089.9713311,152108.0,56.865,16.45,-171.54,-0.957,1.661,2.066,-0.848,0.154,0.541,100.933,-30.804,46.608,-0.1,35.8,0.0,0.19887848750007098
1790077089.976011,152114.0,56.874,16.444,-171.531,-1.04,1.595,2.042,-0.848,0.155,0.541,100.933,-30.804,46.836,-0.2,35.1,0.0,0.19587848750007097
1790077089.9811509,152120.0,56.894,16.431,-171.512,-1.214,1.689,2.131,-0.847,0.154,0.543,100.933,-30.804,47.256,0.2,33.3,0.0,0.19287848750007097
1790077089.986732,152125.0,56.904,16.425,-171.503,-1.279,1.658,2.129,-0.849,0.154,0.54,100.933,-30.804,47.472,-0.2,32.8,0.0,0.19287848750007097
1790077089.992532,152131.0,56.914,16.417,-171.494,-1.379,1.548,2.1,-0.849,0.153,0.538,100.933,-30.804,47.676,0.0,31.9,0.0,0.18987848750007097
1790077089.997036,152136.0,56.924,16.409,-171.485,-1.504,1.442,2.101,-0.848,0.154,0.538,100.933,-30.804,47.868,-0.2,31.0,0.0,0.18987848750007097
1790077090.003733,152142.0,56.932,16.401,-171.476,-1.623,1.378,2.127,-0.847,0.154,0.54,100.932,-30.804,48.072,0.0,30.8,0.0,0.18687848750007097
1790077090.009398,152148.0,56.941,16.391,-171.467,-1.738,1.352,2.174,-0.847,0.153,0.54,100.932,-30.804,48.252,0.2,29.4,0.0,0.18687848750007097
1790077090.023384,152154.0,56.949,16.381,-171.457,-1.834,1.317,2.208,-0.848,0.152,0.539,100.932,-30.804,48.408,0.0,28.4,0.0,0.18387848750007096
1790077090.023506,152159.0,56.958,16.371,-171.448,-1.902,1.228,2.199,-0.85,0.153,0.539,100.932,-30.804,48.6,-0.2,27.8,0.0,0.18387848750007096
1790077090.026075,152164.0,56.973,16.348,-171.432,-2.063,1.178,2.172,-0.848,0.152,0.543,100.932,-30.804,48.768,0.2,26.8,0.0,0.18087848750007096
1790077090.0304031,152169.0,56.98,16.335,-171.424,-2.114,1.158,2.162,-0.848,0.151,0.544,100.932,-30.804,48.924,0.0,25.8,0.0,0.18087848750007096
1790077090.036214,152175.0,56.98,16.335,-171.424,-2.114,1.158,2.162,-0.848,0.151,0.544,100.932,-30.804,49.236,-0.1,24.4,0.0,0.17787848750007096
1790077090.042135,152181.0,56.993,16.307,-171.41,-2.344,0.977,2.151,-0.849,0.15,0.542,100.932,-30.804,49.368,0.0,23.0,0.0,0.17487848750007096
1790077090.0470982,152186.0,56.999,16.292,-171.404,-2.449,0.949,2.119,-0.849,0.15,0.544,100.932,-30.804,49.5,0.0,21.5,0.0,0.17487848750007096
1790077090.0545511,152192.0,57.005,16.276,-171.397,-2.519,0.84,2.09,-0.85,0.15,0.542,100.932,-30.804,49.608,0.1,20.3,0.0,0.17187848750007095
1790077090.0585148,152197.0,57.011,16.26,-171.391,-2.644,0.657,2.076,-0.852,0.151,0.539,100.932,-30.804,49.728,0.0,19.3,0.0,0.17187848750007095
1790077090.0638652,152202.0,57.016,16.242,-171.385,-2.811,0.559,2.095,-0.85,0.151,0.54,100.934,-30.804,49.848,-0.1,18.7,0.0,0.16887848750007095
1790077090.0707,152208.0,57.02,16.225,-171.378,-2.973,0.589,2.132,-0.848,0.152,0.541,100.934,-30.804,49.956,0.0,17.8,0.0,0.16887848750007095
1790077090.0747578,152213.0,57.025,16.207,-171.371,-3.083,0.569,2.141,-0.85,0.152,0.539,100.934,-30.804,50.052,-0.2,16.7,0.0,0.16587848750007095
1790077090.0803761,152219.0,57.031,16.189,-171.365,-3.144,0.407,2.111,-0.852,0.152,0.535,100.934,-30.804,50.124,0.2,14.9,0.0,0.16287848750007095
1790077090.086658,152224.0,57.039,16.151,-171.352,-3.341,-0.072,2.002,-0.853,0.155,0.533,100.934,-30.804,50.208,0.3,13.8,0.0,0.16287848750007095
1790077090.090739,152229.0,57.041,16.131,-171.346,-3.502,-0.225,2.004,-0.852,0.156,0.535,100.934,-30.804,50.268,0.0,12.7,0.0,0.16287848750007095
1790077090.0961542,152235.0,57.041,16.131,-171.346,-3.502,-0.225,2.004,-0.852,0.156,0.535,100.934,-30.804,50.388,0.0,10.3,0.0,0.15987848750007094
1790077090.10209,152241.0,57.044,16.088,-171.336,-3.857,-0.348,2.049,-0.853,0.154,0.534,100.934,-30.804,50.424,0.0,8.9,0.0,0.15687848750007094
1790077090.1072772,152246.0,57.046,16.064,-171.331,-4.014,-0.548,2.052,-0.853,0.153,0.532,100.934,-30.804,50.46,0.2,7.6,0.0,0.15687848750007094
1790077090.120394,152252.0,57.046,16.039,-171.327,-4.127,-0.802,2.007,-0.853,0.153,0.533,100.934,-30.804,50.484,-0.3,5.9,0.0,0.15387848750007094
1790077090.120484,152258.0,57.044,16.012,-171.324,-4.24,-1.027,1.953,-0.852,0.153,0.534,100.934,-30.804,50.484,0.2,4.1,0.0,0.15387848750007094
1790077090.1247308,152263.0,57.042,15.984,-171.322,-4.384,-1.238,1.938,-0.852,0.153,0.534,100.934,-30.804,50.484,0.1,2.5,0.0,0.15087848750007093
1790077090.130455,152269.0,57.035,15.926,-171.319,-4.656,-1.538,1.981,-0.851,0.152,0.535,100.934,-30.804,50.484,-0.2,1.4,0.0,0.15087848750007093
1790077090.136445,152275.0,57.029,15.895,-171.318,-4.765,-1.639,2.004,-0.849,0.151,0.537,100.934,-30.804,50.484,-0.3,1.1,0.0,0.14787848750007093
1790077090.145519,152281.0,57.024,15.863,-171.317,-4.816,-1.638,2.013,-0.846,0.149,0.54,100.934,-30.804,50.484,-0.1,0.1,0.0,0.14487848750007093
1790077090.1589918,152288.0,57.017,15.83,-171.318,-4.751,-1.551,1.967,-0.844,0.148,0.543,100.934,-30.804,50.484,-0.1,0.3,0.0,0.14187848750007093
1790077090.159074,152294.0,57.005,15.765,-171.322,-4.483,-1.476,1.803,-0.841,0.147,0.546,100.934,-30.804,50.484,-0.1,0.2,0.0,0.14187848750007093
1790077090.163241,152299.0,56.999,15.733,-171.324,-4.296,-1.344,1.719,-0.841,0.148,0.547,100.934,-30.804,50.484,0.0,0.0,0.0,0.13887848750007092
1790077090.191535,152305.0,56.995,15.703,-171.326,-4.083,-1.123,1.681,-0.842,0.149,0.547,100.934,-30.804,50.484,0.3,0.1,0.0,0.13887848750007092
1790077090.191621,152311.0,56.992,15.675,-171.327,-3.913,-0.892,1.642,-0.843,0.15,0.546,100.934,-30.804,50.484,-0.1,0.1,0.0,0.13887848750007092
1790077090.191655,152317.0,56.99,15.648,-171.327,-3.788,-0.717,1.589,-0.845,0.151,0.544,100.934,-30.804,50.484,0.0,0.0,0.0,0.13887848750007092
1790077090.191951,152323.0,56.989,15.622,-171.326,-3.669,-0.575,1.548,-0.846,0.152,0.542,100.932,-30.804,50.484,-0.1,-0.2,0.0,0.13887848750007092
1790077090.1920252,152329.0,56.992,15.573,-171.325,-3.402,-0.316,1.413,-0.848,0.152,0.539,100.932,-30.804,50.484,0.0,0.0,0.0,0.13887848750007092
1790077090.195839,152335.0,56.995,15.55,-171.325,-3.208,-0.21,1.329,-0.849,0.152,0.537,100.932,-30.804,50.484,-0.1,0.1,0.0,0.13287848750007092
1790077090.201099,152340.0,56.998,15.528,-171.325,-2.991,-0.124,1.263,-0.85,0.152,0.536,100.932,-30.804,50.484,0.0,0.0,0.0,0.13287848750007092
1790077090.208077,152346.0,57.002,15.507,-171.325,-2.792,-0.059,1.217,-0.851,0.152,0.535,100.932,-30.804,50.484,0.3,-0.1,0.0,0.12987848750007092
1790077090.213537,152352.0,57.008,15.487,-171.325,-2.615,0.047,1.184,-0.853,0.153,0.534,100.932,-30.804,50.484,-0.1,0.0,0.0,0.12987848750007092
1790077090.220028,152357.0,57.013,15.468,-171.325,-2.457,0.109,1.179,-0.854,0.153,0.533,100.932,-30.804,50.484,0.0,0.0,0.0,0.1268784875000709
1790077090.2244449,152363.0,57.019,15.45,-171.324,-2.323,0.129,1.198,-0.856,0.153,0.532,100.932,-30.804,50.484,0.1,0.0,0.0,0.12387848750007091
1790077090.230345,152369.0,57.032,15.416,-171.322,-2.076,0.151,1.231,-0.857,0.151,0.531,100.932,-30.804,50.484,-0.1,0.1,0.0,0.12387848750007091
1790077090.2359009,152374.0,57.039,15.4,-171.321,-1.918,0.159,1.263,-0.858,0.15,0.531,100.932,-30.804,50.472,-0.2,-0.3,0.0,0.12087848750007091
1790077090.24125,152380.0,57.046,15.385,-171.32,-1.76,0.144,1.284,-0.858,0.149,0.53,100.933,-30.804,50.484,0.3,0.2,0.0,0.12087848750007091
1790077090.246772,152385.0,57.053,15.37,-171.319,-1.571,0.145,1.292,-0.858,0.149,0.529,100.933,-30.804,50.484,0.0,-0.2,0.0,0.1178784875000709
1790077090.254102,152391.0,57.06,15.357,-171.318,-1.379,0.105,1.318,-0.858,0.149,0.527,100.933,-30.804,50.484,0.0,0.1,0.0,0.1178784875000709
1790077090.259891,152396.0,57.067,15.346,-171.316,-1.231,0.002,1.377,-0.859,0.149,0.525,100.933,-30.804,50.484,-0.1,0.0,0.0,0.1148784875000709
1790077090.263464,152402.0,57.074,15.335,-171.314,-1.128,-0.062,1.451,-0.858,0.149,0.523,100.933,-30.804,50.484,-0.3,0.0,0.0,0.1148784875000709
1790077090.2691379,152408.0,57.08,15.326,-171.311,-1.024,-0.138,1.505,-0.858,0.149,0.521,100.933,-30.804,50.484,0.0,-0.1,0.0,0.1148784875000709
1790077090.275115,152413.0,57.087,15.317,-171.307,-0.905,-0.245,1.563,-0.858,0.149,0.519,100.933,-30.804,50.484,0.2,0.1,0.0,0.1088784875000709
1790077090.286861,152419.0,57.098,15.303,-171.299,-0.692,-0.432,1.658,-0.856,0.148,0.516,100.933,-30.804,50.472,0.0,-0.3,0.0,0.1088784875000709
1790077090.287008,152425.0,57.103,15.297,-171.295,-0.591,-0.56,1.721,-0.856,0.148,0.516,100.933,-30.804,50.472,0.1,-0.2,0.0,0.1088784875000709
1790077090.29147,152430.0,57.108,15.292,-171.29,-0.466,-0.674,1.784,-0.855,0.148,0.515,100.933,-30.804,50.484,0.0,0.3,0.0,0.1058784875000709
1790077090.296119,152435.0,57.112,15.287,-171.286,-0.39,-0.769,1.865,-0.855,0.147,0.516,100.933,-30.804,50.484,0.0,0.2,0.0,0.10287848750007089
1790077090.305111,152441.0,57.115,15.282,-171.281,-0.339,-0.875,1.93,-0.855,0.146,0.516,100.932,-30.804,50.472,0.0,-0.3,0.0,0.10287848750007089
1790077090.3073668,152446.0,57.117,15.277,-171.277,-0.259,-0.998,1.984,-0.855,0.144,0.517,100.932,-30.804,50.484,0.0,0.4,0.0,0.09987848750007089
1790077090.3129642,152451.0,57.119,15.272,-171.273,-0.172,-1.112,2.042,-0.855,0.143,0.518,100.932,-30.804,50.484,-0.3,0.0,0.0,0.09987848750007089
1790077090.318053,152456.0,57.12,15.268,-171.269,-0.096,-1.21,2.105,-0.854,0.142,0.518,100.932,-30.804,50.484,-0.2,0.0,0.0,0.09687848750007089
1790077090.323607,152462.0,57.12,15.264,-171.264,-0.003,-1.324,2.177,-0.853,0.142,0.519,100.932,-30.804,50.484,0.1,0.0,0.0,0.09687848750007089
1790077090.328602,152467.0,57.119,15.261,-171.26,0.082,-1.412,2.255,-0.853,0.142,0.519,100.932,-30.804,50.484,0.0,0.2,0.0,0.09387848750007088
1790077090.336777,152473.0,57.119,15.259,-171.254,0.16,-1.47,2.329,-0.852,0.142,0.518,100.932,-30.804,50.484,0.3,0.0,0.0,0.09387848750007088
1790077090.339744,152478.0,57.117,15.258,-171.248,0.269,-1.551,2.406,-0.852,0.143,0.518,100.932,-30.804,50.484,0.0,-0.1,0.0,0.09087848750007088
1790077090.3457012,152484.0,57.114,15.259,-171.233,0.391,-1.693,2.554,-0.85,0.143,0.516,100.932,-30.804,50.484,-0.2,0.0,0.0,0.08787848750007088
1790077090.3549252,152489.0,57.111,15.261,-171.225,0.432,-1.756,2.611,-0.85,0.144,0.515,100.932,-30.804,50.484,0.0,-0.1,0.0,0.08787848750007088
1790077090.3565361,152495.0,57.109,15.264,-171.216,0.504,-1.823,2.66,-0.85,0.144,0.514,100.932,-30.804,50.484,0.0,0.0,0.0,0.08487848750007088
1790077090.3623402,152501.0,57.106,15.267,-171.207,0.544,-1.885,2.712,-0.849,0.144,0.514,100.933,-30.804,50.484,0.2,0.2,0.0,0.08487848750007088
1790077090.368502,152507.0,57.103,15.271,-171.198,0.546,-1.941,2.763,-0.849,0.144,0.514,100.933,-30.804,50.484,-0.1,0.0,0.0,0.08187848750007087
1790077090.374232,152513.0,57.099,15.274,-171.188,0.534,-1.996,2.806,-0.849,0.144,0.514,100.933,-30.804,50.484,0.4,-0.1,0.0,0.08187848750007087
1790077090.379144,152518.0,57.096,15.278,-171.178,0.514,-2.067,2.858,-0.849,0.145,0.514,100.933,-30.804,50.484,-0.1,0.2,0.0,0.07887848750007087
1790077090.38513,152524.0,57.086,15.287,-171.157,0.485,-2.208,2.968,-0.849,0.145,0.514,100.933,-30.804,50.484,-0.1,0.0,0.0,0.07587848750007087
1790077090.3907342,152529.0,57.081,15.292,-171.146,0.499,-2.268,3.017,-0.848,0.146,0.514,100.933,-30.804,50.484,0.1,-0.1,0.0,0.07587848750007087
1790077090.396833,152535.0,57.076,15.298,-171.134,0.524,-2.329,3.068,-0.848,0.147,0.514,100.933,-30.804,50.472,0.0,-0.2,0.0,0.07287848750007087
1790077090.403543,152541.0,57.07,15.304,-171.122,0.555,-2.355,3.114,-0.847,0.147,0.514,100.933,-30.804,50.484,0.0,0.1,0.0,0.07287848750007087
1790077090.408045,152546.0,57.064,15.311,-171.109,0.586,-2.386,3.142,-0.847,0.148,0.514,100.933,-30.804,50.484,-0.1,0.0,0.0,0.06987848750007086
1790077090.41341,152552.0,57.057,15.318,-171.096,0.592,-2.432,3.169,-0.846,0.149,0.513,100.933,-30.804,50.484,0.1,0.0,0.0,0.06987848750007086
1790077090.421927,152557.0,57.051,15.326,-171.082,0.59,-2.453,3.191,-0.845,0.149,0.513,100.933,-30.804,50.484,0.0,0.0,0.0,0.06687848750007086
1790077090.423588,152562.0,57.044,15.334,-171.069,0.552,-2.476,3.216,-0.845,0.149,0.513,100.933,-30.804,50.484,-0.1,0.0,0.0,0.06387848750007086
1790077090.4293609,152568.0,57.037,15.341,-171.055,0.487,-2.514,3.234,-0.845,0.15,0.513,100.934,-30.804,50.484,0.0,0.0,0.0,0.06387848750007086
1790077090.4417632,152573.0,57.03,15.349,-171.041,0.456,-2.537,3.253,-0.845,0.15,0.513,100.934,-30.804,50.472,-0.1,-0.3,0.0,0.060878487500070855
1790077090.441848,152579.0,57.016,15.365,-171.012,0.441,-2.55,3.334,-0.845,0.15,0.513,100.934,-30.804,50.484,-0.1,0.1,0.0,0.060878487500070855
1790077090.4462578,152584.0,57.016,15.365,-171.012,0.441,-2.55,3.334,-0.845,0.15,0.513,100.934,-30.804,50.472,0.2,-0.1,0.0,0.05787848750007085
1790077090.456767,152590.0,57.001,15.379,-170.984,0.407,-2.582,3.337,-0.845,0.149,0.514,100.934,-30.804,50.484,0.1,0.2,0.0,0.05787848750007085
1790077090.4575639,152596.0,56.994,15.386,-170.97,0.401,-2.599,3.324,-0.846,0.149,0.515,100.934,-30.804,50.484,0.0,0.0,0.0,0.0
